numerical__Programming,numerical__Databases,numerical__Problem_Solving,numerical__Communication,numerical__Cloud_Computing,numerical__Teamwork,numerical__Aptitude,numerical__Data_Analysis,numerical__Overall_Skill_Score,categorical__Training_Recommendation_Aptitude,categorical__Training_Recommendation_Cloud_Computing,categorical__Training_Recommendation_Communication,categorical__Training_Recommendation_Data_Analysis,categorical__Training_Recommendation_Databases,categorical__Training_Recommendation_Problem_Solving,categorical__Training_Recommendation_Programming,categorical__Training_Recommendation_Teamwork,Skill_Gap_Category
-0.6972836622758649,0.9023411986390086,2.0587837068686703,0.737957498188866,0.8886143973671238,-0.49608718443999744,-0.6297665619055428,0.362775437956049,1.1580840124591545,0.0,0.0,0.0,0.0,0.0,0.0,1.0,0.0,Low
2.1379109435320673,0.22839877309163756,-0.292133973047216,0.44302184267896316,-1.1553618635651275,-0.2014007377636658,0.763047661344612,-1.7614423899957046,-0.06676807985715101,0.0,0.0,0.0,1.0,0.0,0.0,0.0,0.0,Medium
-0.47183445265740265,-0.04243790259562474,-0.9988515578072067,-1.1925304287850413,-0.13908316399546056,0.1320602413700773,0.45940095864552644,-0.23807474766459016,-0.8682841955664375,0.0,0.0,1.0,0.0,0.0,0.0,0.0,0.0,Medium
-0.46500265842654054,2.0864643388530832,2.2751258246523407,-1.2796705088220577,-0.5273244649546593,-1.1319895167415541,0.195360347602843,-0.16524442213481558,0.3565678967498667,0.0,0.0,1.0,0.0,0.0,0.0,0.0,0.0,Medium
2.055929412761717,0.5496236675114126,-1.0060629617333285,-0.8975947732751389,-0.8413431642598934,-0.5193519039144444,0.3933908058848556,-1.0695542974628476,-0.5089189887578129,0.0,0.0,0.0,1.0,0.0,0.0,0.0,0.0,Medium
-0.06875859303651653,1.6392688976020229,-0.933948922472105,1.9780278679464105,-0.47023015599007134,0.10104061540414724,-0.6165645313534089,-1.743234808613261,-0.0799385324627014,0.0,0.0,0.0,1.0,0.0,0.0,0.0,0.0,Medium
0.2181767646597081,1.3054469484991194,-0.4147278397912962,-2.3655699677448805,-1.5093465791455731,2.342208591442562,0.7036385238600088,0.5023668952214498,0.1307887092261234,0.0,0.0,1.0,0.0,0.0,0.0,0.0,0.0,Medium
2.178901708917242,0.20320466372538032,-0.3354023966039502,-0.8975947732751389,0.7173314704733597,0.4112368750634433,0.1557542559464399,-0.05599893384015415,0.8551636025314664,0.0,0.0,1.0,0.0,0.0,0.0,0.0,0.0,Low
0.5597664762028324,-0.6219024180195329,-1.1070226166990418,0.8385037443854236,-0.12195487130608433,1.0548941138564836,0.1029461337379034,2.3838169714072888,1.1242171343305918,0.0,0.0,0.0,0.0,0.0,1.0,0.0,0.0,Low
-1.2574907892065885,-2.1083548706286894,1.5611968359662276,0.617302002752997,-2.257282026581676,0.7136782282312575,-1.098438646506306,-0.7236102511964195,-1.878646059735186,0.0,1.0,0.0,0.0,0.0,0.0,0.0,0.0,High
-1.3189769372843514,-0.9872170038302577,0.13333885859400252,0.08775843945112627,0.8258106575060764,-1.1785189556904485,0.7696486766206797,-0.48084249943050483,-0.678253379400621,0.0,0.0,0.0,0.0,0.0,0.0,1.0,0.0,Medium
-0.5059934238117151,0.20950319106694418,-0.3858822240868069,-0.4015666253721208,1.6137121212173917,0.9075508905183175,0.4990070503019286,-0.8632017084618203,0.42053866654826116,0.0,0.0,0.0,1.0,0.0,0.0,0.0,0.0,Medium
-0.15074012380686558,0.36066784726448586,0.08285903111114587,1.0798147352571617,-0.0991171477202492,-0.29445961566145484,-0.8145949896354214,-1.4276367313175717,-0.484459576776075,0.0,0.0,0.0,1.0,0.0,0.0,0.0,0.0,Medium
-0.041431416113066194,-0.5652156719454551,1.8857100126417334,0.1145707717702087,0.7230409013698181,0.6593938827908804,0.7894517224488807,-0.274489910429477,1.1016392155782193,0.0,0.0,0.0,0.0,1.0,0.0,0.0,0.0,Low
1.0653192492866568,-0.28808046891662886,0.9338046943935829,0.7111451658697836,1.2254708202581925,-1.1319895167415541,1.4099471583991863,-0.001376189692823002,1.4760563682217587,0.0,0.0,0.0,0.0,0.0,0.0,0.0,1.0,Low
-0.2258898603463535,-0.43294659777260625,0.501120458826242,-1.6483400782094357,0.8201012266096179,1.0393843008735186,-0.1874985384090483,0.8786569104586177,0.2719007014284626,0.0,0.0,1.0,0.0,0.0,0.0,0.0,0.0,Medium
-0.45817086419567793,-0.8108582382664596,-1.31615333055659,-1.2729674257422872,0.8543578119883705,0.38797215558899634,0.3537847142284525,1.479507096079256,-0.16648722101346963,0.0,0.0,0.0,0.0,0.0,1.0,0.0,0.0,Medium
0.7988792742830194,0.285085519165715,-0.3137681848255834,0.9323469075022102,0.5175013890973016,-0.41853811952517284,-0.5241503174884697,-2.3016006376748646,-0.38662192884911917,0.0,0.0,0.0,1.0,0.0,0.0,0.0,0.0,Medium
0.368476237738683,0.19060760904225169,-0.9700059421027168,-0.8774855240358271,1.516651795977592,-0.783018724624846,0.2547694850874462,-1.1727305919633617,-0.4035553679134005,0.0,0.0,0.0,1.0,0.0,0.0,0.0,0.0,Medium
-0.5059934238117151,-1.3714271716656754,0.35689238030379494,0.48994342423735693,-0.2532717819246366,-0.4573126519825854,1.225118730669308,0.22925317448479576,-0.11568690382062691,0.0,0.0,0.0,0.0,1.0,0.0,0.0,0.0,Medium
0.9970013069780319,0.10872675360191697,0.652559941274812,0.14138310408929017,-0.4245547088184007,0.16307986733600735,0.8158557835531485,-0.9663780029623342,0.4374721056125425,0.0,0.0,0.0,1.0,0.0,0.0,0.0,0.0,Low
0.21134497042884598,0.7952662338324176,0.16939587822461427,-1.6416369951296652,-0.5901282048157063,0.00798173750635929,-1.2964691047883186,-0.5961571815193142,-1.0846559169433574,0.0,0.0,1.0,0.0,0.0,0.0,0.0,0.0,Medium
0.28649470696833296,-0.7226788554845606,-2.2320016291741283,-0.3412388776541863,-0.1676303184777546,1.7063062591410048,0.34718369895238577,0.921141267017653,-0.08934599860952347,0.0,0.0,0.0,0.0,0.0,1.0,0.0,0.0,Medium
-0.8885739007400144,-0.3069760509413218,-0.4435734554957855,-2.345460718505569,-2.28582918106397,-1.0854600777926602,2.2614781290118406,-0.2562823290470336,-1.9520242956804026,0.0,1.0,0.0,0.0,0.0,0.0,0.0,0.0,High
1.5093858742927184,1.4503130773550963,1.063609965063786,0.12127385484997882,-0.6472225137802943,2.342208591442562,-1.1182416923345075,-0.23807474766459016,1.402678132276542,1.0,0.0,0.0,0.0,0.0,0.0,0.0,0.0,Low
-0.4854980411191278,-0.6785891640936108,0.9698617140241947,-1.1925304287850413,0.3690561857893723,-1.0466855453352482,-0.19409955368511547,-0.6568491194607929,-1.011277680998141,0.0,0.0,1.0,0.0,0.0,0.0,0.0,0.0,Medium
-0.5538159834277526,0.35436931992292203,0.15497307037236938,-1.7622924905655346,-1.4122862539057737,-0.5581264363718564,0.9280730432462891,0.751203840781512,-0.7553946018045659,0.0,0.0,1.0,0.0,0.0,0.0,0.0,0.0,Medium
1.564040228139618,-1.3273374802747255,0.8689020590584824,0.677629750470931,-1.0183355220501165,1.5667179422943218,-0.2271046300654509,-0.3594586235475475,0.3998422410252515,0.0,0.0,0.0,0.0,1.0,0.0,0.0,0.0,Medium
-0.00044065072789166643,0.001651788795325004,-0.018100623854566417,-0.03960013906451333,0.22061098248144378,0.8222469191120115,-1.0720345854020377,0.47809012004485796,0.1232627363086668,1.0,0.0,0.0,0.0,0.0,0.0,0.0,0.0,Medium
0.6622433896657697,0.014248843478453628,0.6814055569793007,-0.3881604592125801,-0.3160755217856835,-0.736489285675952,-0.5835594549730735,0.9272104608118005,0.11761825662057301,1.0,0.0,0.0,0.0,0.0,0.0,0.0,0.0,Medium
0.6759069781274949,-0.9809184764886933,0.025167799702167273,0.9189407413426699,0.5460485435795956,0.5120506594527154,-0.14789244675264568,0.26566833724968264,0.6275029217783576,0.0,0.0,0.0,0.0,1.0,0.0,0.0,0.0,Low
-0.29420780265497837,-0.2502893048672439,0.501120458826242,-1.0584687671896311,0.2491581369637378,-1.3956563374519562,2.089851731834097,-0.6689875070490884,-0.23798396372932198,0.0,0.0,1.0,0.0,0.0,0.0,0.0,0.0,Medium
1.003833101208894,-1.4848006638138311,-2.260847244878618,-0.4954097884889083,0.5403391126831364,0.4577663140123384,-0.29311478282612174,-0.09848329039918896,-0.9002695804656348,0.0,0.0,0.0,0.0,0.0,1.0,0.0,0.0,Medium
-1.5649215295954004,1.0849984915443716,0.5155432666784868,0.44972492575873424,-1.0126260911536575,0.9153057970097995,-2.2998234267505158,-0.5233268559895397,-0.9698848299521217,1.0,0.0,0.0,0.0,0.0,0.0,0.0,0.0,Medium
-0.34203036227101546,-0.19990108613472984,0.6814055569793007,1.3010164768895882,-0.5901282048157063,0.21736421277638326,1.0864974098718996,-0.8874784836384116,0.3528049102911384,0.0,0.0,0.0,1.0,0.0,0.0,0.0,0.0,Medium
-0.4513390699648154,1.1983719836925273,0.926593290467461,-1.0450626010300899,-1.0982675546005396,-0.6046558753207509,1.7201948763743395,0.38705221313264,0.3546864035205039,0.0,1.0,0.0,0.0,0.0,0.0,0.0,0.0,Medium
-0.5674795718894778,-0.6030068359948401,1.1068783886205198,0.5301619227159796,-0.5044867413688242,-0.2014007377636658,-0.5175493022124026,0.7390654531932169,-0.04042717464604758,0.0,1.0,0.0,0.0,0.0,0.0,0.0,0.0,Medium
-1.7562117680595504,-0.18100550411003735,0.9338046943935829,-1.4070290873376974,-2.725455360091298,0.48878593997826736,-0.4845442258320672,0.7694114221639563,-1.7093116690923793,0.0,1.0,0.0,0.0,0.0,0.0,0.0,0.0,High
-1.0730323449733017,1.3999248586225825,-0.8906804989153714,-0.07981863754313649,0.7458786249556537,0.6981684152482924,0.5518151725104651,0.1442844613667257,0.606806496255348,0.0,0.0,0.0,0.0,0.0,0.0,1.0,0.0,Low
0.4641213569707582,-0.5526186172623264,-1.5324954483402604,0.060946107132043854,-1.3266447904588916,0.7834723866545995,0.20856237815497736,-0.1773828097231115,-0.8287728377497824,0.0,1.0,0.0,0.0,0.0,0.0,0.0,0.0,Medium
0.532439299279383,0.32917521055666477,1.9506126479768349,-1.7622924905655346,0.9114521209529585,-1.5197348413156742,-0.49114524110813434,0.635889158692703,0.3095305660157536,0.0,0.0,1.0,0.0,0.0,0.0,0.0,0.0,Medium
-0.26004883150066593,0.23469730043320142,0.4866976509739981,0.3558817626419467,-0.3160755217856835,-0.4262930260166559,-0.2271046300654509,-0.5476036311661311,-0.2699693486285192,0.0,0.0,0.0,1.0,0.0,0.0,0.0,0.0,Medium
0.12253164542763385,0.996819108762472,0.37131518815603987,2.0584648649036565,-2.742583652780674,-1.2948425530626846,-1.1644487992669768,0.12607687998428185,-0.6312160486665079,0.0,1.0,0.0,0.0,0.0,0.0,0.0,0.0,Medium
1.8578073800667048,0.1717120270175592,-0.6527041693533335,-0.24739571453739925,0.4432787874433374,-0.6899598467270575,2.2614781290118406,-0.08027570901674554,1.1524395327710608,0.0,0.0,0.0,0.0,0.0,1.0,0.0,0.0,Low
-2.022651743063187,-0.017243793229367484,-0.9411603263982276,1.099923984496473,0.9742558608140057,-1.7756467555345938,0.3999918211609223,0.00469300410132452,-0.6161641028315907,0.0,0.0,0.0,0.0,0.0,0.0,1.0,0.0,Medium
1.2224505165964936,-2.3917886009990794,-0.16954010630313637,-0.04630322214428394,-0.5330338958511183,-0.5581264363718564,1.0930984251479663,0.4598825386624146,-0.3659255033261095,0.0,0.0,0.0,0.0,1.0,0.0,0.0,0.0,Medium
-0.08242218149824072,0.09612969891878834,1.3160091024780682,-0.3412388776541863,-0.4473924324042362,0.6206193503334684,-0.8608020965678908,-0.8449941270793768,-0.31324369290390264,1.0,0.0,0.0,0.0,0.0,0.0,0.0,0.0,Medium
-0.06875859303651653,-0.9809184764886933,-0.7536638243190463,-0.6696899485629412,0.22061098248144378,0.8610214515694236,-0.9532163104328304,0.016831391689620428,-0.8513507565021562,1.0,0.0,0.0,0.0,0.0,0.0,0.0,0.0,Medium
-0.7519380161227647,1.771537971774872,-0.13348308667252462,-0.7032053639617938,-1.343773083148268,0.00022683101487622702,-0.048877217611639386,-1.1363154291984743,-0.8983880872362693,0.0,1.0,0.0,0.0,0.0,0.0,0.0,0.0,Medium
-0.8202559584313895,-0.9179332030730512,0.44342922741726337,0.4564280088385044,1.2540179747404865,-0.620165688303716,-0.0554782328877061,-2.696098234294476,-1.05643351850289,0.0,0.0,0.0,1.0,0.0,0.0,0.0,0.0,Medium
0.34114906081523266,2.2187334130259315,0.7246739805360354,0.2620385995251592,0.7173314704733597,-0.8450579765567056,1.5155634028162601,0.3384986627794572,1.9840595401501804,0.0,0.0,0.0,0.0,0.0,0.0,0.0,1.0,Low
0.38897162043127026,-0.23139372284255097,0.7318853844621573,-0.7032053639617938,-1.1153958472899157,-0.8683226960311525,-0.4119330577953291,0.21104559310235235,-0.7478686288871079,0.0,1.0,0.0,0.0,0.0,0.0,0.0,0.0,Medium
0.07470908581159626,2.023479065437441,-1.2945191187782226,0.4229125934396518,-0.8070865788811405,-0.08507714039142976,-0.03567518705950503,-1.0574159098745521,-0.2737323350872475,0.0,0.0,0.0,0.0,0.0,1.0,0.0,0.0,Medium
-0.1780673007303159,-0.5022303985298128,-0.4147278397912962,-0.8573762747965158,0.5860145598548074,-0.7519990986589165,-0.3723269661389265,2.080357281699895,0.0028471696293372005,0.0,0.0,1.0,0.0,0.0,0.0,0.0,0.0,Medium
0.7988792742830194,-0.8360523476327164,-0.09021466311578992,-0.5892529516056954,0.6431088688193954,0.5430702854186444,0.22176440870711076,1.958973405816938,0.9943941015044402,0.0,0.0,0.0,0.0,1.0,0.0,0.0,0.0,Low
-0.6084703372746524,-0.3636627970153997,-0.6743383811317009,-0.2004741329790055,-0.8527620260528108,0.03124645698080628,0.11614816429003777,-0.4747733056363569,-1.120404288301283,0.0,1.0,0.0,0.0,0.0,0.0,0.0,0.0,Medium
1.6665171416025553,0.20320466372538032,0.3208353606731832,-0.17366180065992354,0.5175013890973016,-0.13160657934032483,-0.2337056453415176,-1.118107847816031,0.3490419238324101,0.0,0.0,0.0,1.0,0.0,0.0,0.0,0.0,Medium
1.3044320473668438,-0.6219024180195329,2.368874075691931,-0.04630322214428394,0.04932805558767973,0.5430702854186444,1.87861924299995,1.0546635304889054,2.236179632885027,0.0,0.0,0.0,0.0,1.0,0.0,0.0,0.0,Low
-0.8134241642005269,-1.2328595701512624,0.3064125528209393,-1.5276845827735668,-0.12195487130608433,1.1557078982457547,2.1690639151469013,-1.828203521731331,-0.811839398685501,0.0,0.0,0.0,1.0,0.0,0.0,0.0,0.0,Medium
-1.4214538507472885,1.3369395852069403,-0.29934537697333846,0.22852318412630662,0.04932805558767973,1.9234436409025117,-1.1710498145430441,-0.09848329039918896,0.14019617537294815,0.0,0.0,0.0,0.0,0.0,0.0,1.0,0.0,Medium
-0.6767882795832773,0.020547370820017494,1.0491871572115412,1.414968889245687,-1.024044952946575,-0.69771475321854,-1.098438646506306,1.7344132354334667,0.2606117420522777,0.0,1.0,0.0,0.0,0.0,0.0,0.0,0.0,Medium
-0.0345996218822041,0.7889677064908528,-0.08300325918966797,1.046299319858309,-1.8519124329331011,0.1320602413700773,-0.8211960049114887,-0.923893646403299,-0.7497501221164721,0.0,1.0,0.0,0.0,0.0,0.0,0.0,0.0,Medium
-0.7109472507375897,1.1164911282521925,-0.7969322478757805,-0.5892529516056954,0.5403391126831364,0.07002098943821829,-0.8079939743593543,0.06538494204280319,-0.31324369290390264,1.0,0.0,0.0,0.0,0.0,0.0,0.0,0.0,Medium
0.293326501199196,1.0975955462275,1.93618984012459,-1.0249533517907785,0.2434487060672789,0.9928548619246235,0.4726029891976608,-1.482259475464903,0.7780223801275217,0.0,0.0,0.0,1.0,0.0,0.0,0.0,0.0,Medium
0.5256075050485199,-0.02984084791249611,0.07564762718502392,-1.6349339120498951,-1.0925581237040807,1.1557078982457547,0.8158557835531485,0.15035365516087368,-0.12885735642617996,0.0,0.0,1.0,0.0,0.0,0.0,0.0,0.0,Medium
-1.6332394719040253,0.36066784726448586,0.501120458826242,0.0274306917331913,-0.2532717819246366,-1.1242346102500722,-0.4713421952799328,0.19890720551405644,-0.7911429731624914,0.0,0.0,0.0,0.0,0.0,0.0,1.0,0.0,Medium
-0.3215349795784282,-1.0124111131965146,0.28477834104257144,-0.12674021910153024,-0.6986073918484234,0.4810310334867854,-0.5109482869363354,0.1928380117199085,-0.6895423387768073,0.0,0.0,0.0,0.0,1.0,0.0,0.0,0.0,Medium
0.0132229377338335,-0.2502893048672439,0.9121704826152162,-1.9365726506395682,-1.2410033270120095,-1.2172934881478605,-1.0390295090217023,-0.30483587940021634,-1.839134701918531,0.0,0.0,1.0,0.0,0.0,0.0,0.0,0.0,High
0.4914485338942075,0.06463706221096722,0.7751538080188921,2.380212852732641,1.345368869083828,2.342208591442562,0.426395882265191,0.84224174769373,3.024525295988762,0.0,0.0,0.0,0.0,1.0,0.0,0.0,0.0,Low
-0.8134241642005269,0.1528164449928667,1.5467740281139828,1.0597054860178503,0.9457087063317118,0.6206193503334684,1.0204872571112287,0.08359252342524705,1.6265758265709198,0.0,0.0,0.0,0.0,0.0,0.0,1.0,0.0,Low
-0.46500265842654054,-0.3636627970153997,0.08285903111114587,-0.06641247138359528,0.8943238282635823,-1.1707640491989662,-0.3855289966910609,1.0182483677240184,-0.021612242352400748,0.0,0.0,0.0,0.0,0.0,0.0,0.0,1.0,Medium
1.3454228127520182,0.12762233562660946,-1.8930656446463778,0.20171085180722514,-0.007766253376908292,-0.8683226960311525,-0.06207924816377375,1.2367393443133414,0.15524812120786402,0.0,0.0,0.0,0.0,0.0,1.0,0.0,0.0,Medium
-0.41718009881050294,0.5055339761204628,0.4362178234911414,-0.3546450438137275,-0.1562114566848372,-0.16262620530625377,-1.5143026088985327,0.12607687998428185,-0.5409043736570102,1.0,0.0,0.0,0.0,0.0,0.0,0.0,0.0,Medium
-1.1071913161276141,1.0472073274949865,1.07803277291603,-1.346701339619763,-1.4807994246632792,-0.9303619479630121,-0.002670110679169597,-0.8692709022559683,-1.3405389961369325,0.0,1.0,0.0,0.0,0.0,0.0,0.0,0.0,Medium
1.6596853473716933,0.20320466372538032,0.21987570570747092,0.5770835042743734,0.38047504758229006,0.49654084646975044,1.1063004557001006,0.3991906007209359,1.7770952849200812,0.0,0.0,0.0,0.0,0.0,1.0,0.0,0.0,Low
-0.8407513411239773,1.6581644796267154,-0.19838572200762516,0.06764919021181494,-0.8185054406740583,-0.899342321997082,0.21516339343104407,0.05931574824865567,-0.22105052466504063,0.0,1.0,0.0,0.0,0.0,0.0,0.0,0.0,Medium
-1.9679973892162874,1.6266718429188942,-0.19838572200762516,0.10116460561066748,0.23202984427436155,-1.27933274007972,-2.5770660683453332,-0.38373539872413887,-1.4590730695868979,1.0,0.0,0.0,0.0,0.0,0.0,0.0,0.0,High
0.614420830049732,0.9653264720546509,-0.8906804989153714,0.5837865873541445,-0.48735844867944755,-0.20915564425514885,1.2515227917735767,0.362775437956049,0.8081262717973534,0.0,0.0,0.0,0.0,0.0,1.0,0.0,0.0,Low
-0.3761893334253279,0.08353264423565972,-0.5228988986831314,0.7781759966674887,0.12355065724164399,0.4034819685719614,1.4627552806077238,0.00469300410132452,0.7008811577235742,0.0,0.0,0.0,0.0,0.0,1.0,0.0,0.0,Low
1.167796162749594,-0.6156038906779686,-0.10463747096803483,0.6307081689125372,0.8258106575060764,0.7989821996375635,1.4825583264359248,-0.0499297400460062,1.4515969562400206,0.0,0.0,0.0,0.0,1.0,0.0,0.0,0.0,Low
-1.5990805007497129,1.028311745470293,-0.27049976126884917,1.039596236778539,0.3347996004106198,0.5740899113845744,0.8950679668659537,-0.8814092898442637,0.3998422410252515,0.0,0.0,0.0,0.0,0.0,0.0,1.0,0.0,Medium
-1.6810620315200628,0.020547370820017494,0.21987570570747092,0.2754447656847004,1.2939839910156983,2.187110461612914,0.3933908058848556,0.8604493290761743,1.2672106197622965,0.0,0.0,0.0,0.0,0.0,0.0,1.0,0.0,Low
-0.184899094961178,1.1290881829353212,-1.6118208915276064,-1.018250268711008,-0.11624544040962545,1.985482892834372,-0.2337056453415176,-0.5840187939310183,-0.27937681477534126,0.0,0.0,0.0,0.0,0.0,1.0,0.0,0.0,Medium
-0.36252574496360324,-1.081694913953721,-0.03252343170681132,-1.4271383365770092,0.20348268979206754,-0.938116854454494,-1.2766660589601175,0.5084360890155973,-1.4985844274035531,0.0,0.0,1.0,0.0,0.0,0.0,0.0,0.0,Medium
0.9355151589002692,-1.724144702793272,0.42900641956501845,-0.9244071055942209,-0.007766253376908292,2.07854177073216,0.802653753001015,0.05931574824865567,0.42994613269508325,0.0,0.0,0.0,0.0,1.0,0.0,0.0,0.0,Medium
0.368476237738683,-1.025008167879643,0.4794862470478751,1.528921301601786,-1.886169018311854,-0.35649886759331384,0.056739026805433614,0.37491382554434494,-0.2831398012340709,0.0,1.0,0.0,0.0,0.0,0.0,0.0,0.0,Medium
-1.066200550742439,-0.2628863595503721,2.368874075691931,-0.18036488373969414,-1.0297543838430336,-0.5736362493548215,1.0732953793197653,-0.4747733056363569,-0.1551982616372834,0.0,1.0,0.0,0.0,0.0,0.0,0.0,0.0,Medium
-1.8586886815224877,-0.40145396106478515,1.4386029692221474,0.7044420827900134,0.3747656166858316,-0.28670470916997287,1.436351219503455,0.2353223682789433,0.5973990301085259,0.0,0.0,0.0,0.0,0.0,0.0,1.0,0.0,Low
-1.653734854596613,0.09612969891878834,-1.3594217541133242,-1.4204352534972386,-0.4131358470254833,-0.29445961566145484,2.2614781290118406,1.388469189167038,-0.3903849153078488,0.0,0.0,0.0,0.0,0.0,0.0,1.0,0.0,Medium
0.9013561877459567,-0.4959318711882485,-0.3354023966039502,0.5033495903968981,-0.23043405833880148,-0.37200868057627884,1.495760356988059,0.5266436703980416,0.7215775832465838,0.0,0.0,0.0,0.0,1.0,0.0,0.0,0.0,Low
0.5870936531262827,-0.06133348462031722,-2.9459306178602414,2.3399943542540176,-0.40171698523256555,0.20960930628490132,0.7762496918967464,-0.735748638784715,-0.07053106631587931,0.0,0.0,0.0,0.0,0.0,1.0,0.0,0.0,Medium
1.0789828377483819,-0.10542317601126651,-0.5661673222398657,-1.0986872656682543,-0.1333737330990021,-1.3491268985030618,0.7168405544121422,1.4370227395202217,0.11009228370311375,0.0,0.0,1.0,0.0,0.0,0.0,0.0,0.0,Medium
0.8398700396681948,-0.04243790259562474,-0.22723133771211498,-1.5880123304915013,-0.04773226965212007,-0.9924011998948711,-0.7155797604944152,1.0971478870479405,-0.5089189887578129,0.0,0.0,1.0,0.0,0.0,0.0,0.0,0.0,Medium
0.09520446850418353,-0.5400215625791978,-0.8906804989153714,-1.0115471856312372,-0.1562114566848372,-0.6744500337440924,-0.8476000660157569,-0.8874784836384116,-1.7281266013860248,0.0,0.0,1.0,0.0,0.0,0.0,0.0,0.0,High
-0.9568918430486393,1.2739543117912981,0.032379203628289215,-0.7434238624404169,0.17493553530977352,-1.4576955893838153,-0.728781791046549,-0.8510633208735244,-1.0639594914203478,0.0,0.0,0.0,0.0,0.0,0.0,1.0,0.0,Medium
0.5597664762028324,0.20950319106694418,-0.8474120753586372,-0.38145737613280944,1.0541878933644284,-0.4262930260166559,0.9478760890744903,-2.192355149380203,-0.347110571032464,0.0,0.0,0.0,1.0,0.0,0.0,0.0,0.0,Medium
-1.7493799738286877,-0.17470697676847305,-0.5517445143876207,0.02072760865342117,2.1047231783128484,-0.17038111179773685,1.5089623875401925,0.04110816686621181,0.5296652738514032,0.0,0.0,0.0,0.0,0.0,0.0,1.0,0.0,Medium
0.8330382454373318,0.6000118862439262,-0.2632883573427267,-1.0651718502694016,0.2719958605495729,-0.4495577454911029,-1.1050396617823732,0.2535299496613876,-0.2680878553991537,1.0,0.0,0.0,0.0,0.0,0.0,0.0,0.0,Medium
-2.569195281532186,0.15911497233443056,1.3304319103303122,-0.36805120997326823,-1.9261350345870658,-1.0777051713011776,1.1063004557001006,1.2488777319016373,-0.7629205747220238,0.0,0.0,0.0,0.0,0.0,0.0,1.0,0.0,Medium
1.5708720223704802,-1.0187096405380789,1.2655292749952116,0.19500776872745407,0.20348268979206754,1.0781588333309307,-0.5241503174884697,-0.36552781734169504,0.7234590764759493,0.0,0.0,0.0,0.0,1.0,0.0,0.0,0.0,Medium
1.6323581704482428,0.3102796285319723,0.7390967883882803,0.06764919021181494,1.1569576495006877,-1.4732054023667802,-1.2370599673037148,-1.008862359521369,0.14019617537294815,1.0,0.0,0.0,0.0,0.0,0.0,0.0,0.0,Medium
-0.6631246911215525,0.6315045229517473,-0.22001993378599305,-1.1254995979873361,0.8143917957131594,-0.49608718443999744,1.4825583264359248,0.9393488484000964,0.6180954556315356,0.0,0.0,1.0,0.0,0.0,0.0,0.0,0.0,Low
-0.10974935842169105,1.3936263312810186,-0.32819099267782775,0.07435227329158506,0.2777052914460318,-0.27894980267848984,-0.6429685924576771,-0.9481704215798904,-0.16460572778410548,0.0,0.0,0.0,1.0,0.0,0.0,0.0,0.0,Medium
1.0516556608249317,0.49923544877889897,0.37131518815603987,-1.3601075057793042,-0.45881129419715355,-0.6744500337440924,0.9412750737984236,-1.0756234912569957,-0.2831398012340709,0.0,0.0,1.0,0.0,0.0,0.0,0.0,0.0,Medium
0.6212526242805951,2.1305540302440322,0.8039994237233808,-0.837267025557204,0.6031428525441836,1.1634628047372366,0.18875933232677533,0.06538494204280319,1.67173166407567,0.0,0.0,1.0,0.0,0.0,0.0,0.0,0.0,Low
-0.6016385430437903,1.3558351672316329,-0.37145941623456197,-0.1535525514206122,0.3347996004106198,-1.240558207622308,0.017132935149031473,-1.7796499713781484,-0.7986689460799493,0.0,0.0,0.0,1.0,0.0,0.0,0.0,0.0,Medium
1.249777693519944,1.3873278039394539,1.6188880673752062,0.20171085180722514,0.35192789309999606,0.8842861710438705,-0.048877217611639386,0.089661717219395,1.9784150604620867,1.0,0.0,0.0,0.0,0.0,0.0,0.0,0.0,Low
1.2087869281347685,0.16541349967599533,0.04680201148053412,-1.2327489272636645,-1.2866787741836798,1.8846691084450997,0.8158557835531485,1.012179173929871,0.7855483530449783,0.0,1.0,0.0,0.0,0.0,0.0,0.0,0.0,Medium
-0.31470318534756564,-0.4707377618219917,-1.1863480598863874,-1.138905764146877,-1.366610806734103,-1.325862179028614,0.14255222539430648,1.5887525843739183,-1.3687613945774,0.0,1.0,0.0,0.0,0.0,0.0,0.0,0.0,Medium
0.5392710935102452,0.4488472300463853,-1.3666331580394462,-1.1523119303064182,-1.2124561725297156,-1.2172934881478605,1.6409826930615343,0.8604493290761743,-0.446829712188784,0.0,1.0,0.0,0.0,0.0,0.0,0.0,0.0,Medium
1.5162176685235804,0.4929369214373342,0.6958283648315456,0.3424755964824055,-1.1439430017722099,0.32593290365713734,-1.1644487992669768,-1.7068196458483738,-0.3960293949959426,0.0,0.0,0.0,1.0,0.0,0.0,0.0,0.0,Medium
1.092646426210106,0.2598914097994587,1.359277526034802,0.6642235843113898,-0.15050202578837835,0.7834723866545995,-2.8411066793880164,0.1928380117199085,0.38667178841969846,1.0,0.0,0.0,0.0,0.0,0.0,0.0,0.0,Medium
0.8057110685138824,-2.7822972961760613,-0.19838572200762516,0.20171085180722514,-0.1276643022025432,-2.1556371736172313,-0.9466152951567632,-0.4747733056363569,-1.9840096805795997,0.0,0.0,0.0,0.0,1.0,0.0,0.0,0.0,High
-0.07559038726737863,-0.3321701603075786,-0.22723133771211498,-1.8226202382834693,0.3690561857893723,1.2952962150924376,0.22176440870711076,0.44167495727997114,-0.06864957308651383,0.0,0.0,1.0,0.0,0.0,0.0,0.0,0.0,Medium
-0.4308436872722281,-0.0739305393034454,-1.9868138956859682,-0.5289252038877609,-0.2190151965458841,-0.4418028389996209,-0.45153914945173174,0.4356057634858236,-1.2257679091456968,0.0,0.0,0.0,0.0,0.0,1.0,0.0,0.0,Medium
-0.4240118930413655,0.38586195663074313,0.2487213214119597,-2.9420351126051445,0.39760334027166633,-0.5581264363718564,-0.20730158423724937,0.31422188760286623,-0.9096770466124569,0.0,0.0,1.0,0.0,0.0,0.0,0.0,0.0,Medium
-0.8065923699696649,0.5559221948529764,-0.4868418790525197,0.8720191597842762,-0.1904680420635901,0.7757174801631165,-0.43833711889959737,-0.7964405767261937,-0.23045799081186405,0.0,0.0,0.0,1.0,0.0,0.0,0.0,0.0,Medium
-1.223331818052276,1.2235660930587846,-0.9411603263982276,0.02072760865342117,0.6316900070264777,1.2022373371946486,0.6970375085839412,-0.650779925666645,0.3565678967498667,0.0,0.0,0.0,0.0,0.0,0.0,1.0,0.0,Medium
-1.544426146902813,0.7952662338324176,0.5516002863090986,-0.5088159546484491,0.734459763162736,0.6904135087568105,-0.5835594549730735,1.7768975919925019,0.7592074478338748,0.0,0.0,0.0,0.0,0.0,0.0,1.0,0.0,Low
-1.933838418061975,1.0220132181287291,-1.510861236561893,-0.37475429305303887,-1.0811392619111628,-1.6127937192134632,0.4924060350258619,0.7633422283698079,-1.3706428878067656,0.0,0.0,0.0,0.0,0.0,0.0,1.0,0.0,Medium
-0.24638524303894077,-1.2706507342006477,-0.789720843949658,-0.8640793578762864,-0.6529319446767528,-0.10834185986587674,0.7036385238600088,-0.09848329039918896,-1.2088344700814153,0.0,0.0,0.0,0.0,1.0,0.0,0.0,0.0,Medium
0.8535336281299191,0.4551457573879492,1.8424415890849997,1.0261900706189977,0.42615049475396033,0.6283742568249515,-0.0554782328877061,0.5873356083395203,1.9991114859850962,1.0,0.0,0.0,0.0,0.0,0.0,0.0,0.0,Low
1.564040228139618,0.4362501753632567,0.5588116902352216,-2.037118896836126,1.8078327716969904,-1.3568818049945441,0.40659283643698996,0.36884463175019655,0.7893113395037066,0.0,0.0,1.0,0.0,0.0,0.0,0.0,0.0,Medium
0.3138218838917833,0.9212367806637021,1.5900424516707174,0.6508174181518496,-0.3103660908892246,-0.19364583127218382,-0.2403066606175848,-1.4094291499351284,0.38102730873160734,0.0,0.0,0.0,1.0,0.0,0.0,0.0,0.0,Medium
0.8535336281299191,0.7070868510505182,1.8352301851588768,0.28214784876447146,-0.20759633475296635,0.1320602413700773,1.4231491889513206,-0.4869116932246524,1.5287381786439656,0.0,0.0,0.0,1.0,0.0,0.0,0.0,0.0,Low
-0.9705554315103644,0.6252059956101834,1.0563985611376632,-0.3412388776541863,-0.6358036519873765,-1.7446271295686644,0.7366436002403443,0.7572730345756604,-0.11004242413253312,0.0,0.0,0.0,0.0,0.0,0.0,0.0,1.0,Medium
-1.0320415795881266,-0.45814070713886307,0.652559941274812,-0.3010203791755631,-0.0705699932379552,-0.37200868057627884,0.8620628904856183,0.010762197895472473,-0.24927292310550955,0.0,0.0,0.0,0.0,0.0,0.0,1.0,0.0,Medium
-1.0593687565115766,2.2187334130259315,-0.5733787261659876,1.099923984496473,0.9856747226069236,0.7291880412142225,0.2745725309156482,0.5994739959278154,1.6209313468828261,0.0,0.0,0.0,0.0,0.0,0.0,1.0,0.0,Low
-0.21905806611549045,2.2187334130259315,1.3376433142564352,-0.4551912900102852,-0.4188452779219422,-0.783018724624846,0.9148710126941548,-0.826786545696933,0.6256214285489948,0.0,0.0,0.0,1.0,0.0,0.0,0.0,0.0,Medium
-0.854414929585702,-0.7415744375092531,1.1357240043250096,0.12127385484997882,-0.6928979609519645,0.1940994933019363,-1.613317838039539,1.012179173929871,-0.5672452788681136,1.0,0.0,0.0,0.0,0.0,0.0,0.0,0.0,Medium
-1.400958468054701,0.7196839057336467,-0.6022243418704774,-1.8829479860014038,-0.9269846277067755,0.31042309067417234,0.043536996253300195,1.1760474063718627,-0.887099127860083,0.0,0.0,1.0,0.0,0.0,0.0,0.0,0.0,Medium
0.9081879819768197,-1.3021433709084689,0.5732344980874655,1.897590870989164,0.20919212068852602,-1.2172934881478605,-0.2403066606175848,-0.4747733056363569,0.1270257227673951,0.0,0.0,0.0,0.0,1.0,0.0,0.0,0.0,Medium
-0.5674795718894778,-1.4785021364722672,-1.7416261621978084,0.10116460561066748,-0.9212751968103166,-0.2634399896955248,0.5452141572343984,0.46595173245656296,-1.3649984081186717,0.0,0.0,0.0,0.0,0.0,1.0,0.0,0.0,Medium
2.178901708917242,1.6455674249435877,0.11170464681563567,-1.2729674257422872,2.3959041540322468,-1.201783675164896,-0.16109447730478005,0.9879023987532791,1.9031553312875047,0.0,0.0,1.0,0.0,0.0,0.0,0.0,0.0,Low
-0.15757191803772866,1.280252839132862,-1.5973980836753614,2.078574114142968,-1.6920483678322549,-0.4418028389996209,0.1755573017746419,-1.731096421024965,-0.8080764122267727,0.0,1.0,0.0,0.0,0.0,0.0,0.0,0.0,Medium
0.30699008966092023,1.4503130773550963,0.47227484312175316,0.8452068274651937,-0.8698903187421875,1.0238744878905535,-0.7749888979790188,0.13214607377842982,0.8250597108616348,0.0,1.0,0.0,0.0,0.0,0.0,0.0,0.0,Low
0.7442249204361197,1.5699850968448168,-1.604609487601484,-1.5343876658533375,0.09500350275934998,-0.04630260793401775,1.5287654333683947,0.9029336856352087,0.7008811577235742,0.0,0.0,0.0,0.0,0.0,1.0,0.0,0.0,Medium
0.5051121223559327,0.5370266128282839,-3.0757358885304433,1.7568261263139837,-1.1268147090828335,0.48878593997826736,-1.9895757087753627,0.5387820579863366,-0.8287728377497824,0.0,0.0,0.0,0.0,0.0,1.0,0.0,0.0,Medium
-1.4761082045941882,-0.5841112539701475,0.4650634391956302,0.9926746552201452,0.9742558608140057,1.3495805605328146,-0.7485848368747506,-0.5172576621953917,0.11761825662057301,0.0,0.0,0.0,0.0,0.0,0.0,1.0,0.0,Medium
0.16352241081280838,-0.5904097813117118,0.3064125528209393,0.556974255035062,-0.7328639772271763,-0.4262930260166559,1.3637400514667175,-1.3608755995819455,-0.3414660913443702,0.0,0.0,0.0,1.0,0.0,0.0,0.0,0.0,Medium
-2.99276652384566,-1.4029198083734964,-0.061369047411301135,1.6696860462769663,-1.5778597499030789,-0.953626667437459,0.3339816684002514,-0.34125104216510366,-1.940735336304215,0.0,0.0,0.0,0.0,0.0,0.0,1.0,0.0,High
0.23867214735229533,-0.21249814081785848,0.42179501563889654,0.2754447656847004,-1.3780296685270208,0.8144920126205285,-0.06207924816377375,-0.6568491194607929,-0.36028102363801573,0.0,1.0,0.0,0.0,0.0,0.0,0.0,0.0,Medium
0.3958034146621333,0.22210024575007278,0.45064063134338633,2.4003221019719523,1.7678667554217786,0.7059233217397755,0.3801887753327212,0.4356057634858236,2.454432847491311,0.0,0.0,0.0,0.0,1.0,0.0,0.0,0.0,Low
-0.3488621565018781,0.1528164449928667,0.15497307037236938,-0.5624406192866134,-0.8356337333634345,1.1401980852627895,1.1525075626325705,0.5084360890155973,0.3998422410252515,0.0,1.0,0.0,0.0,0.0,0.0,0.0,0.0,Medium
0.1566906165819463,-0.3825583790400922,0.5299660745307317,0.24192935028584783,-1.3209353595624327,0.5818448178760564,-0.8608020965678908,-0.3473202359592516,-0.64062351481333,0.0,1.0,0.0,0.0,0.0,0.0,0.0,0.0,Medium
0.04738190888814593,-0.3006775235997575,-0.7536638243190463,-0.4082697084518914,0.8829049664706644,1.9544632668684419,1.4495532500555894,0.4356057634858236,1.1562025192297891,0.0,0.0,0.0,0.0,0.0,1.0,0.0,0.0,Low
0.23184035312143325,-0.6596935820689184,-0.19838572200762516,0.06764919021181494,1.6137121212173917,-0.4650675584740679,-2.346030533682985,0.5023668952214498,-0.3245326522800902,1.0,0.0,0.0,0.0,0.0,0.0,0.0,0.0,Medium
-0.3351985680401529,1.6140747882357664,-0.40030503193905126,0.007321442493879959,0.23773927517082002,-0.15487129881477182,-0.6429685924576771,0.8847261042527652,0.5240207941633094,1.0,0.0,0.0,0.0,0.0,0.0,0.0,0.0,Medium
0.4162987973547206,0.4362501753632567,0.1766072821507362,-0.7568300285999582,-0.49877731047236534,-0.4805773714570324,-0.015872141231303958,-1.105969460227735,-0.6876608455474431,0.0,0.0,0.0,1.0,0.0,0.0,0.0,0.0,Medium
0.12936343965849595,0.7448780150999031,0.501120458826242,-0.9311101886739915,-0.24185292013171925,-0.6046558753207509,0.4197948669891233,1.3095696698431158,0.5334282603101315,0.0,0.0,1.0,0.0,0.0,0.0,0.0,0.0,Low
-0.6357975141981027,-2.0705637065793043,-0.9700059421027168,-0.09992788678244782,0.16351667351685575,-1.4189210569264032,1.1921136542889725,-0.49298088701880033,-1.4722435221924497,0.0,0.0,0.0,0.0,1.0,0.0,0.0,0.0,Medium
0.38213982620040815,1.0157146907871655,-0.3354023966039502,-0.43508204077097334,1.3910443162554982,0.37246234260603134,1.376942082018851,-0.6265031504900536,1.1825434244408926,0.0,0.0,0.0,1.0,0.0,0.0,0.0,0.0,Low
0.4094670031238575,-2.1650416167027675,-0.6310699575749666,0.8116914120663412,0.8429389501954535,1.7063062591410048,-0.002670110679169597,-1.9920717541733237,-0.4976300293816267,0.0,0.0,0.0,0.0,1.0,0.0,0.0,0.0,Medium
-1.7083892084435126,-0.7415744375092531,-0.5445331104614983,1.0597054860178503,-0.3788792616467304,1.1246882722798246,1.541967463920528,-0.917824452609151,-0.292547267380893,0.0,0.0,0.0,0.0,0.0,0.0,1.0,0.0,Medium
0.1908495877362587,-0.06763201196188108,-0.7536638243190463,0.6374112519923083,-1.5150560100420318,0.3569525296230674,0.3735877600566545,-0.11669087178163282,-0.40919984760149297,0.0,1.0,0.0,0.0,0.0,0.0,0.0,0.0,Medium
0.16352241081280838,-3.229492737427121,-1.1791366559602654,0.9993777382999153,-0.8984374732244814,-2.9156180097825066,-1.0720345854020377,0.7936881973405472,-2.512709278031031,0.0,0.0,0.0,0.0,1.0,0.0,0.0,0.0,High
0.2728311185066078,0.31657815587353616,0.04680201148053412,-2.338757635425799,0.6830748850946063,0.1320602413700773,-0.06868026343984046,-1.2152149485223964,-0.7666835611807534,0.0,0.0,1.0,0.0,0.0,0.0,0.0,0.0,Medium
0.2659993242757457,1.3243425305238117,0.7823652119450141,-0.7970485270785813,-0.4131358470254833,1.3418256540413316,1.5023613722641258,0.7390654531932169,1.6209313468828261,0.0,0.0,1.0,0.0,0.0,0.0,0.0,0.0,Low
0.42313059158558264,-1.8627123043076845,0.017956395776045332,0.9457530736617514,1.4766857797023802,0.9230607035012826,-0.09508432454410917,0.5205744766038932,0.8438746431552788,0.0,0.0,0.0,0.0,1.0,0.0,0.0,0.0,Low
-1.291649760360901,-1.0502022772458999,0.09728183896339078,-0.5624406192866134,-3.290689018840719,1.4659041579050507,0.5188100961301296,-0.38980459251828686,-1.878646059735186,0.0,1.0,0.0,0.0,0.0,0.0,0.0,0.0,High
0.4914485338942075,-0.13061728537752332,0.6237143255703221,-1.7756986567250754,0.3290901695141609,0.1320602413700773,0.056739026805433614,1.5401990340207348,0.49391690249347764,0.0,0.0,1.0,0.0,0.0,0.0,0.0,0.0,Low
0.0132229377338335,0.9464308900299584,0.5227546706046098,0.556974255035062,-0.2704000746140133,0.7602076671801514,0.4197948669891233,-0.6993334760198278,0.7215775832465838,0.0,0.0,0.0,1.0,0.0,0.0,0.0,0.0,Low
-1.2301636122831388,0.5496236675114126,-0.2560769534166043,-0.2809111299362518,0.3119618768247847,-0.29445961566145484,-0.2205036147893837,-0.5718804063427229,-0.6613199403363397,0.0,0.0,0.0,0.0,0.0,0.0,1.0,0.0,Medium
0.48461673966334545,-1.0187096405380789,0.4866976509739981,0.08775843945112627,-0.6757696682625882,-0.29445961566145484,-0.940014279880696,-0.4504965304597655,-0.9002695804656348,1.0,0.0,0.0,0.0,0.0,0.0,0.0,0.0,Medium
-2.1114650680643994,-0.0991246486697022,-1.7632603739761754,0.6642235843113898,0.20348268979206754,1.4116198124646737,0.868663905761686,1.9893193747876772,0.48639092957601837,0.0,0.0,0.0,0.0,0.0,0.0,1.0,0.0,Medium
-0.15074012380686558,-1.2454566248343908,0.4650634391956302,-1.9365726506395682,1.3739160235661219,0.05451117645525327,-0.1280894009244446,-0.650779925666645,-0.7610390814926596,0.0,0.0,1.0,0.0,0.0,0.0,0.0,0.0,Medium
-0.1439083295760035,0.14651791765130195,-1.1863480598863874,0.617302002752997,-0.08198885503087255,-0.6356755012866805,0.2019613628789097,0.9757640111649832,0.05929196651027236,0.0,0.0,0.0,0.0,0.0,1.0,0.0,0.0,Medium
0.9013561877459567,-0.4077524884063495,0.8544792512062376,0.6508174181518496,0.7173314704733597,-0.08507714039142976,1.1657095931847048,0.7147886780166252,1.6265758265709198,0.0,0.0,0.0,0.0,1.0,0.0,0.0,0.0,Low
-0.6016385430437903,0.9716249993962156,1.8784986087156115,0.3491786795621766,-0.5273244649546593,0.4810310334867854,0.1557542559464399,-0.01351457728111891,0.8702155483663823,0.0,1.0,0.0,0.0,0.0,0.0,0.0,0.0,Low
-2.0431471257557745,1.5007012960876098,-1.0637541931423078,-0.3546450438137275,-0.14479259489191945,0.9308156099927645,-0.5703574244209391,0.9393488484000964,-0.23045799081186405,0.0,0.0,0.0,0.0,0.0,0.0,1.0,0.0,Medium
1.2839366646742565,1.3432381125485042,1.207838043586233,1.8171538740319177,-1.6977577987287138,0.5120506594527154,0.7894517224488807,-1.1848689795516572,1.2540401671567463,0.0,1.0,0.0,0.0,0.0,0.0,0.0,0.0,Low
0.6485798012040445,1.3180440031822478,1.5467740281139828,1.354641141527753,-0.0363134078592023,0.3336878101486193,-1.2634640284079832,0.07145413583695115,1.3594037880011574,1.0,0.0,0.0,0.0,0.0,0.0,0.0,0.0,Low
-1.6400712661348877,-1.3084418982500332,-0.6815497850578228,-0.3345357945744157,-1.3609013758376445,-2.202166612566126,-1.6265198685916729,0.7147886780166252,-2.9247562952618615,1.0,0.0,0.0,0.0,0.0,0.0,0.0,0.0,High
2.178901708917242,0.07723411689409586,-0.7031839968361902,-0.0865217206229071,-1.5493125954207847,0.31817799716565537,-0.4317361036235302,-1.2152149485223964,-0.648149487730788,0.0,1.0,0.0,0.0,0.0,0.0,0.0,0.0,Medium
0.42996238581644575,1.4377160226719676,-1.2007708677386322,-1.1053903487480243,-0.7385734081236347,-0.10834185986587674,0.5518151725104651,-0.7600254139613064,-0.5296154142808226,0.0,0.0,0.0,0.0,0.0,1.0,0.0,0.0,Medium
0.5529346819719703,-0.4959318711882485,-0.17675151022925834,0.4028033442003405,1.5623272431492623,1.1324431787713076,-0.03567518705950503,1.4066767705494823,1.6077608942772756,0.0,0.0,0.0,0.0,1.0,0.0,0.0,0.0,Low
0.2181767646597081,0.11502528094348083,1.063609965063786,0.8250975782258825,-1.0583015383253278,1.7683455110728636,0.3339816684002514,-0.9421012277857423,0.6086879894847135,0.0,1.0,0.0,0.0,0.0,0.0,0.0,0.0,Medium
-1.0183779911264015,-0.048736429937188595,-0.4796304751263972,0.3558817626419467,1.2425991129475695,0.20960930628490132,0.12274917956610448,-0.729679444990567,-0.06300509339842005,0.0,0.0,0.0,0.0,0.0,0.0,1.0,0.0,Medium
-0.4376754815030902,0.6692956870011332,1.1789924278817432,-0.032897055984742726,1.3282405763944516,-2.512362872225422,0.4527999433694588,0.660165933869294,0.6745402525124707,0.0,0.0,0.0,0.0,0.0,0.0,0.0,1.0,Low
-2.0773060969100867,0.3102796285319723,1.5179284124094938,-1.1187965149075656,0.22632041337790265,-0.15487129881477182,0.010531919872964762,-0.7721638015496023,-0.7459871356577438,0.0,0.0,0.0,0.0,0.0,0.0,1.0,0.0,Medium
-0.57431136612034,-0.45814070713886307,0.6886169609054237,-1.500872250454485,-0.27610950551047214,-1.1940287686734137,0.0963451184618367,0.30815269380871785,-0.9924627487044955,0.0,0.0,1.0,0.0,0.0,0.0,0.0,0.0,Medium
-0.8612467238165645,1.7526423897501786,-0.3354023966039502,-1.0316564348705493,1.8820553733509549,0.8687763580609055,0.6508304016514713,-1.573297382377121,0.54848020614505,0.0,0.0,0.0,1.0,0.0,0.0,0.0,0.0,Medium
0.8057110685138824,1.9604937920217989,0.6165029216442002,0.10786768869043761,-1.423705115698691,0.1708347738274893,0.7894517224488807,-0.16524442213481558,0.9304233317060457,0.0,1.0,0.0,0.0,0.0,0.0,0.0,0.0,Low
-1.981660977678012,0.24729435511633005,1.2655292749952116,-1.7287770751666822,-1.0640109692217867,-0.7287343791844695,-1.382282303377191,-0.3230434607826602,-2.0611509029835444,0.0,0.0,0.0,0.0,0.0,0.0,1.0,0.0,High
0.02005473196469657,-0.14951286740221625,-0.2560769534166043,0.2218201010465365,0.4661165110291721,1.1401980852627895,-0.854201081291824,0.7694114221639563,0.4769834634291963,1.0,0.0,0.0,0.0,0.0,0.0,0.0,0.0,Low
-1.7767071507521375,-0.7667685468755099,2.065995110794792,0.2352262672060777,0.8829049664706644,-0.5736362493548215,1.0864974098718996,0.29601430622042196,0.5503616993744128,0.0,0.0,0.0,0.0,0.0,0.0,1.0,0.0,Medium
-0.24638524303894077,-2.246922472143102,-0.23444274163823745,-1.9969003983575027,0.015071470208926834,1.0161195813990715,-0.5901604702491406,0.28994511242627447,-1.483532481568636,0.0,0.0,0.0,0.0,1.0,0.0,0.0,0.0,Medium
-1.0730323449733017,0.34807079258135726,0.3208353606731832,-0.6830961147224824,0.9571275681246295,0.7524527606886695,-1.1248427076105743,-0.3230434607826602,-0.2774953215459771,1.0,0.0,0.0,0.0,0.0,0.0,0.0,0.0,Medium
0.8876925992842315,2.2187334130259315,0.9554389061719508,1.1535486491346378,-0.07627942413441408,0.9695901424501765,-0.29311478282612174,-0.3169742669885123,1.886221892223226,1.0,0.0,0.0,0.0,0.0,0.0,0.0,0.0,Low
0.2591675300448836,0.8771470892727523,-0.010889219928444478,-0.4954097884889083,0.1863543971026909,-0.821793257082258,-0.06207924816377375,1.3035004760489683,0.5503616993744128,0.0,0.0,1.0,0.0,0.0,0.0,0.0,0.0,Low
0.928683364669407,-0.19990108613472984,-0.8474120753586372,-0.03960013906451333,2.1503986254845184,0.6826586022653274,-0.29971579810218846,-0.826786545696933,0.619976948860901,0.0,0.0,0.0,1.0,0.0,0.0,0.0,0.0,Medium
0.8603654223607822,0.8771470892727523,-0.739241016466802,-2.5800686262975367,0.2491581369637378,0.8377567320949755,-0.15449346202871286,0.9818332049591316,0.15901110766659232,0.0,0.0,1.0,0.0,0.0,0.0,0.0,0.0,Medium
-1.2779861718991763,0.6189074682686186,0.22708710963359288,0.7044420827900134,-0.3160755217856835,-0.061812420916982774,0.5584161877865327,-0.7782329953437502,-0.13826482257300204,0.0,0.0,0.0,0.0,0.0,0.0,1.0,0.0,Medium
-0.7041154565067276,0.5370266128282839,-0.436362051569663,-0.37475429305303887,0.7287503322662775,-0.3022145221529368,-1.2106559061994466,0.4902285076331539,-0.3489920642618295,1.0,0.0,0.0,0.0,0.0,0.0,0.0,0.0,Medium
-0.3010395968858405,1.5195968781123033,-0.09021466311578992,-0.2071772160587761,1.1455387877077698,-0.4883322779485149,-1.4350904255857275,1.8436587237281281,0.8890304806600264,1.0,0.0,0.0,0.0,0.0,0.0,0.0,0.0,Medium
-1.291649760360901,-1.3147404255915975,-0.2632883573427267,0.5100526734766683,0.9399992754352525,1.9622181733599238,-0.15449346202871286,-0.2684207166353295,-0.019730749123037933,0.0,0.0,0.0,0.0,1.0,0.0,0.0,0.0,Medium
0.33431726658437055,1.6770600616514089,1.5467740281139828,-1.1657180964659595,-0.07627942413441408,-1.6980976906197698,0.9082699974180881,-0.08634490281089349,0.5804655910442446,0.0,0.0,1.0,0.0,0.0,0.0,0.0,0.0,Medium
1.5845356108322053,-1.9068019956986342,-0.7031839968361902,0.060946107132043854,-0.013475684273367174,-2.675215908546553,-0.3459229050346583,0.38705221313264,-1.1636786325766677,0.0,0.0,0.0,0.0,1.0,0.0,0.0,0.0,Medium
-0.9022374892017395,0.014248843478453628,-0.7825094400235362,0.5301619227159796,-1.2923882050801387,1.8226298565132408,-0.5703574244209391,-0.007445383486970956,-0.5597193059506557,0.0,1.0,0.0,0.0,0.0,0.0,0.0,0.0,Medium
-0.05509500457479136,0.41105606599699945,0.5299660745307317,-0.36805120997326823,-0.8299243024669757,1.5822277552772868,1.31093192925818,0.2595991434555351,0.8833860009719327,0.0,1.0,0.0,0.0,0.0,0.0,0.0,0.0,Low
-0.49232983534999036,0.9149382533221373,-1.1935594638125098,1.6897952955162787,0.5574674053725134,1.3108060280754026,-0.21390259951331655,-2.4836764514993006,-0.0347826949579538,0.0,0.0,0.0,1.0,0.0,0.0,0.0,0.0,Medium
1.167796162749594,-0.8108582382664596,1.3376433142564352,1.9713247848666393,0.22632041337790265,0.20960930628490132,-2.603470129449602,0.035038973072063856,0.46945749051173974,1.0,0.0,0.0,0.0,0.0,0.0,0.0,0.0,Medium
-0.8407513411239773,0.2661899371410225,1.2871634867735786,-0.44848820693051455,-0.024894546066284533,0.6283742568249515,1.2779268528778445,0.5387820579863366,0.9172528791004954,0.0,0.0,0.0,0.0,0.0,0.0,1.0,0.0,Low
0.6417480069731825,-0.6219024180195329,-0.5517445143876207,-0.019490889825201987,0.015071470208926834,-1.0001561063863535,0.8752649210377527,0.07145413583695115,-0.1551982616372834,0.0,0.0,0.0,0.0,0.0,1.0,0.0,0.0,Medium
0.38897162043127026,-1.0061125858549507,-1.1286568284774088,0.7044420827900134,-0.29323779819984835,-1.0777051713011776,-0.9334132646046288,-0.8632017084618203,-1.4778880018805434,0.0,0.0,0.0,0.0,0.0,1.0,0.0,0.0,Medium
1.5298812569853055,0.7070868510505182,0.24150991748583778,-1.2126396780243527,0.2491581369637378,-0.15487129881477182,-0.7023777299422809,-1.288045274052171,-0.24927292310550955,0.0,0.0,0.0,1.0,0.0,0.0,0.0,0.0,Medium
0.2659993242757457,-0.9494258397808722,-1.5397068522663828,0.047539940972503594,-0.15050202578837835,0.17858968031897127,-0.9796203715370986,-1.4154983437292763,-1.6547483654408082,0.0,0.0,0.0,1.0,0.0,0.0,0.0,0.0,Medium
0.061045497349871095,-0.4833348165051199,0.45064063134338633,-0.3613481268934981,-0.7043168227448823,0.8532665450779405,0.8752649210377527,-0.32911265457680816,0.014136129005524767,0.0,1.0,0.0,0.0,0.0,0.0,0.0,0.0,Medium
-0.8065923699696649,0.03314442550314612,-0.5228988986831314,-0.5557375362068429,0.9685464299175465,1.8769142019536178,2.1492608693187,-0.9845855843447776,0.7215775832465838,0.0,0.0,0.0,1.0,0.0,0.0,0.0,0.0,Medium
-1.0593687565115766,-0.7730670742170742,-0.14069449059864658,-0.6830961147224824,-0.3503321071644364,-1.5507544672816043,0.06994105735756798,0.8543801352820259,-1.197545510705229,0.0,0.0,0.0,0.0,0.0,0.0,1.0,0.0,Medium
0.2728311185066078,-1.7619358668426572,-0.16954010630313637,-0.5021128715686785,-1.4807994246632792,0.5585800984016094,0.12935019484217214,1.0182483677240184,-0.794905959621221,0.0,1.0,0.0,0.0,0.0,0.0,0.0,0.0,Medium
0.9696741300545816,-1.3399345349578542,0.8689020590584824,0.17489851948814272,1.1626670803971462,-0.24017527022107782,0.08974410318576904,0.9696948173708357,0.9925126082750774,0.0,0.0,0.0,0.0,1.0,0.0,0.0,0.0,Low
-1.1823410526671017,-0.936828785097744,0.8256336355017477,-1.1657180964659595,1.2425991129475695,0.8300018256034934,0.6310273558232703,1.388469189167038,0.6293844150077231,0.0,0.0,0.0,0.0,0.0,0.0,1.0,0.0,Medium
-0.499161629580853,0.285085519165715,-0.37867082016068443,-2.3119453031067163,-1.4465428392845265,-1.0466855453352482,1.4165481736752539,-0.9663780029623342,-1.7826899050375957,0.0,0.0,1.0,0.0,0.0,0.0,0.0,0.0,High
-0.09608576995996589,-0.2628863595503721,-0.03252343170681132,-0.4015666253721208,2.281715536103071,-0.5271068104059269,-0.09508432454410917,-0.8085789643144896,0.14960364151977024,0.0,0.0,0.0,1.0,0.0,0.0,0.0,0.0,Medium
0.48461673966334545,0.4047575386554356,1.2799520828474567,2.4003221019719523,-2.1373839777560413,-0.852812883048188,0.7696486766206797,0.16856123654331712,0.7780223801275217,0.0,1.0,0.0,0.0,0.0,0.0,0.0,0.0,Medium
0.18401779350539565,0.6818927416842608,1.3015862946258234,-0.42167587461143263,1.43101033253071,1.0626490203479655,1.3043309139821133,0.05324655445450772,1.991585513067637,0.0,0.0,1.0,0.0,0.0,0.0,0.0,0.0,Low
-0.38985292188705306,0.9338338353468297,0.3785265920821628,-0.441785123850744,0.2719958605495729,0.15532496084452427,0.07654207263363562,0.10180010480769049,0.4092497071720736,0.0,0.0,0.0,0.0,0.0,0.0,1.0,0.0,Low
-0.9295646661251894,-1.9382946324064554,-0.15511729845089148,-0.3613481268934981,0.5175013890973016,-0.12385167284884177,1.5881745708529977,-0.8146481581086376,-0.794905959621221,0.0,0.0,0.0,0.0,1.0,0.0,0.0,0.0,Medium
-1.2779861718991763,-1.1446801873693633,-0.17675151022925834,-0.8841886071155978,-1.423705115698691,0.3491976231315843,0.617825325271136,1.4430919333143692,-0.9360179518235603,0.0,1.0,0.0,0.0,0.0,0.0,0.0,0.0,Medium
0.5597664762028324,-0.01094526588780362,0.8256336355017477,-0.019490889825201987,-0.3503321071644364,-0.3022145221529368,0.036935980977232545,-0.6811258946373843,-0.036664188187319285,0.0,0.0,0.0,1.0,0.0,0.0,0.0,0.0,Medium
-0.1370765353451414,0.7070868510505182,0.27756693711644953,-2.9018166141265214,-1.4636711319739026,0.7214331347227394,-0.29971579810218846,0.028969779277916333,-1.1900195377877711,0.0,0.0,1.0,0.0,0.0,0.0,0.0,0.0,Medium
0.5870936531262827,0.18430908170068783,0.032379203628289215,0.36258484572171684,-0.47023015599007134,-1.069950264809695,1.6079776166811988,-0.6871950884315322,0.1966409722538833,0.0,0.0,0.0,1.0,0.0,0.0,0.0,0.0,Medium
0.026886526195558667,0.5559221948529764,0.20545289785522602,1.5624367170006386,-0.6814790991590467,0.7834723866545995,-1.329474181168654,-0.17131361592896355,0.24932278267609018,1.0,0.0,0.0,0.0,0.0,0.0,0.0,0.0,Medium
-1.216500023821414,-0.8927390937067944,-0.6022243418704774,-0.7166115301213349,-0.26469064371755435,0.4732761269953034,-0.7485848368747506,-0.8874784836384116,-1.777045425349502,0.0,0.0,0.0,0.0,0.0,0.0,1.0,0.0,High
0.08154088004245837,1.8093291358242571,0.4794862470478751,0.060946107132043854,0.39189390937520785,-0.30996942864441984,0.4792040044737275,-3.266602450944376,-0.14579079549045998,0.0,0.0,0.0,1.0,0.0,0.0,0.0,0.0,Medium
-0.49232983534999036,-0.6219024180195329,-0.19117431808150323,-0.32783271149464555,0.5517579744760541,1.0704039268394476,0.24156745453531278,-0.8389249332852289,-0.26620636216978955,0.0,0.0,0.0,1.0,0.0,0.0,0.0,0.0,Medium
0.6280844185114572,0.4614442847295131,-1.4099015815961802,-0.6830961147224824,1.0142218770892175,-0.7132245662015044,0.532012126682264,0.3384986627794572,0.21169291808879917,0.0,0.0,0.0,0.0,0.0,1.0,0.0,0.0,Medium
-1.2643225834374512,0.5370266128282839,0.4362178234911414,-0.10663096986221843,-0.6015470666086236,-0.4418028389996209,0.8422598446574172,-0.06813732142844962,-0.23798396372932198,0.0,0.0,0.0,0.0,0.0,0.0,1.0,0.0,Medium
0.5187757108176578,-0.048736429937188595,1.510717008483371,1.2272825630121131,-0.36175096895735415,0.6283742568249515,-0.21390259951331655,0.945418042194244,1.4158485848820952,0.0,1.0,0.0,0.0,0.0,0.0,0.0,0.0,Low
-0.57431136612034,-0.9620228944640009,-0.42193924371741864,-1.1925304287850413,-0.1904680420635901,0.16307986733600735,-0.3129178286543228,2.3838169714072888,-0.330177131968184,0.0,0.0,1.0,0.0,0.0,0.0,0.0,0.0,Medium
0.614420830049732,0.8204603431986739,-0.046946239559056226,-1.6148246628105833,-0.3389132453715186,0.023491550489323214,-0.8079939743593543,0.5387820579863366,-0.27561382831661296,0.0,0.0,1.0,0.0,0.0,0.0,0.0,0.0,Medium
0.9013561877459567,0.19060760904225169,0.19103009000298113,-1.6818554936082883,0.8714861046777475,-0.69771475321854,-0.7617868674268845,0.30815269380871785,-0.15143527517855376,0.0,0.0,1.0,0.0,0.0,0.0,0.0,0.0,Medium
0.5187757108176578,0.04574148018627474,0.4866976509739981,-0.05300630522405454,0.7002031777839834,-2.2564509580065026,0.4527999433694588,-0.36552781734169504,-0.04042717464604758,0.0,0.0,0.0,0.0,0.0,0.0,0.0,1.0,Medium
0.9628423358237195,1.2550587297666056,0.003533587923800427,-1.688558576688059,0.848648381091912,0.015736643997841252,0.45940095864552644,-0.9421012277857423,0.3622123764379605,0.0,0.0,1.0,0.0,0.0,0.0,0.0,0.0,Medium
0.4094670031238575,1.9730908467049264,0.14055026252012445,-1.071874933349172,1.2083425275688162,-0.3254792416273849,-0.6231655466294761,1.6069601657563617,1.3462333353956069,0.0,0.0,1.0,0.0,0.0,0.0,0.0,0.0,Low
-0.24638524303894077,-0.38885690638165654,-0.7103954007623127,0.9926746552201452,-0.6129659284015414,2.024257425291784,-0.009271125955237247,0.8786569104586177,0.5861100707323383,0.0,1.0,0.0,0.0,0.0,0.0,0.0,0.0,Medium
-0.17123550649945382,0.3102796285319723,-1.5180726404880156,-0.9445163548335322,-2.468530969750652,-1.6748329711453223,1.1393055320804362,0.6540967400751465,-1.6340519399177986,0.0,1.0,0.0,0.0,0.0,0.0,0.0,0.0,High
0.6417480069731825,1.670761534309844,-0.5012646869047641,0.10116460561066748,-0.6814790991590467,1.7218160721239697,0.46600197392159315,0.1564228489550212,1.184424917670258,0.0,1.0,0.0,0.0,0.0,0.0,0.0,0.0,Low
0.02005473196469657,0.53072808548672,0.032379203628289215,-0.7702361947594989,-0.6643508064696705,-0.2014007377636658,-0.6759736688380126,-1.8221343279371833,-1.3367760096782042,0.0,0.0,0.0,1.0,0.0,0.0,0.0,0.0,Medium
0.4641213569707582,-1.0502022772458999,0.6020801137919553,0.2888509318442416,0.6373994379229362,-0.814038350590776,1.964432441588822,-0.30483587940021634,0.6632512931362858,0.0,0.0,0.0,0.0,1.0,0.0,0.0,0.0,Low
-0.08925397572910379,0.4425487027048206,-0.22001993378599305,-0.12674021910153024,-0.1619208875812961,0.31817799716565537,0.3207796378481171,-0.3594586235475475,0.023543595152346847,0.0,0.0,0.0,1.0,0.0,0.0,0.0,0.0,Medium
-0.49232983534999036,-0.31957310562445,0.6092915177180772,-0.4685974561698259,0.7687163485414884,1.8924240149365827,0.30757760729598366,-0.559742018754427,0.5296652738514032,0.0,0.0,0.0,1.0,0.0,0.0,0.0,0.0,Medium
0.054213703119009,-0.02354232057093135,-0.6887611889839452,-0.3345357945744157,-0.4473924324042362,0.7834723866545995,-0.3459229050346583,0.7815498097522513,-0.09875346475634823,0.0,0.0,0.0,0.0,0.0,1.0,0.0,0.0,Medium
0.21134497042884598,-1.0061125858549507,-0.789720843949658,0.6642235843113898,-0.3389132453715186,0.24062893225083137,1.1657095931847048,0.7026502904283293,0.2925971269514723,0.0,0.0,0.0,0.0,1.0,0.0,0.0,0.0,Medium
-1.851856887291625,-0.854947929657409,0.06122481933277902,0.48994342423735693,-0.7842488552953054,0.7214331347227394,1.0270882723872954,-0.8085789643144896,-0.8174838783735948,0.0,0.0,0.0,0.0,0.0,0.0,1.0,0.0,Medium
-0.15757191803772866,-1.3462330622994185,-0.6166471497227218,1.830560040191459,0.23773927517082002,0.5663350048930914,1.4891593417119915,0.016831391689620428,0.6914736915767521,0.0,0.0,0.0,0.0,1.0,0.0,0.0,0.0,Medium
0.60758903581887,1.5321939327954308,0.06843622325890096,0.04083685789273251,-2.342923490028558,0.7446978541971875,0.6310273558232703,-1.288045274052171,-0.1965911126833027,0.0,1.0,0.0,0.0,0.0,0.0,0.0,0.0,Medium
-1.373631291131251,-0.6030068359948401,-0.3426138005300727,0.2218201010465365,-0.23614348923526035,0.4810310334867854,-1.256863013131916,-0.18345200351725902,-1.2013084971639574,0.0,0.0,0.0,0.0,0.0,0.0,1.0,0.0,Medium
-3.2660382930801597,0.38586195663074313,-0.5084760908308865,0.07435227329158506,0.3462184622035376,-0.4262930260166559,-0.7815899132550861,-0.08634490281089349,-1.4195617117702428,0.0,0.0,0.0,0.0,0.0,0.0,1.0,0.0,Medium
-0.62896571996724,1.349536639890069,0.7102511726837906,-0.23398954837785804,-0.9155657659138577,0.5353153789271624,0.05013801152936691,-1.288045274052171,-0.2586803892523316,0.0,0.0,0.0,1.0,0.0,0.0,0.0,0.0,Medium
-0.7451062218919021,0.49923544877889897,-1.5324954483402604,0.7848790797472598,-0.5216150340582004,-0.5271068104059269,0.36698674478058685,-0.06813732142844962,-0.5653637856387494,0.0,0.0,0.0,0.0,0.0,1.0,0.0,0.0,Medium
0.2591675300448836,-2.202832780752153,0.010744991849922367,-0.12674021910153024,-0.1676303184777546,0.3491976231315843,2.2614781290118406,0.8118957787229907,0.38290880196097016,0.0,0.0,0.0,0.0,1.0,0.0,0.0,0.0,Medium
0.7852156858212942,-1.3462330622994185,-0.8185664596541479,0.4765372580778157,-0.10482657861670808,0.7214331347227394,0.974280150178759,1.4127459643436298,0.7385110223108652,0.0,0.0,0.0,0.0,1.0,0.0,0.0,0.0,Low
0.3958034146621333,0.9149382533221373,-0.9772173460288393,0.5703804211946032,-0.3788792616467304,-2.66746100205507,0.7366436002403443,-0.7600254139613064,-0.6387420215839659,0.0,0.0,0.0,0.0,0.0,0.0,0.0,1.0,Medium
0.6690751838966328,-1.90050346835707,-0.03252343170681132,-2.962144361844456,-0.6243847901944587,-0.15487129881477182,-0.6429685924576771,-0.5111884684012442,-2.2605891852961846,0.0,0.0,1.0,0.0,0.0,0.0,0.0,0.0,High
2.117415560839479,0.21580171840850892,-0.14790589452476954,-1.2595612595827463,-0.9441129203961517,1.3108060280754026,1.1657095931847048,0.12000768619013434,0.7893113395037066,0.0,0.0,1.0,0.0,0.0,0.0,0.0,0.0,Medium
1.1268053973644185,-0.88644056636523,0.6741941530531788,1.1133301506560143,2.00195342217659,0.20185439979341935,-1.5077015936224656,0.1442844613667257,1.071535323908385,1.0,0.0,0.0,0.0,0.0,0.0,0.0,0.0,Low
-2.022651743063187,0.53072808548672,-0.3858822240868069,1.0194869875392276,0.10642236455226774,1.0006097684161066,-1.4086863644814591,0.17463043033746506,-0.3527550507205578,0.0,0.0,0.0,0.0,0.0,0.0,1.0,0.0,Medium
-0.21905806611549045,0.6378030502933121,0.7607310001666472,0.865316076704505,-0.4531018633006947,-0.6279205947951979,-1.091837631230239,0.16856123654331712,0.014136129005524767,1.0,0.0,0.0,0.0,0.0,0.0,0.0,0.0,Medium
0.6485798012040445,-0.20619961347629417,0.09007043503726883,1.5624367170006386,-1.7320143841074664,1.8071200435302757,2.2614781290118406,1.661582909903692,2.0085189521319182,0.0,1.0,0.0,0.0,0.0,0.0,0.0,0.0,Low
-1.2643225834374512,-1.2643522068590833,0.42900641956501845,0.9256438244224401,-0.6814790991590467,0.1087955218956303,0.4924060350258619,-0.7236102511964195,-0.794905959621221,0.0,0.0,0.0,0.0,0.0,0.0,1.0,0.0,Medium
-0.31470318534756564,-0.3069760509413218,2.1164749382776487,0.2754447656847004,-0.04773226965212007,-0.3254792416273849,0.16235527122250756,0.36884463175019655,0.6463178540720045,0.0,0.0,0.0,0.0,0.0,0.0,1.0,0.0,Low
-1.4897717930559133,-1.8375181949414277,-0.16954010630313637,-0.7233146132011056,-1.6977577987287138,-0.18589092478070077,0.2943755767438493,-0.9845855843447776,-2.540931676471499,0.0,1.0,0.0,0.0,0.0,0.0,0.0,0.0,High
2.178901708917242,1.3621336945731977,-1.3377875423349568,-0.8640793578762864,-0.1562114566848372,-1.3413719920115792,0.38678979060878793,0.5994739959278154,0.4186571733188957,0.0,0.0,0.0,0.0,0.0,1.0,0.0,0.0,Medium
0.5802618588954197,-0.6030068359948401,-0.07579185526354604,-1.1322026810671069,-1.1325241399792925,0.9540803294672116,0.802653753001015,1.3520540264021512,0.18535201287769573,0.0,1.0,0.0,0.0,0.0,0.0,0.0,0.0,Medium
0.2523357358140205,0.007950316136889764,-1.0709655970684302,2.118792612621591,0.2491581369637378,0.062266082946735225,0.5980222794429348,1.2549469256957857,1.3048404843495875,0.0,0.0,0.0,0.0,0.0,1.0,0.0,0.0,Low
-0.936396460356052,-1.3210389529331616,-0.8474120753586372,0.865316076704505,-0.1676303184777546,-0.20915564425514885,0.7828507071728131,-0.6022263753134622,-0.8758101684838955,0.0,0.0,0.0,0.0,1.0,0.0,0.0,0.0,Medium
-1.1618456699745139,0.8456544525649312,-0.08300325918966797,-0.7434238624404169,-0.17904918027067235,-1.2172934881478605,-0.2865137675500546,-1.834272715525479,-1.6284074602297047,0.0,0.0,0.0,1.0,0.0,0.0,0.0,0.0,Medium
0.450457768509033,-1.7808314488673498,-0.42915064764354055,-0.1535525514206122,0.26628642965311405,0.4034819685719614,-0.2799127522739874,0.1442844613667257,-0.5145634684459067,0.0,0.0,0.0,0.0,1.0,0.0,0.0,0.0,Medium
0.9628423358237195,0.04574148018627474,0.10449324288951271,-0.8238608593976633,-0.5330338958511183,0.1708347738274893,-0.19409955368511547,1.3520540264021512,0.38102730873160734,0.0,0.0,1.0,0.0,0.0,0.0,0.0,0.0,Medium
1.324927430059431,-0.710081800801432,0.09007043503726883,0.0944615225308964,-1.5264748718349497,-1.2250483946393431,0.10954714901397106,0.2595991434555351,-0.6067566366847688,0.0,1.0,0.0,0.0,0.0,0.0,0.0,0.0,Medium
-0.027767827651341028,-1.4281139177397533,-1.943545472129234,-0.2205833822183173,-1.71488609141809,0.7291880412142225,-0.7617868674268845,0.7087194842224777,-1.7356525743034827,0.0,1.0,0.0,0.0,0.0,0.0,0.0,0.0,High
2.1037519723777547,1.0220132181287291,-0.49405328297864215,0.5703804211946032,1.33395000729091,0.8222469191120115,-0.06207924816377375,-0.6993334760198278,1.6510352385526605,0.0,0.0,0.0,1.0,0.0,0.0,0.0,0.0,Low
-1.045705168049852,-1.528890355204781,-0.09742606704191288,1.649576797037655,-0.059151131445037426,0.14757005435304232,0.48580501974979423,1.7890359795807977,0.5033243686402997,0.0,0.0,0.0,0.0,1.0,0.0,0.0,0.0,Medium
-0.4035165103487778,-0.44554365245573446,1.2943748906997006,-0.26080188069694044,0.962836999021088,0.7989821996375635,-0.048877217611639386,1.7465516230217626,1.3236554166432317,0.0,0.0,0.0,0.0,0.0,0.0,1.0,0.0,Low
-0.2805442141932532,0.36066784726448586,-0.15511729845089148,1.5959521323994912,-0.40171698523256555,-0.8062834440992935,-2.233813273989845,1.0303867553123145,-0.2586803892523316,1.0,0.0,0.0,0.0,0.0,0.0,0.0,0.0,Medium
2.178901708917242,1.9667923193633627,-1.5973980836753614,-0.1535525514206122,-0.5901282048157063,-0.953626667437459,1.0732953793197653,-0.7114718636081236,0.48450943634665555,0.0,0.0,0.0,0.0,0.0,1.0,0.0,0.0,Medium
2.1447427377629293,-1.4973977184969598,1.1934152357339882,-0.0865217206229071,0.8886143973671238,-0.5969009688292685,1.2779268528778445,1.4977146774617003,1.758280352626437,0.0,0.0,0.0,0.0,1.0,0.0,0.0,0.0,Low
-0.2805442141932532,-0.02354232057093135,0.6165029216442002,-1.1590150133861887,0.32338073861770206,0.7912272931460815,-1.7585401741130147,0.18676881792576053,-0.4919855496935329,1.0,0.0,0.0,0.0,0.0,0.0,0.0,0.0,Medium
2.178901708917242,0.6000118862439262,0.45064063134338633,0.1816016025679138,-0.7100262536413408,-0.6046558753207509,-2.9533239390811574,0.028969779277916333,-0.33205862519754814,1.0,0.0,0.0,0.0,0.0,0.0,0.0,0.0,Medium
1.6870125242951426,0.02684589816158225,0.4794862470478751,-3.0425813588017023,0.3119618768247847,-1.5972839062304982,1.1393055320804362,0.8179649725171391,0.04612151390472198,0.0,0.0,1.0,0.0,0.0,0.0,0.0,0.0,Medium
0.8603654223607822,-1.025008167879643,0.12612745466788058,1.1803609814537193,-1.8233652784508072,-1.108724797267107,-0.06868026343984046,0.7451346469873644,-0.4543556851062419,0.0,1.0,0.0,0.0,0.0,0.0,0.0,0.0,Medium
-1.045705168049852,-0.8423508749742807,-1.1286568284774088,0.28214784876447146,-1.343773083148268,-1.2250483946393431,0.5782192336147338,-0.3230434607826602,-1.7883343847256896,0.0,1.0,0.0,0.0,0.0,0.0,0.0,0.0,High
1.092646426210106,-0.4077524884063495,1.3881231417392919,0.3022570980037828,0.8201012266096179,0.6283742568249515,0.7102395391360755,0.7087194842224777,1.839184561489113,0.0,0.0,0.0,0.0,1.0,0.0,0.0,0.0,Low
0.5939254473571448,0.8267588705402387,-0.15511729845089148,-0.8238608593976633,0.6545277306123124,-1.2172934881478605,-0.1346904162005113,-1.0270699409038129,-0.3715699830142033,0.0,0.0,0.0,1.0,0.0,0.0,0.0,0.0,Medium
-0.8612467238165645,-1.2076654607850055,0.3424695724515511,-0.7568300285999582,0.11784122634518551,-1.5429995607901217,1.8852202582760167,-2.441192094940266,-1.5945405821011434,0.0,0.0,0.0,1.0,0.0,0.0,0.0,0.0,High
-0.5469841891968901,-0.7604700195339456,-0.40030503193905126,0.5234588396362094,1.5109423650811327,-0.41078321303369086,-0.4449381341756646,-0.30483587940021634,-0.19847260591266683,0.0,0.0,0.0,0.0,1.0,0.0,0.0,0.0,Medium
1.6118627877556557,0.32917521055666477,-1.5036498326357712,2.091980280302509,-0.5330338958511183,-1.2328033011308257,-1.5935147922113375,-0.1773828097231115,-0.30948070644517434,1.0,0.0,0.0,0.0,0.0,0.0,0.0,0.0,Medium
0.4641213569707582,-0.12431875803595945,1.510717008483371,0.5167557565564393,0.152097811723938,0.18634458681045432,-1.7387371282848136,0.7572730345756604,0.5804655910442446,1.0,0.0,0.0,0.0,0.0,0.0,0.0,0.0,Low
1.4205725492915062,0.5496236675114126,1.1789924278817432,1.3144226430491295,0.11213179544872663,-1.5662642802645688,-0.6033625008012745,1.4612995146968126,1.4628859156162082,0.0,0.0,0.0,0.0,0.0,0.0,0.0,1.0,Low
0.4094670031238575,-1.081694913953721,0.37131518815603987,2.4003221019719523,0.934289844538794,-0.5658813428633389,0.023733950425098186,-0.7964405767261937,0.6143324691728073,0.0,0.0,0.0,0.0,1.0,0.0,0.0,0.0,Medium
-2.1387922449878496,-0.7667685468755099,-0.19838572200762516,-1.2461550934232053,-0.8070865788811405,0.30266818418269037,-0.6495696077337443,1.1335630498128284,-1.5569107175138523,0.0,0.0,0.0,0.0,0.0,0.0,1.0,0.0,High
-1.0183779911264015,-0.5337230352376339,0.6597713452009338,0.6441143350720785,1.8763459424544964,-2.2331862385320553,-0.002670110679169597,0.6480275462809989,0.2380338232999026,0.0,0.0,0.0,0.0,0.0,0.0,0.0,1.0,Medium
-0.47183445265740265,-1.2013669334434411,0.6381371334225671,0.6977389997102423,1.04847846246797,0.21736421277638326,0.30757760729598366,1.1881857939601586,0.9097269061830361,0.0,0.0,0.0,0.0,1.0,0.0,0.0,0.0,Low
-0.5811431603512025,-0.31957310562445,-0.7103954007623127,0.38269409496102913,-1.5607314572137023,-1.108724797267107,-0.8079939743593543,-0.5233268559895397,-1.8861720326526439,0.0,1.0,0.0,0.0,0.0,0.0,0.0,0.0,High
0.9696741300545816,-0.16210992208534442,0.6669827491270568,0.7848790797472598,-0.1961774729600486,-0.2556850832040428,0.7366436002403443,-1.4397751189058676,0.3114120592451191,0.0,0.0,0.0,1.0,0.0,0.0,0.0,0.0,Low
1.8441437916049797,0.1528164449928667,0.3208353606731832,0.25533551644538904,-0.23614348923526035,1.1324431787713076,-1.9037625101864908,-1.2576993050814316,-0.03290120172858831,1.0,0.0,0.0,0.0,0.0,0.0,0.0,0.0,Medium
-0.5674795718894778,0.8771470892727523,-1.4531700051529144,0.12797693792974896,-0.7043168227448823,-0.5969009688292685,-2.3130254573026496,0.2778067248379785,-1.483532481568636,1.0,0.0,0.0,0.0,0.0,0.0,0.0,0.0,Medium
-1.3258087315152134,-0.01094526588780362,0.9338046943935829,0.22852318412630662,1.9619874059013782,0.11655042838711226,0.24156745453531278,1.6858596850802838,1.5080417531209558,0.0,0.0,0.0,0.0,0.0,0.0,1.0,0.0,Low
-0.984219019972089,0.4677428120710778,-0.2560769534166043,-0.2809111299362518,-0.8185054406740583,-0.03854770144253578,-0.2865137675500546,0.921141267017653,-0.4411852325006902,0.0,1.0,0.0,0.0,0.0,0.0,0.0,0.0,Medium
0.6212526242805951,0.3102796285319723,-0.8402006714325148,0.865316076704505,0.10071293365580886,0.2716485582167603,-2.009378754603564,-2.101317242467985,-1.0470260523560664,0.0,0.0,0.0,1.0,0.0,0.0,0.0,0.0,Medium
0.32748547235350844,-1.1698742967356202,0.501120458826242,-0.9042978563549091,-1.909006741897689,-1.0079110128778361,0.48580501974979423,-0.062068127634301674,-1.4214432049996069,0.0,1.0,0.0,0.0,0.0,0.0,0.0,0.0,Medium
-0.3010395968858405,-0.3636627970153997,-0.025312027780689382,-1.3265920903804516,-0.8127960097775995,-2.039313576244995,-0.7749888979790188,-0.4504965304597655,-2.117595699864481,0.0,0.0,0.0,0.0,0.0,0.0,0.0,1.0,High
-2.131960450756987,1.1794764016678347,-0.6527041693533335,-0.24069263145762865,-0.15050202578837835,-0.39527340005072586,-0.867403111843958,2.025734537552564,-0.2963102538396226,0.0,0.0,0.0,0.0,0.0,0.0,1.0,0.0,Medium
1.6118627877556557,1.072401436861243,0.9987073297286845,1.2272825630121131,-2.034614221619783,0.44225650102937336,-1.1512467687148429,0.22925317448479576,0.6858292118886583,0.0,1.0,0.0,0.0,0.0,0.0,0.0,0.0,Medium
0.8330382454373318,-1.4029198083734964,0.15497307037236938,0.007321442493879959,-0.6814790991590467,-0.2711948961870079,1.3373359903624487,1.4430919333143692,0.48827242280538385,0.0,0.0,0.0,0.0,1.0,0.0,0.0,0.0,Medium
0.9765059242854446,0.41105606599699945,-0.933948922472105,0.17489851948814272,0.180644966206232,-1.1164797037585896,0.9874821807308933,-2.422984513557822,-0.6048751434554046,0.0,0.0,0.0,1.0,0.0,0.0,0.0,0.0,Medium
0.5597664762028324,0.8015647611739815,-0.5589559183137431,0.6575205012316196,0.4432787874433374,0.1940994933019363,-1.9367675865668261,0.2838759186321269,0.20228545194197708,1.0,0.0,0.0,0.0,0.0,0.0,0.0,0.0,Medium
0.6690751838966328,1.3684322219147615,-0.3858822240868069,-0.6629868654831711,0.39760334027166633,0.8842861710438705,-2.167803121229174,-0.3351818483709557,-0.08746450538016066,1.0,0.0,0.0,0.0,0.0,0.0,0.0,0.0,Medium
-1.5102671757485007,-1.6926520660854507,0.42900641956501845,0.04083685789273251,-0.13908316399546056,-0.7907736311163285,-0.7815899132550861,0.035038973072063856,-1.558792210743218,0.0,0.0,0.0,0.0,1.0,0.0,0.0,0.0,Medium
-1.1823410526671017,0.9464308900299584,-0.03252343170681132,0.5100526734766683,-0.3788792616467304,2.039767238274748,-0.8079939743593543,0.22925317448479576,0.37914581550224186,0.0,0.0,0.0,0.0,0.0,0.0,1.0,0.0,Medium
-0.0345996218822041,0.41735459333856423,1.215049447512355,1.0127839044594564,0.48895423461500764,-1.4654504958752976,0.40659283643698996,1.958973405816938,1.5569605770844344,0.0,0.0,0.0,0.0,0.0,0.0,0.0,1.0,Low
-0.21905806611549045,-0.9305302577561798,1.1357240043250096,-0.12003713602175964,-0.6814790991590467,-0.7519990986589165,-0.10168533982017589,-0.0499297400460062,-0.6594384471069755,0.0,0.0,0.0,0.0,1.0,0.0,0.0,0.0,Medium
-1.1208549045893388,0.9653264720546509,0.29920114889481636,0.20841393488699528,0.9457087063317118,-0.837303070065223,2.2614781290118406,0.9272104608118005,1.445952476551927,0.0,0.0,0.0,0.0,0.0,0.0,1.0,0.0,Low
1.3932453723680558,-0.48963334384668417,-0.9700059421027168,1.3144226430491295,-1.0697204001182454,0.7602076671801514,-0.5043472716602683,0.00469300410132452,0.053647486822178576,0.0,1.0,0.0,0.0,0.0,0.0,0.0,0.0,Medium
-0.3830211276561905,-0.13691581271908762,-0.1623287023770134,-0.5892529516056954,0.3462184622035376,1.5356983163283917,0.7828507071728131,1.1639090187835677,0.8965564535774857,0.0,0.0,1.0,0.0,0.0,0.0,0.0,0.0,Low
-0.184899094961178,0.9779235267377795,-0.739241016466802,-0.9177040225144503,1.659387568389062,2.241394807053291,-0.029074171783438317,-0.5658112125485749,0.8720970415957477,0.0,0.0,1.0,0.0,0.0,0.0,0.0,0.0,Medium
-1.0115461968955395,0.4362501753632567,0.9987073297286845,-0.2004741329790055,1.316821714601534,-0.5038420909314799,-0.20730158423724937,-1.3608755995819455,-0.14202780903173035,0.0,0.0,0.0,1.0,0.0,0.0,0.0,0.0,Medium
2.178901708917242,-1.5477859372294733,0.5371774784568537,-0.44848820693051455,0.152097811723938,0.31042309067417234,0.5716182183386671,-0.6204339566959056,0.3095305660157536,0.0,0.0,0.0,0.0,1.0,0.0,0.0,0.0,Medium
-0.3283667738092908,-1.0753963866121568,0.7823652119450141,-1.3601075057793042,-0.4131358470254833,-0.8062834440992935,-0.4317361036235302,-1.828203521731331,-2.0141135722494314,0.0,0.0,0.0,1.0,0.0,0.0,0.0,0.0,High
-0.12341294688341622,0.6818927416842608,0.20545289785522602,0.8787222428640463,-0.17333974937421345,0.8997959840268356,0.9148710126941548,0.180699624131613,1.184424917670258,0.0,1.0,0.0,0.0,0.0,0.0,0.0,0.0,Low
0.18401779350539565,-0.31957310562445,-0.13348308667252462,0.9792684890606039,-0.09340771682379032,0.8144920126205285,0.5518151725104651,-0.6811258946373843,0.38479029519033564,0.0,0.0,0.0,1.0,0.0,0.0,0.0,0.0,Low
-0.26688062573152804,0.19690613638381643,1.5323512202617389,0.6977389997102423,-0.4359735706113184,1.814874950021759,0.7234415696882098,-2.204493536968499,0.4995613821815714,0.0,0.0,0.0,1.0,0.0,0.0,0.0,0.0,Medium
-1.455612821901601,-0.8738435116821018,-0.8762576910631265,0.865316076704505,-1.2295844652190917,-0.9691364804204241,0.6838354780318068,1.3156388636372642,-0.85699523619025,0.0,1.0,0.0,0.0,0.0,0.0,0.0,0.0,Medium
0.0132229377338335,1.3684322219147615,0.8977476747629712,-2.2046959738303884,0.02078090110538572,-0.9303619479630121,-0.1280894009244446,0.4962977014273023,-0.09122749183888897,0.0,0.0,1.0,0.0,0.0,0.0,0.0,0.0,Medium
1.3795817839063307,-0.19360255879316554,-0.061369047411301135,0.6441143350720785,-1.777689831279137,-1.0777051713011776,0.26797151563958055,-0.15917522834066763,-0.41672582051895224,0.0,1.0,0.0,0.0,0.0,0.0,0.0,0.0,Medium
0.18401779350539565,-0.28808046891662886,0.032379203628289215,-0.991437936391926,1.1398293568113105,-0.4262930260166559,-1.2370599673037148,-0.20165958489970287,-0.5597193059506557,1.0,0.0,0.0,0.0,0.0,0.0,0.0,0.0,Medium
0.5529346819719703,-1.931996105064891,-0.6238585536488442,0.38269409496102913,0.6659465924052301,-2.4037941813446686,-2.134798044848839,0.089661717219395,-1.7808084118082317,1.0,0.0,0.0,0.0,0.0,0.0,0.0,0.0,High
-0.3488621565018781,0.8078632885155453,0.2631441292642046,0.18830468564768393,-1.5436031645243258,-0.10058695337439479,0.8488608599334839,0.08359252342524705,0.0028471696293372005,0.0,1.0,0.0,0.0,0.0,0.0,0.0,0.0,Medium
-0.6562928968906899,-0.6785891640936108,-1.813740201459032,-0.9244071055942209,0.5860145598548074,0.17858968031897127,0.4792040044737275,1.0303867553123145,-0.5296154142808226,0.0,0.0,0.0,0.0,0.0,1.0,0.0,0.0,Medium
-0.5948067488129276,-1.384024226348804,0.5732344980874655,-0.5222221208079902,-0.18475861116713121,0.17858968031897127,0.5386131419583317,-1.7857191651722961,-1.2408198549806126,0.0,0.0,0.0,1.0,0.0,0.0,0.0,0.0,Medium
-0.2258898603463535,-1.0187096405380789,0.2487213214119597,-0.32783271149464555,0.13496951903456175,-0.5193519039144444,2.0304425943494926,-0.9785163905506297,-0.24927292310550955,0.0,0.0,0.0,1.0,0.0,0.0,0.0,0.0,Medium
-0.12341294688341622,0.08983117157722448,0.27035553319032757,0.30896018108355294,1.71648187735365,0.5430702854186444,1.0732953793197653,-0.6932642822256802,1.1731359582940704,0.0,0.0,0.0,1.0,0.0,0.0,0.0,0.0,Low
1.1199736031335565,-1.0124111131965146,0.8472678472801156,-0.32112962841487497,1.7393196009394847,1.8614043889706529,-1.4218883950335932,0.016831391689620428,0.9511197572290554,1.0,0.0,0.0,0.0,0.0,0.0,0.0,0.0,Medium
-0.41718009881050294,0.6252059956101834,-0.7320296125406794,-0.4954097884889083,-0.0991171477202492,-0.3642537740847969,-0.5043472716602683,0.9090028794293571,-0.3019547335277164,0.0,0.0,0.0,0.0,0.0,1.0,0.0,0.0,Medium
-0.3215349795784282,1.3747307492563254,-0.27771116519497163,-0.09992788678244782,-0.030603976962743418,-1.2948425530626846,0.34718369895238577,2.274571483112627,0.8777415212838415,0.0,0.0,0.0,0.0,0.0,0.0,0.0,1.0,Medium
-0.0345996218822041,2.2187334130259315,0.7607310001666472,0.8183944951461123,0.32338073861770206,1.3263158410583678,0.4131938517130566,-0.6143647629017577,1.795910217213728,0.0,0.0,0.0,1.0,0.0,0.0,0.0,0.0,Low
-0.2805442141932532,0.8456544525649312,0.24150991748583778,0.8854253259438174,1.0028030152963,-0.23242036372959585,0.5452141572343984,0.04717736066035976,1.1637284921472484,0.0,0.0,0.0,0.0,0.0,0.0,1.0,0.0,Low
-0.8749103122782896,-0.20619961347629417,-0.19838572200762516,1.401562723086146,1.0028030152963,-0.16262620530625377,1.6739877694418697,2.232087126553592,1.873051439617673,0.0,0.0,0.0,0.0,0.0,0.0,1.0,0.0,Low
1.475226903138406,-0.036139375254059976,0.3280467645993062,1.347938058447982,1.1512482186042283,0.7989821996375635,1.04029030293943,-0.274489910429477,2.055556282866031,0.0,0.0,0.0,1.0,0.0,0.0,0.0,0.0,Low
-0.5401523949660275,-0.18100550411003735,-0.42915064764354055,-0.7635331116797287,0.23202984427436155,-0.759754005150399,-1.5869137769352704,-0.38980459251828686,-1.513636373238469,1.0,0.0,0.0,0.0,0.0,0.0,0.0,0.0,Medium
-0.10974935842169105,-1.0313066952212073,2.123686342203771,0.5301619227159796,-0.5844187739192473,-0.8450579765567056,-0.5043472716602683,-0.9724471967564817,-0.5973491705379453,0.0,0.0,0.0,1.0,0.0,0.0,0.0,0.0,Medium
-0.26004883150066593,-0.993515531171822,0.5155432666784868,-1.1322026810671069,0.48324480371854833,0.2871583711997253,-0.9466152951567632,0.9029336856352087,-0.3903849153078488,0.0,0.0,1.0,0.0,0.0,0.0,0.0,0.0,Medium
0.7237295377435324,-1.957190214431148,2.368874075691931,-0.2742080468564812,0.8086823648167002,-0.17038111179773685,1.0336892876633632,0.6116123835161112,1.0809427900552098,0.0,0.0,0.0,0.0,1.0,0.0,0.0,0.0,Low
-0.6221339257363775,-0.036139375254059976,-0.10463747096803483,0.2352262672060777,-2.468530969750652,1.6675317266835927,1.9116243193802853,0.7876190035463997,0.29636011341020324,0.0,1.0,0.0,0.0,0.0,0.0,0.0,0.0,Medium
-0.7587698103536272,-2.0768622339208687,-0.003677816002322538,-0.6763930316427118,-2.5084969860258632,0.6516389762993985,0.26137050036351384,0.8361725538995824,-1.6942597232574634,0.0,1.0,0.0,0.0,0.0,0.0,0.0,0.0,High
-1.332640525746076,0.7070868510505182,-1.6839349307888298,0.496646507317127,-0.0363134078592023,1.5201885033454277,-0.16769549258084676,0.9272104608118005,0.17594454673087365,0.0,0.0,0.0,0.0,0.0,1.0,0.0,0.0,Medium
-0.0345996218822041,0.19690613638381643,0.032379203628289215,0.1614923533286015,0.9685464299175465,0.15532496084452427,1.4627552806077238,-0.35338942975339954,0.9586457301465147,0.0,0.0,0.0,1.0,0.0,0.0,0.0,0.0,Low
-2.1866148046038867,-0.8801420390236662,-0.7680866321712913,-0.8908916901953684,0.9742558608140057,-1.0466855453352482,-0.21390259951331655,2.3838169714072888,-0.7121202575291824,0.0,0.0,0.0,0.0,0.0,0.0,1.0,0.0,Medium
-0.4240118930413655,-0.3825583790400922,0.16939587822461427,-0.8506731917167452,-1.3780296685270208,-0.8450579765567056,-1.0852366159541722,0.9514872359883924,-1.3744058742654939,0.0,1.0,0.0,0.0,0.0,0.0,0.0,0.0,Medium
-0.7314426334301773,-2.3539974369496943,-0.5301103026092538,0.034133774812962384,-1.0468826765324104,0.7524527606886695,1.1327045168043695,0.5387820579863366,-0.8814546481719893,0.0,0.0,0.0,0.0,1.0,0.0,0.0,0.0,Medium
-0.57431136612034,-0.28808046891662886,0.9914959258025626,1.9042939540689343,-0.1562114566848372,0.6981684152482924,1.264724822325711,-0.3776662049299909,1.137387586936145,0.0,0.0,0.0,0.0,0.0,0.0,1.0,0.0,Low
-0.2805442141932532,-1.421815390398189,0.6381371334225671,-0.6696899485629412,0.47753537282208985,-0.5348617168974095,0.18875933232677533,-0.9845855843447776,-0.9341364585941961,0.0,0.0,0.0,0.0,1.0,0.0,0.0,0.0,Medium
0.08154088004245837,-1.3714271716656754,0.28477834104257144,0.8988314921033577,1.4938140723917563,-0.03079279495105272,0.9016689821420214,-0.39587378631243436,0.6989996644942114,0.0,0.0,0.0,0.0,1.0,0.0,0.0,0.0,Low
0.3001582954300581,-1.8312196675998633,1.6116766634490842,-0.7233146132011056,-0.9897883675678224,-1.5197348413156742,0.4527999433694588,0.15035365516087368,-0.9585958705759341,0.0,0.0,0.0,0.0,1.0,0.0,0.0,0.0,Medium
-0.6357975141981027,0.08353264423565972,-1.2728849069998558,-0.8171577763178927,0.2149015515849849,-0.061812420916982774,0.30757760729598366,-0.6629183132549409,-0.9680033367227575,0.0,0.0,0.0,0.0,0.0,1.0,0.0,0.0,Medium
-0.26004883150066593,-0.7919626562417666,0.16939587822461427,-1.1053903487480243,0.015071470208926834,0.37246234260603134,-0.3327208744825239,1.3095696698431158,-0.2097615652888544,0.0,0.0,1.0,0.0,0.0,0.0,0.0,0.0,Medium
0.38897162043127026,0.6881912690258256,-0.4075164358651737,0.4162095103598817,1.4538480561165446,1.0859137398224126,-0.3855289966910609,0.08359252342524705,1.2276992619456428,0.0,0.0,0.0,0.0,0.0,1.0,0.0,0.0,Low
0.4572895627398951,0.8960426712974447,-0.37867082016068443,-0.5825498685259247,-0.6472225137802943,0.9075508905183175,0.6904364933078745,0.7390654531932169,0.7046441441823051,0.0,1.0,0.0,0.0,0.0,0.0,0.0,0.0,Low
-0.4786662468882652,-0.6344994727026612,0.8256336355017477,-0.32112962841487497,-2.131674546859583,1.6520219137006278,2.004038533245224,-0.5293960497836876,-0.1138054105912641,0.0,1.0,0.0,0.0,0.0,0.0,0.0,0.0,Medium
0.68957056658922,-1.0502022772458999,-0.22723133771211498,0.6441143350720785,-0.7271545463307174,-0.29445961566145484,0.12274917956610448,-0.6082955691076097,-0.584178717932395,0.0,0.0,0.0,0.0,1.0,0.0,0.0,0.0,Medium
1.0243284839014812,-1.2265610428096985,-1.8497972210896438,-0.06641247138359528,2.156108056380978,0.26389365172527834,0.7894517224488807,-1.7857191651722961,-0.17401319393092757,0.0,0.0,0.0,1.0,0.0,0.0,0.0,0.0,Medium
-0.6494611026598274,-0.817156765608024,0.04680201148053412,1.9914340341059515,1.116991633225476,1.2487667761435437,-0.022473156507370667,0.544851251780485,1.2276992619456428,0.0,0.0,0.0,0.0,1.0,0.0,0.0,0.0,Low
0.5461028877411073,1.8975085186061567,-0.13348308667252462,2.4003221019719523,-0.6643508064696705,0.3957270620804794,-1.6727269755241427,0.18676881792576053,1.018853513486181,1.0,0.0,0.0,0.0,0.0,0.0,0.0,0.0,Medium
-0.6084703372746524,-0.88644056636523,1.820807377306633,-0.6361745331640887,-0.6072564975050825,1.3806001864987436,0.6046232947190026,-0.9785163905506297,-0.16460572778410548,0.0,0.0,0.0,1.0,0.0,0.0,0.0,0.0,Medium
-1.291649760360901,2.2187334130259315,-1.4099015815961802,-0.8506731917167452,0.9228709827458762,0.4034819685719614,1.205315684841107,0.8240341663112866,0.875860028054476,0.0,0.0,0.0,0.0,0.0,1.0,0.0,0.0,Medium
-0.6426293084289648,2.2187334130259315,0.8400564433539927,0.12797693792974896,-0.3217849526821424,0.6361291633164334,0.14255222539430648,0.6965810966341817,1.3067219775789505,0.0,0.0,0.0,0.0,0.0,0.0,1.0,0.0,Low
-0.9295646661251894,0.6566986323180045,1.4530257770743924,0.6508174181518496,1.3967537471519567,0.15532496084452427,-1.091837631230239,-1.1666613981692135,0.4092497071720736,0.0,0.0,0.0,1.0,0.0,0.0,0.0,0.0,Medium
0.8398700396681948,-0.7352759101676888,-0.3858822240868069,0.2620385995251592,0.043618624691220846,-1.3801465244689912,0.617825325271136,0.3931214069267884,-0.047953147563504175,0.0,0.0,0.0,0.0,0.0,0.0,0.0,1.0,Medium
0.061045497349871095,1.3873278039394539,-0.515687494757009,0.4698341749980456,-2.154512270445418,0.03124645698080628,-0.5241503174884697,-0.23200555387044222,-0.6199270892903204,0.0,1.0,0.0,0.0,0.0,0.0,0.0,0.0,Medium
-0.7860969872770771,-0.8486494023158451,0.21987570570747092,-0.4082697084518914,1.6194215521138502,-0.2711948961870079,1.4429522347795216,0.6480275462809989,0.6914736915767521,0.0,0.0,0.0,0.0,1.0,0.0,0.0,0.0,Medium
-0.5059934238117151,1.0535058548365503,0.501120458826242,0.05424302405227372,-1.343773083148268,-2.3262451164298446,-0.708978745218348,0.30815269380871785,-0.9905812554751313,0.0,1.0,0.0,0.0,0.0,0.0,0.0,0.0,Medium
0.13619523388935806,-1.2517551521759551,-0.6454927654272111,0.15478927024883138,0.003652608416009474,0.8300018256034934,-0.63636757718161,1.58268339057977,0.06305495296900065,0.0,0.0,0.0,0.0,1.0,0.0,0.0,0.0,Medium
0.8398700396681948,0.7196839057336467,-0.8546234792847597,0.07435227329158506,-0.6986073918484234,-0.8450579765567056,0.030334965701165832,-0.6265031504900536,-0.47128912417052327,0.0,0.0,0.0,0.0,0.0,1.0,0.0,0.0,Medium
0.532439299279383,0.007950316136889764,0.6886169609054237,-1.266264342662517,0.19206382799914978,1.814874950021759,-1.3096711353404529,-1.0452775222862563,-0.27561382831661296,1.0,0.0,0.0,0.0,0.0,0.0,0.0,0.0,Medium
-1.1276866988202014,0.8582515072480598,-0.13348308667252462,-0.414972791531662,-0.40171698523256555,0.00022683101487622702,1.5353664486444614,-0.20165958489970287,0.04612151390472198,0.0,0.0,0.0,0.0,0.0,0.0,1.0,0.0,Medium
-0.5948067488129276,0.4866383940957703,0.7895766158711359,0.6441143350720785,0.23773927517082002,-1.5972839062304982,-1.4614944866899957,0.9150720732235046,-0.09122749183888897,1.0,0.0,0.0,0.0,0.0,0.0,0.0,0.0,Medium
0.10203626273504562,-0.15581139474378056,0.3641037842299179,-0.4015666253721208,0.0264903320018446,-0.11609676635735981,-0.04227620233557268,-0.08027570901674554,-0.11568690382062691,0.0,0.0,1.0,0.0,0.0,0.0,0.0,0.0,Medium
-0.6972836622758649,-0.13061728537752332,-0.7680866321712913,1.0865178183369326,0.7744257794379477,2.101806490206608,1.6079776166811988,-0.10455248419333692,1.331181389560691,0.0,0.0,0.0,0.0,0.0,1.0,0.0,0.0,Low
0.2523357358140205,-0.14951286740221625,-0.6238585536488442,0.4765372580778157,-0.1333737330990021,-0.837303070065223,0.4527999433694588,-0.08634490281089349,-0.18530215330711514,0.0,0.0,0.0,0.0,0.0,1.0,0.0,0.0,Medium
-1.0593687565115766,0.17801055435912305,-1.3882673698178134,-0.5691437023663836,0.7116220395769004,1.3573354670242967,-0.17429650785691392,0.12607687998428185,-0.2586803892523316,0.0,0.0,0.0,0.0,0.0,1.0,0.0,0.0,Medium
0.12936343965849595,-0.653395054727354,-2.4194981312533095,0.0006183594141098294,-0.5958376357121647,-2.6364413760891408,-0.3855289966910609,-0.41408136769487824,-2.3320859280120367,0.0,0.0,0.0,0.0,0.0,1.0,0.0,0.0,High
2.178901708917242,-1.705249120768579,0.4362178234911414,-0.3479419607339569,0.9742558608140057,2.342208591442562,0.3999918211609223,0.9575564297825399,1.758280352626437,0.0,0.0,0.0,0.0,1.0,0.0,0.0,0.0,Low
0.2659993242757457,0.7448780150999031,-0.6022243418704774,1.0194869875392276,-1.0982675546005396,1.3418256540413316,-0.7551858521508178,-0.092414096605041,0.17970753318960195,0.0,1.0,0.0,0.0,0.0,0.0,0.0,0.0,Medium
1.1473007800570068,-0.798261183583331,-2.2536358409524953,-0.3546450438137275,-0.23614348923526035,0.10104061540414724,1.1063004557001006,0.271737531043831,-0.330177131968184,0.0,0.0,0.0,0.0,0.0,1.0,0.0,0.0,Medium
-0.7177790449684522,-0.15581139474378056,-0.2849225691210936,0.08775843945112627,-0.6300942210909176,0.9153057970097995,0.36038572950452014,1.0668019180772013,0.192877985795155,0.0,1.0,0.0,0.0,0.0,0.0,0.0,0.0,Medium
-0.9090692834326021,-0.514827453212941,0.8328450394278707,2.132198778781132,-1.2638410505978446,-0.7675089116418815,0.802653753001015,0.933279654605948,0.4092497071720736,0.0,1.0,0.0,0.0,0.0,0.0,0.0,0.0,Medium
0.7032341550509452,-0.17470697676847305,-0.9627945381765949,-1.4673568350556323,-0.6586413755732116,-1.1319895167415541,0.3207796378481171,0.7936881973405472,-0.8438247835846983,0.0,0.0,1.0,0.0,0.0,0.0,0.0,0.0,Medium
0.1703542050436705,-0.02984084791249611,0.508331862752365,-0.9244071055942209,1.7621573245253201,-1.2715778335882377,0.30757760729598366,-0.3169742669885123,0.21545590454752747,0.0,0.0,1.0,0.0,0.0,0.0,0.0,0.0,Medium
-0.3830211276561905,-0.6596935820689184,-0.003677816002322538,-0.78364236091904,-0.2875283673033895,-0.852812883048188,0.763047661344612,-0.28662829801777295,-0.8701656887958017,0.0,0.0,1.0,0.0,0.0,0.0,0.0,0.0,Medium
0.6759069781274949,-2.2217283627768456,1.1573582161033764,-0.4551912900102852,-1.338063652251809,-0.705469659710022,-0.8211960049114887,0.7147886780166252,-1.159915646117938,0.0,0.0,0.0,0.0,1.0,0.0,0.0,0.0,Medium
0.32748547235350844,-0.3321701603075786,-0.3137681848255834,1.1535486491346378,-0.8813091805351048,-0.6279205947951979,0.12935019484217214,0.4113289883092318,-0.05736061371032893,0.0,1.0,0.0,0.0,0.0,0.0,0.0,0.0,Medium
-1.1208549045893388,-0.6974847461183034,1.0275529454331744,-0.7769392778392695,0.22061098248144378,1.6132473812432158,1.5221644180923268,0.2474607558672392,0.6350288946958169,0.0,0.0,0.0,0.0,0.0,0.0,1.0,0.0,Medium
-0.11658115265255316,-0.6407980000442255,0.6092915177180772,-1.0249533517907785,1.4709763488059218,-0.6279205947951979,-0.6165645313534089,-1.476190281670755,-0.8174838783735948,0.0,0.0,0.0,1.0,0.0,0.0,0.0,0.0,Medium
-0.36935753919446535,0.35436931992292203,1.6837907027103078,-1.5410907489331076,-0.1961774729600486,0.7679625736716345,-1.2106559061994466,-1.2455609174931357,-0.7478686288871079,0.0,0.0,1.0,0.0,0.0,0.0,0.0,0.0,Medium
-1.4077902622855634,-0.9620228944640009,-0.20559712593374813,-0.8238608593976633,-0.8984374732244814,0.5198055659441974,0.9610781196266246,0.19890720551405644,-0.9924627487044955,0.0,0.0,0.0,0.0,0.0,0.0,1.0,0.0,Medium
-1.961165594985425,0.9023411986390086,1.0491871572115412,-0.3881604592125801,0.7116220395769004,0.37246234260603134,0.3207796378481171,-1.0392083284921083,-0.01408626943494415,0.0,0.0,0.0,0.0,0.0,0.0,1.0,0.0,Medium
1.318095635828569,-1.6611594293776297,1.4890827967050042,-1.226045844183894,0.4946636655114661,1.6210022877346988,0.5122090808540629,-0.38980459251828686,0.6162139624021727,0.0,0.0,0.0,0.0,1.0,0.0,0.0,0.0,Medium
0.30699008966092023,-0.017243793229367484,-0.2849225691210936,-0.18036488373969414,0.7458786249556537,-0.775263818133364,0.010531919872964762,2.3838169714072888,0.9435937843115988,0.0,0.0,0.0,0.0,0.0,1.0,0.0,0.0,Low
1.2019551339039065,-0.5589171446038907,0.42900641956501845,-1.4338414196567797,0.5460485435795956,-0.8838325090141176,-0.9664183409849643,-0.3594586235475475,-0.685779352318079,0.0,0.0,1.0,0.0,0.0,0.0,0.0,0.0,Medium
-0.8134241642005269,-1.081694913953721,0.7679424040927691,-0.5557375362068429,-0.1961774729600486,-0.10834185986587674,2.155861884594768,-1.8949646534669577,-0.7083572710704528,0.0,0.0,0.0,1.0,0.0,0.0,0.0,0.0,Medium
-0.1302447411142783,-0.6282009453610973,0.8184222315756258,-0.7233146132011056,-0.4074264161290244,-0.4418028389996209,1.1789116237368382,0.5023668952214498,0.04612151390472198,0.0,0.0,1.0,0.0,0.0,0.0,0.0,0.0,Medium
-1.6810620315200628,0.4047575386554356,-0.6887611889839452,-0.9579225209930734,0.5745956980618897,-0.061812420916982774,1.04029030293943,1.1881857939601586,0.06117345973963785,0.0,0.0,0.0,0.0,0.0,0.0,1.0,0.0,Medium
0.4982803281250706,-0.5337230352376339,-0.22001993378599305,0.8519099105449649,0.8372295192989943,-1.108724797267107,-1.1314437228866414,-1.0513467160804042,-0.6029936502260391,1.0,0.0,0.0,0.0,0.0,0.0,0.0,0.0,Medium
-0.0345996218822041,2.2187334130259315,1.8712872047894884,0.1816016025679138,0.180644966206232,-0.061812420916982774,0.43959791281732535,-0.4262197552831737,1.5381456447907875,0.0,0.0,0.0,1.0,0.0,0.0,0.0,0.0,Low
-1.5785851180571255,0.12132380828504559,-1.0204857695855736,0.37599101188125805,-0.7785394243988465,1.1324431787713076,-1.2238579367515805,-0.3594586235475475,-1.2521088143568002,0.0,0.0,0.0,0.0,0.0,0.0,1.0,0.0,Medium
0.0063911435029714025,0.7196839057336467,0.9410160983197059,0.9055345751831287,-0.2532717819246366,0.5585800984016094,-1.2700650436840504,0.6844427090458858,0.7742593936687907,1.0,0.0,0.0,0.0,0.0,0.0,0.0,0.0,Low
-1.3941266738238383,0.6818927416842608,0.9698617140241947,0.9457530736617514,-0.7043168227448823,-0.04630260793401775,0.11614816429003777,1.024317561518166,0.5560061790625066,0.0,0.0,0.0,0.0,0.0,0.0,1.0,0.0,Low
-0.027767827651341028,-0.4644392344804274,0.27756693711644953,-0.13344330218130038,0.734459763162736,0.00798173750635929,0.08314308790970233,0.8907952980469136,0.5409542332275907,0.0,0.0,0.0,0.0,1.0,0.0,0.0,0.0,Low
-0.9159010776634642,-0.28808046891662886,-0.5445331104614983,1.656279880117426,1.116991633225476,1.6442670072091456,1.541967463920528,-0.8571325146676724,1.1562025192297891,0.0,0.0,0.0,1.0,0.0,0.0,0.0,0.0,Medium
0.23184035312143325,1.702254171017665,-0.6887611889839452,0.731254415109095,0.38618447847874937,1.0083646749075885,-0.33932188975859107,-0.10455248419333692,1.0508388983853754,0.0,0.0,0.0,0.0,0.0,1.0,0.0,0.0,Low
-0.4035165103487778,0.09612969891878834,1.1934152357339882,0.22852318412630662,0.23773927517082002,1.1789726177202016,0.1755573017746419,-0.08634490281089349,0.8514006160727381,0.0,0.0,0.0,0.0,0.0,0.0,1.0,0.0,Low
1.7006761127568677,-0.9683214218055652,-0.061369047411301135,0.5435680888755208,0.8943238282635823,-0.03854770144253578,-1.4218883950335932,1.9771809871993813,1.0113275405687217,1.0,0.0,0.0,0.0,0.0,0.0,0.0,0.0,Medium
0.17718599927453355,-1.1257846053446707,-0.8618348832108815,-0.1602556345003828,-0.11624544040962545,-0.5038420909314799,0.2943755767438493,0.7633422283698079,-0.49574853615226117,0.0,0.0,0.0,0.0,1.0,0.0,0.0,0.0,Medium
0.7100659492818072,0.4236531206801281,-0.8546234792847597,-0.24069263145762865,1.0598973242608878,0.31042309067417234,-0.854201081291824,-1.6157817389361557,-0.36028102363801573,0.0,0.0,0.0,1.0,0.0,0.0,0.0,0.0,Medium
-0.38985292188705306,-0.5274245078960696,1.8640758008633664,-0.810454693238122,-2.360051782717935,0.7602076671801514,1.56177050974873,-0.5111884684012442,-0.3903849153078488,0.0,1.0,0.0,0.0,0.0,0.0,0.0,0.0,Medium
1.2907684589051185,-0.9809184764886933,0.7823652119450141,2.018246366425033,-0.7499922699165525,0.8997959840268356,0.9412750737984236,-0.371597011135843,1.1957138770464455,0.0,0.0,0.0,0.0,1.0,0.0,0.0,0.0,Low
0.38213982620040815,0.4740413394126417,-0.7608752282451687,-0.42167587461143263,-0.4245547088184007,-1.201783675164896,0.6772344627557401,0.44774415107411863,-0.21164305851821855,0.0,0.0,0.0,0.0,0.0,1.0,0.0,0.0,Medium
1.4205725492915062,0.37956342928917836,-0.8402006714325148,0.7781759966674887,1.1569576495006877,-0.7519990986589165,2.2614781290118406,-0.06813732142844962,1.6585612114701171,0.0,0.0,0.0,0.0,0.0,1.0,0.0,0.0,Low
0.19768138196712082,0.4614442847295131,-0.14069449059864658,0.7580667474281774,-0.1562114566848372,0.26389365172527834,-2.484651854480394,-0.5354652435778355,-0.6161641028315907,1.0,0.0,0.0,0.0,0.0,0.0,0.0,0.0,Medium
0.0063911435029714025,1.1227896555937564,-0.1623287023770134,0.1614923533286015,2.0818854547270127,1.6985513526495228,-0.550554378592738,-1.476190281670755,1.0301424728623658,0.0,0.0,0.0,1.0,0.0,0.0,0.0,0.0,Medium
-1.653734854596613,0.3102796285319723,-0.6310699575749666,-0.43508204077097334,-0.8013771479846816,-0.24793017671256087,-1.2304589520276477,-0.4019429801065823,-1.8109123034780634,0.0,0.0,0.0,0.0,0.0,0.0,1.0,0.0,High
1.400077166598918,-0.23139372284255097,0.9987073297286845,0.6843328335507021,2.4187418776180825,0.4189917815549264,-0.4185340730713963,-1.014931553315517,1.5419086312495158,0.0,0.0,0.0,1.0,0.0,0.0,0.0,0.0,Low
-0.26004883150066593,0.782669179149289,-0.804143651801903,0.4564280088385044,1.2254708202581925,0.16307986733600735,1.6937908152700718,-1.2273533361106923,0.78178536658625,0.0,0.0,0.0,1.0,0.0,0.0,0.0,0.0,Low
0.7032341550509452,-0.10542317601126651,0.16218447429849234,0.9524561567415225,-0.5273244649546593,0.0467562699637713,-0.03567518705950503,-1.6218509327303037,-0.25491740279360336,0.0,0.0,0.0,1.0,0.0,0.0,0.0,0.0,Medium
-1.6400712661348877,-1.1824713514187486,-0.07579185526354604,0.1145707717702087,-0.5273244649546593,1.0626490203479655,0.9016689821420214,0.13214607377842982,-0.5126819752165426,0.0,0.0,0.0,0.0,0.0,0.0,1.0,0.0,Medium
0.04055011465728383,0.2724884644825864,0.4073722077866516,-0.3613481268934981,-0.8984374732244814,-0.5193519039144444,1.5221644180923268,-0.5172576621953917,-0.06300509339842005,0.0,1.0,0.0,0.0,0.0,0.0,0.0,0.0,Medium
-0.4308436872722281,1.0472073274949865,2.368874075691931,0.2620385995251592,-1.0525921074288689,0.5973546308590214,0.4197948669891233,0.26566833724968264,1.1072836952663132,0.0,1.0,0.0,0.0,0.0,0.0,0.0,0.0,Low
-0.184899094961178,0.7070868510505182,-2.2392130331002504,-0.7300176962808762,-2.051742514309159,-0.34098905461034884,-0.17429650785691392,-0.05599893384015415,-1.8184382763955211,0.0,1.0,0.0,0.0,0.0,0.0,0.0,0.0,High
0.8193746569756066,0.5118325034620276,-0.9051033067676157,1.70990454475559,0.6602371615087717,-1.89197035290683,-1.2964691047883186,0.8543801352820259,0.34527893737367915,1.0,0.0,0.0,0.0,0.0,0.0,0.0,0.0,Medium
-1.5580897353645382,1.7589409170917434,2.123686342203771,-0.012787806745431382,-1.1039769854969983,0.1320602413700773,0.8356588293813505,-1.105969460227735,0.26249323528164054,0.0,0.0,0.0,0.0,0.0,0.0,1.0,0.0,Medium
1.9944432646839545,0.36696637460604975,1.063609965063786,-0.6495806993236298,-0.3103660908892246,-0.6124107818122334,-0.7155797604944152,-0.644710731872497,0.1232627363086668,1.0,0.0,0.0,0.0,0.0,0.0,0.0,0.0,Medium
-0.1780673007303159,-0.3825583790400922,-0.12627168274640166,-0.5021128715686785,0.5403391126831364,-1.8454409139579353,-0.9202112340524949,-0.025652964869414815,-1.095944876319545,0.0,0.0,0.0,0.0,0.0,0.0,0.0,1.0,Medium
-1.6878938257509255,-0.7289773828261245,-1.1142340206251637,0.9055345751831287,-0.8299243024669757,-0.7132245662015044,1.3439370056385154,-0.20772877869385084,-1.058315011732254,0.0,0.0,0.0,0.0,0.0,0.0,1.0,0.0,Medium
0.4641213569707582,-0.6093053633364043,0.09728183896339078,1.9378093694677867,-1.2467127579084685,0.6438840698079153,1.3571390361906497,0.8058265849288432,1.1204541478718635,0.0,1.0,0.0,0.0,0.0,0.0,0.0,0.0,Low
0.0132229377338335,-0.44554365245573446,-1.1647138481080206,-0.6026591177652361,0.20348268979206754,-0.3797635870677608,1.0204872571112287,-0.9906547781389256,-0.8043134257680431,0.0,0.0,0.0,0.0,0.0,1.0,0.0,0.0,Medium
0.22500855889057114,1.3873278039394539,-1.0349085774378184,1.8104507909521477,-0.30465665999276614,-0.11609676635735981,-0.9070092035003606,1.0607327242830538,0.819415231173541,0.0,0.0,0.0,0.0,0.0,1.0,0.0,0.0,Medium
-1.1140231103584768,0.34807079258135726,1.070821368989908,-0.26080188069694044,0.0892940718628915,-0.581391155846304,-0.9004081882242934,-1.1363154291984743,-0.8965065940069051,0.0,0.0,0.0,1.0,0.0,0.0,0.0,0.0,Medium
-2.5418681046087364,-0.3510657423322711,-0.27771116519497163,-0.8037516101583514,0.9285804136423356,-0.814038350590776,-0.14789244675264568,-0.638641538078349,-1.5437402649083007,0.0,0.0,0.0,0.0,0.0,0.0,1.0,0.0,Medium
0.48461673966334545,-1.5036962458385241,-1.6478779111582182,-1.4070290873376974,2.4187418776180825,-0.3177243351359018,-1.1710498145430441,-1.4033599561409804,-1.4872954680273656,0.0,0.0,0.0,0.0,0.0,1.0,0.0,0.0,High
-0.11658115265255316,0.07723411689409586,0.23429851355971584,-0.5825498685259247,2.0818854547270127,-0.2556850832040428,0.8092547682770818,-1.118107847816031,0.4957983957228431,0.0,0.0,0.0,1.0,0.0,0.0,0.0,0.0,Medium
0.293326501199196,0.53072808548672,-0.45078485942190794,1.099923984496473,-1.1896184489438804,0.4034819685719614,-1.0192264631935013,0.00469300410132452,-0.19094663299520892,0.0,1.0,0.0,0.0,0.0,0.0,0.0,0.0,Medium
-0.3351985680401529,-0.42664807043104197,-0.32819099267782775,0.24192935028584783,1.33395000729091,-0.744244192167434,0.26137050036351384,2.3838169714072888,1.0433129254679188,0.0,0.0,0.0,0.0,0.0,1.0,0.0,0.0,Medium
0.8603654223607822,-0.9116346757314873,-0.1839629141553813,-0.78364236091904,0.3747656166858316,1.7528356980898998,-0.29311478282612174,-0.7660946077554543,-0.09499047829761725,0.0,0.0,0.0,0.0,1.0,0.0,0.0,0.0,Medium
0.2659993242757457,-0.8045597109248953,0.08285903111114587,1.9579186187070992,1.4538480561165446,0.13981514786155924,0.3735877600566545,-0.44442733666561757,1.1072836952663132,0.0,0.0,0.0,0.0,1.0,0.0,0.0,0.0,Low
-0.5059934238117151,0.3228766832151009,-0.8257778635802698,0.7915821628270299,0.7173314704733597,0.9773450489416596,-0.5109482869363354,-0.5900879877251662,0.13643318891421718,0.0,0.0,0.0,0.0,0.0,1.0,0.0,0.0,Medium
-1.3189769372843514,0.5811163042192337,0.5660230941613436,0.19500776872745407,0.13496951903456175,1.4969237838709797,1.1789116237368382,0.12607687998428185,0.9943941015044402,0.0,0.0,0.0,0.0,0.0,0.0,1.0,0.0,Low
-0.9090692834326021,-1.5855771012788589,0.8689020590584824,-0.8037516101583514,1.687934722871356,-0.3875184935592439,0.763047661344612,-0.7236102511964195,-0.3339401184269123,0.0,0.0,0.0,0.0,1.0,0.0,0.0,0.0,Medium
-0.10974935842169105,0.6881912690258256,0.5155432666784868,1.2809072276502769,-0.030603976962743418,-2.551137404682834,-0.29971579810218846,-0.1409676469582242,-0.11004242413253312,0.0,0.0,0.0,0.0,0.0,0.0,0.0,1.0,Medium
-1.8245297103681752,-1.3273374802747255,1.2727406789213336,1.3278288092086707,-0.1676303184777546,0.4655212205038204,-1.382282303377191,0.22318398069064826,-0.5766527450149357,0.0,0.0,0.0,0.0,0.0,0.0,1.0,0.0,Medium
-0.5948067488129276,0.12132380828504559,-0.2632883573427267,1.1267363168155553,-0.10482657861670808,-0.9924011998948711,1.1063004557001006,-1.300183661640467,-0.30383622675708055,0.0,0.0,0.0,1.0,0.0,0.0,0.0,0.0,Medium
-0.10291756419082895,-1.4029198083734964,1.6044652595229623,-0.36805120997326823,0.32338073861770206,0.1940994933019363,-0.048877217611639386,-0.15310603454651966,-0.049834640792869665,0.0,0.0,0.0,0.0,1.0,0.0,0.0,0.0,Medium
0.19768138196712082,2.2187334130259315,0.7102511726837906,0.44972492575873424,-1.1496524326686686,-0.34098905461034884,-1.256863013131916,-1.2273533361106923,-0.21540604497694818,0.0,1.0,0.0,0.0,0.0,0.0,0.0,0.0,Medium
1.7621622608346306,-0.10542317601126651,-0.19838572200762516,0.985971572140375,-0.8813091805351048,-1.2095385816563782,-0.4449381341756646,-0.18952119731140696,-0.1138054105912641,0.0,1.0,0.0,0.0,0.0,0.0,0.0,0.0,Medium
0.6827387723583569,0.6126089409270548,-1.0637541931423078,0.0006183594141098294,0.9685464299175465,0.1708347738274893,1.0336892876633632,-1.8464111031137747,0.22110038423562126,0.0,0.0,0.0,1.0,0.0,0.0,0.0,0.0,Medium
0.9560105415928564,1.2928498938159907,1.8929214165678563,-0.5624406192866134,0.6316900070264777,1.2410118696520607,-0.6759736688380126,0.6905119028400333,1.895629358370048,1.0,0.0,0.0,0.0,0.0,0.0,0.0,0.0,Low
-0.7519380161227647,-1.1509787147109276,0.34968097637767304,0.9457530736617514,-0.9155657659138577,-1.1707640491989662,0.017132935149031473,0.06538494204280319,-0.9435439247410182,0.0,0.0,0.0,0.0,1.0,0.0,0.0,0.0,Medium
-0.499161629580853,0.5937133589023623,0.7390967883882803,-0.535628286967531,-0.01918511516982606,1.0316293943820356,0.0963451184618367,-0.6993334760198278,0.17218156027214537,0.0,0.0,0.0,1.0,0.0,0.0,0.0,0.0,Medium
-0.6221339257363775,-1.2580536795175195,0.3857379960082848,-2.2113990569101585,-0.6700602373661294,1.1324431787713076,-0.5439533633166709,-0.08027570901674554,-1.4910584544860939,0.0,0.0,1.0,0.0,0.0,0.0,0.0,0.0,Medium
1.7006761127568677,-0.5526186172623264,-0.6166471497227218,0.4698341749980456,0.45469764923625433,1.2797864021094727,-1.3360751964447213,-2.0527636921148025,-0.3527550507205578,0.0,0.0,0.0,1.0,0.0,0.0,0.0,0.0,Medium
-1.4624446161324631,0.9653264720546509,1.0275529454331744,-0.5155190377282197,0.8943238282635823,0.015736643997841252,0.12935019484217214,-1.4943978630531984,-0.14767228871982546,0.0,0.0,0.0,1.0,0.0,0.0,0.0,0.0,Medium
0.9970013069780319,0.16541349967599533,-0.3642480123084395,0.677629750470931,0.1863543971026909,0.8144920126205285,0.5650172030625994,-1.118107847816031,0.6162139624021727,0.0,0.0,0.0,1.0,0.0,0.0,0.0,0.0,Low
-0.49232983534999036,-1.0879934412952854,1.2727406789213336,-1.0048441025514667,-0.002056822480449409,-0.6124107818122334,0.5056080655779962,0.6419583524868505,-0.27185084185788333,0.0,0.0,0.0,0.0,1.0,0.0,0.0,0.0,Medium
-0.15074012380686558,0.4047575386554356,0.025167799702167273,1.2742041445705068,0.7059126086804419,0.5973546308590214,-0.4185340730713963,-2.410846125969526,-0.05736061371032893,0.0,0.0,0.0,1.0,0.0,0.0,0.0,0.0,Medium
-1.2984815545917636,-0.3762598516985284,0.6958283648315456,0.9926746552201452,0.3747656166858316,0.7602076671801514,-1.9433686018428933,0.010762197895472473,-0.3151251861332668,1.0,0.0,0.0,0.0,0.0,0.0,0.0,0.0,Medium
-0.16440371226859074,-1.2139639881265698,-0.10463747096803483,-0.012787806745431382,0.6545277306123124,-0.620165688303716,-0.7815899132550861,-0.001376189692823002,-0.7459871356577438,0.0,0.0,0.0,0.0,1.0,0.0,0.0,0.0,Medium
-0.4035165103487778,-0.12431875803595945,1.063609965063786,0.26874168260493025,-1.338063652251809,-0.12385167284884177,-1.3756812881011238,-2.0952480486738376,-1.6340519399177986,0.0,0.0,0.0,1.0,0.0,0.0,0.0,0.0,Medium
-0.3351985680401529,1.563686569503252,-1.8930656446463778,-1.4271383365770092,-0.4531018633006947,-0.04630260793401775,0.6046232947190026,0.7087194842224777,-0.36028102363801573,0.0,0.0,0.0,0.0,0.0,1.0,0.0,0.0,Medium
-0.12341294688341622,-1.5225918278632167,0.14776166644624744,-0.9981410194716966,1.5509083813563445,-1.27933274007972,0.4527999433694588,-0.05599893384015415,-0.5220894413633647,0.0,0.0,0.0,0.0,1.0,0.0,0.0,0.0,Medium
-0.21222627188462834,1.5573880421616881,1.1357240043250096,1.951215535627328,-0.40171698523256555,1.938953453885477,-0.26010970644578635,0.47202092625071046,2.076252708389041,0.0,1.0,0.0,0.0,0.0,0.0,0.0,0.0,Low
-1.4761082045941882,2.2187334130259315,-0.4075164358651737,0.02072760865342117,-0.27610950551047214,0.8377567320949755,0.426395882265191,1.1699782125777152,0.9398307978528705,0.0,0.0,0.0,0.0,0.0,0.0,1.0,0.0,Medium
-1.1003595218967515,0.4488472300463853,-1.2873077148521006,-0.18036488373969414,0.4318599256504196,0.4577663140123384,-0.5571553938688052,-1.4883286692590505,-1.1523896732004801,0.0,0.0,0.0,1.0,0.0,0.0,0.0,0.0,Medium
-0.9773872257412269,-0.5337230352376339,-0.9916401538810842,0.4698341749980456,1.316821714601534,0.9385705164842476,0.11614816429003777,-0.274489910429477,0.06681793942773163,0.0,0.0,0.0,0.0,0.0,1.0,0.0,0.0,Medium
0.68957056658922,-1.5099947731800885,1.222260851438477,1.5088120523624746,-0.3103660908892246,-0.34874396110183187,-0.940014279880696,1.1214246622245323,0.4675759972823742,0.0,0.0,0.0,0.0,1.0,0.0,0.0,0.0,Medium
1.0174966896706192,-0.3636627970153997,0.29198974496869445,0.0274306917331913,-0.1904680420635901,1.6287571942261807,-0.550554378592738,-0.274489910429477,0.43182762592444873,1.0,0.0,0.0,0.0,0.0,0.0,0.0,0.0,Medium
1.1473007800570068,0.3354737378982286,0.19103009000298113,1.1133301506560143,-0.3503321071644364,1.3340707475498497,-0.5109482869363354,0.9818332049591316,1.4327820239463738,1.0,0.0,0.0,0.0,0.0,0.0,0.0,0.0,Low
-0.2395534488080787,-0.710081800801432,0.24150991748583778,0.6307081689125372,-1.3095164977695148,-0.05405751442550081,1.0732953793197653,-1.1363154291984743,-0.6613199403363397,0.0,1.0,0.0,0.0,0.0,0.0,0.0,0.0,Medium
-1.0115461968955395,0.8582515072480598,0.40016080386052966,2.319885105014706,-0.3274943835786013,0.5508251919101275,-0.9796203715370986,-0.9845855843447776,0.21733739777689295,0.0,0.0,0.0,1.0,0.0,0.0,0.0,0.0,Medium
0.0063911435029714025,-1.2958448435669045,-0.09021466311578992,0.1145707717702087,-0.0991171477202492,0.30266818418269037,0.20856237815497736,1.0182483677240184,0.04988450036345028,0.0,0.0,0.0,0.0,1.0,0.0,0.0,0.0,Medium
0.9560105415928564,-0.7415744375092531,-1.0637541931423078,-0.5222221208079902,1.7279007391465677,-0.09283204688291283,0.8092547682770818,-0.6568491194607929,0.2399153165292681,0.0,0.0,0.0,0.0,0.0,1.0,0.0,0.0,Medium
1.6186945819865177,-1.3084418982500332,0.3352581685254281,0.44972492575873424,-0.01918511516982606,-0.5193519039144444,-0.022473156507370667,1.285292894666525,0.6613697999069204,0.0,0.0,0.0,0.0,1.0,0.0,0.0,0.0,Medium
0.7715520973595701,0.6315045229517473,0.45064063134338633,-0.31442654533510433,0.6773654541981479,0.9230607035012826,-1.699131036628411,1.2913620884606725,0.9925126082750774,1.0,0.0,0.0,0.0,0.0,0.0,0.0,0.0,Low
0.6622433896657697,0.6818927416842608,-0.21280852985987006,-0.7367207793606463,-0.053441700548578545,-0.953626667437459,-0.19409955368511547,0.7815498097522513,0.0781068988039192,0.0,0.0,1.0,0.0,0.0,0.0,0.0,0.0,Medium
0.026886526195558667,0.09612969891878834,0.3208353606731832,-0.9780317702323847,0.12926008813810286,-0.682204940235575,-1.4218883950335932,0.30208350001457035,-0.7365796695109204,1.0,0.0,0.0,0.0,0.0,0.0,0.0,0.0,Medium
-0.3830211276561905,0.3228766832151009,-0.5084760908308865,-2.244914472309011,1.7279007391465677,0.8300018256034934,-0.6495696077337443,-0.7660946077554543,-0.5296154142808226,0.0,0.0,1.0,0.0,0.0,0.0,0.0,0.0,Medium
1.9192935281444674,-0.9305302577561798,0.45064063134338633,-0.12674021910153024,-1.2010373107367978,1.2099922436861317,0.3273806531241847,0.7997573911346956,0.7140516103291272,0.0,1.0,0.0,0.0,0.0,0.0,0.0,0.0,Medium
0.20451317619798293,0.5559221948529764,-0.11184887489415779,-1.266264342662517,-1.3095164977695148,-0.5581264363718564,0.4197948669891233,0.30208350001457035,-0.6443865012720583,0.0,1.0,0.0,0.0,0.0,0.0,0.0,0.0,Medium
-0.36935753919446535,-0.3762598516985284,-0.40030503193905126,0.007321442493879959,0.6773654541981479,-0.821793257082258,1.3373359903624487,-1.3305296306112062,-0.40543686114276467,0.0,0.0,0.0,1.0,0.0,0.0,0.0,0.0,Medium
-1.1481820815127892,-1.396621281031932,-1.1358682324035312,-0.7970485270785813,2.0647571620376364,0.4189917815549264,-0.49114524110813434,-0.6871950884315322,-1.0300926132917865,0.0,0.0,0.0,0.0,1.0,0.0,0.0,0.0,Medium
0.34114906081523266,-0.11172170335283083,-2.1887332056173943,-0.5222221208079902,-0.24756235102817814,1.853649482479171,-1.1248427076105743,1.273154507078229,-0.2680878553991537,0.0,0.0,0.0,0.0,0.0,1.0,0.0,0.0,Medium
1.4478997262149556,-0.33846868764914295,-0.2849225691210936,-0.4954097884889083,-0.059151131445037426,-1.3491268985030618,1.7333969069264739,-1.3487372119936496,-0.23422097727059235,0.0,0.0,0.0,1.0,0.0,0.0,0.0,0.0,Medium
-0.11658115265255316,-0.6219024180195329,-0.5445331104614983,-0.05970938830382515,-0.4930678795759064,-0.581391155846304,-0.8211960049114887,0.6540967400751465,-0.8889806210894472,1.0,0.0,0.0,0.0,0.0,0.0,0.0,0.0,Medium
1.4478997262149556,-0.04243790259562474,-1.381055965891691,-1.4807630012151731,0.39189390937520785,0.9308156099927645,-0.7419838215986835,-0.03172215866356234,-0.3207696658213606,0.0,0.0,1.0,0.0,0.0,0.0,0.0,0.0,Medium
0.8330382454373318,-0.4959318711882485,1.5251398163356158,-1.1456088472266475,-0.1676303184777546,-0.39527340005072586,1.3571390361906497,0.6783735152517383,0.7554444613751465,0.0,0.0,1.0,0.0,0.0,0.0,0.0,0.0,Low
-1.933838418061975,2.105359920877776,0.6165029216442002,-0.23398954837785804,-0.5958376357121647,1.3263158410583678,0.4197948669891233,2.3838169714072888,1.4704118885336648,0.0,0.0,0.0,0.0,0.0,0.0,1.0,0.0,Medium
1.1131418089026943,-0.3510657423322711,1.8784986087156115,-0.07981863754313649,0.8771955355742059,1.0161195813990715,-0.9136102187764278,0.5630588331629285,1.3989151458178137,1.0,0.0,0.0,0.0,0.0,0.0,0.0,0.0,Low
-0.184899094961178,-0.24399077752567958,-0.7825094400235362,0.8183944951461123,2.270296674310154,0.2949132776912073,0.4329968975412577,1.479507096079256,1.6284573198002854,0.0,0.0,0.0,0.0,0.0,1.0,0.0,0.0,Low
-1.6605666488274755,0.4236531206801281,1.2943748906997006,-0.8305639424774338,-0.27610950551047214,1.6752866331750758,0.30757760729598366,0.48415931383900634,0.4092497071720736,0.0,0.0,0.0,0.0,0.0,0.0,1.0,0.0,Medium
1.6870125242951426,1.0157146907871655,-2.0084481074643357,0.14138310408929017,0.6031428525441836,-1.5274897478071567,-0.5175493022124026,0.5812664145453719,0.17970753318960195,0.0,0.0,0.0,0.0,0.0,1.0,0.0,0.0,Medium
0.2455039415831584,-1.4910991911553955,2.246280208947851,1.8573723725105413,1.448138625220086,1.0548941138564836,2.1690639151469013,-0.5900879877251662,2.3735286386286356,0.0,0.0,0.0,0.0,1.0,0.0,0.0,0.0,Low
-0.2395534488080787,-1.1257846053446707,-1.2440392912953664,-0.07311555446336589,1.8363799261792846,0.9153057970097995,-0.8608020965678908,0.9575564297825399,0.1646555873546861,0.0,0.0,0.0,0.0,0.0,1.0,0.0,0.0,Medium
0.8398700396681948,-0.710081800801432,2.368874075691931,1.3747503907670644,-0.20759633475296635,0.15532496084452427,-1.5209036241745995,-0.019583771075266862,0.6914736915767521,1.0,0.0,0.0,0.0,0.0,0.0,0.0,0.0,Medium
0.5051121223559327,2.2187334130259315,0.5588116902352216,-0.9311101886739915,-0.7043168227448823,-1.7291173165856992,0.743244615516411,2.3838169714072888,1.2314622484043711,0.0,0.0,0.0,0.0,0.0,0.0,0.0,1.0,Medium
0.08154088004245837,1.1416852376184499,0.8184222315756258,0.2352262672060777,-0.11624544040962545,-1.4266759634178856,-0.6825746841140797,-1.834272715525479,-0.6312160486665079,0.0,0.0,0.0,1.0,0.0,0.0,0.0,0.0,Medium
0.9013561877459567,1.204670511034092,-1.4748042169312814,-0.1602556345003828,0.180644966206232,2.264659526527738,-1.3360751964447213,0.7815498097522513,0.8118892582560817,0.0,0.0,0.0,0.0,0.0,1.0,0.0,0.0,Medium
-1.0183779911264015,-2.5240576751719277,-1.2656735030737334,-0.3479419607339569,0.2777052914460318,0.3957270620804794,0.7960527377249474,-0.7539562201671589,-1.6020665550186013,0.0,0.0,0.0,0.0,1.0,0.0,0.0,0.0,Medium
0.9765059242854446,-0.05503495727875291,-0.58059013009211,0.12127385484997882,0.10642236455226774,0.07002098943821829,-0.7485848368747506,-1.021000747109665,-0.4280147798951385,0.0,0.0,0.0,1.0,0.0,0.0,0.0,0.0,Medium
-0.4854980411191278,0.889744143955881,1.4746599888527592,-1.7891048228846167,0.40902220206458406,1.1169333657883427,-2.1942071823334426,-0.092414096605041,-0.292547267380893,1.0,0.0,0.0,0.0,0.0,0.0,0.0,0.0,Medium
1.2634412819816683,0.32917521055666477,-1.9002770485725005,-0.7300176962808762,0.7630069176450299,-0.7907736311163285,1.1063004557001006,-1.464051894082459,-0.41672582051895224,0.0,0.0,0.0,0.0,0.0,1.0,0.0,0.0,Medium
-0.8749103122782896,1.2172675657172198,0.010744991849922367,-1.869541819841863,1.9962439912801309,1.1867275242116835,0.3273806531241847,-0.7539562201671589,0.507087355099028,0.0,0.0,1.0,0.0,0.0,0.0,0.0,0.0,Medium
0.38897162043127026,-0.0739305393034454,-0.24165414556435988,-0.07311555446336589,1.6251309830103087,0.0467562699637713,-0.39873102724319476,-0.4383581428714696,0.37350133581414807,0.0,0.0,0.0,1.0,0.0,0.0,0.0,0.0,Medium
-0.1370765353451414,-0.8801420390236662,-1.1430796363296536,-0.78364236091904,-0.09340771682379032,0.7834723866545995,-0.867403111843958,-0.037791352457710294,-1.1486266867417518,0.0,0.0,0.0,0.0,0.0,1.0,0.0,0.0,Medium
-0.8339195468931146,0.9779235267377795,0.5948687098658333,-2.4393038816223562,1.8649270806615785,0.16307986733600735,-0.40533204251926197,-1.549020607200529,-0.5108004819871784,0.0,0.0,1.0,0.0,0.0,0.0,0.0,0.0,Medium
-0.499161629580853,-1.421815390398189,-0.8978919028414933,-0.5758467854461542,1.3396594381873685,1.1246882722798246,0.16895628649857428,1.5098530650499953,0.34151595091495085,0.0,0.0,0.0,0.0,1.0,0.0,0.0,0.0,Medium
-0.4854980411191278,1.6266718429188942,0.9193818865413391,-0.3479419607339569,0.848648381091912,-0.5503715298803739,-0.24690767589365198,0.9029336856352087,1.062127857761563,0.0,0.0,0.0,0.0,0.0,0.0,1.0,0.0,Low
0.8398700396681948,-0.2943789962581932,0.010744991849922367,0.2218201010465365,-0.47023015599007134,-0.6899598467270575,-1.4284894103096604,1.7951051733749452,0.0442400206753565,1.0,0.0,0.0,0.0,0.0,0.0,0.0,0.0,Medium
0.7715520973595701,0.5622207221945412,2.368874075691931,-0.032897055984742726,-2.474240400647111,0.0467562699637713,-3.316379779264847,-0.7175410574022716,-1.2276494023750608,1.0,0.0,0.0,0.0,0.0,0.0,0.0,0.0,Medium
-0.16440371226859074,2.105359920877776,-1.2512506952214888,1.0261900706189977,1.2939839910156983,0.20185439979341935,-0.9268122493285617,0.8179649725171391,1.2615661400742029,0.0,0.0,0.0,0.0,0.0,1.0,0.0,0.0,Low
-0.08242218149824072,-1.7493388121595288,-1.7704717779022978,-1.226045844183894,-1.3494825140447266,0.9463254229757295,0.12274917956610448,0.5327128641921891,-1.707430175863015,0.0,0.0,0.0,0.0,1.0,0.0,0.0,0.0,High
0.14985882235108322,-1.1446801873693633,-0.4796304751263972,0.4028033442003405,-1.3095164977695148,-0.86056778953967,1.7994070596871448,1.716205654051023,0.11573676339120753,0.0,1.0,0.0,0.0,0.0,0.0,0.0,0.0,Medium
0.7237295377435324,0.9779235267377795,-1.3666331580394462,-0.24069263145762865,1.0598973242608878,0.31817799716565537,-1.1446457534387757,0.933279654605948,0.5710581248974225,0.0,0.0,0.0,0.0,0.0,1.0,0.0,0.0,Low
-0.11658115265255316,0.001651788795325004,0.9049590786890942,1.4283750554052284,0.7458786249556537,1.2487667761435437,0.6310273558232703,-0.05599893384015415,1.6453907588645666,0.0,0.0,0.0,0.0,0.0,0.0,1.0,0.0,Low
-0.3761893334253279,-0.8234552929495877,-0.8618348832108815,-0.0865217206229071,-0.7328639772271763,-0.5348617168974095,2.2614781290118406,0.17463043033746506,-0.3395845981150061,0.0,1.0,0.0,0.0,0.0,0.0,0.0,0.0,Medium
-0.17123550649945382,1.1857749290093986,-0.8762576910631265,-0.23398954837785804,1.6536781374926026,0.5120506594527154,-1.0390295090217023,0.38705221313264,0.6312659082370886,1.0,0.0,0.0,0.0,0.0,0.0,0.0,0.0,Medium
-0.007272444958753764,-0.14951286740221625,-2.39065251554882,-0.42167587461143263,-1.4465428392845265,-0.8450579765567056,0.9610781196266246,-0.7843021891378982,-1.7996233441018759,0.0,0.0,0.0,0.0,0.0,1.0,0.0,0.0,High
-0.8202559584313895,-0.08652759398657402,1.6910021066364298,0.4028033442003405,-1.6692106442464196,0.5818448178760564,-1.4614944866899957,0.6237507711044071,-0.41108134083085845,0.0,1.0,0.0,0.0,0.0,0.0,0.0,0.0,Medium
-0.45817086419567793,-1.6044726833035519,0.21266430178134796,0.6977389997102423,-0.7785394243988465,0.20185439979341935,0.8356588293813505,-0.553672824960279,-0.6199270892903204,0.0,0.0,0.0,0.0,1.0,0.0,0.0,0.0,Medium
1.482058697369268,-1.8501152496245563,0.5443888823829767,0.496646507317127,-0.042022838755661186,-1.201783675164896,2.2614781290118406,-1.6036433513478603,-0.02725672204049453,0.0,0.0,0.0,0.0,1.0,0.0,0.0,0.0,Medium
-0.7109472507375897,0.5496236675114126,-0.3354023966039502,0.7111451658697836,-1.6920483678322549,1.6054924747517338,-0.8343980354636226,0.7572730345756604,-0.1138054105912641,0.0,1.0,0.0,0.0,0.0,0.0,0.0,0.0,Medium
-1.2779861718991763,-0.514827453212941,-0.933948922472105,0.4162095103598817,0.180644966206232,-1.5740191867560511,1.3241339598103143,-0.037791352457710294,-0.7365796695109204,0.0,0.0,0.0,0.0,0.0,0.0,1.0,0.0,Medium
-0.47183445265740265,-0.06763201196188108,-0.804143651801903,-1.1992335118648119,0.8886143973671238,1.0471392073650005,-0.35912493558679265,-0.5779496001368704,-0.539022880427646,0.0,0.0,1.0,0.0,0.0,0.0,0.0,0.0,Medium
0.6622433896657697,0.014248843478453628,1.4602371810005152,-0.9244071055942209,-0.030603976962743418,-0.34098905461034884,-0.3327208744825239,-1.4337059251117197,-0.40543686114276467,0.0,0.0,0.0,1.0,0.0,0.0,0.0,0.0,Medium
1.7553304666037675,0.3102796285319723,-0.14790589452476954,-0.8841886071155978,0.7230409013698181,-0.21691055074663082,-0.2271046300654509,1.0546635304889054,0.9210158655592237,0.0,0.0,1.0,0.0,0.0,0.0,0.0,0.0,Low
0.33431726658437055,0.6378030502933121,-0.7031839968361902,0.6977389997102423,0.04932805558767973,1.0471392073650005,0.16235527122250756,-0.6265031504900536,0.5221393009339466,0.0,0.0,0.0,0.0,0.0,1.0,0.0,0.0,Low
-3.2592064988492973,-0.28808046891662886,2.3183942482090742,-1.4807630012151731,-0.1276643022025432,-0.2014007377636658,-0.5769584396970063,0.38705221313264,-1.1617971393473023,0.0,0.0,0.0,0.0,0.0,0.0,1.0,0.0,Medium
-0.9500600488177766,1.4125219133057112,1.791961761602143,0.0274306917331913,-0.4473924324042362,-1.069950264809695,1.2977298987060466,1.4491611271085167,1.3104849640376814,0.0,0.0,0.0,0.0,0.0,0.0,1.0,0.0,Low
-0.5401523949660275,-0.3006775235997575,0.5299660745307317,-0.6093622008450067,-0.26469064371755435,-0.28670470916997287,0.6706334474796734,0.30815269380871785,-0.1777761803896572,0.0,0.0,1.0,0.0,0.0,0.0,0.0,0.0,Medium
0.6827387723583569,2.2187334130259315,1.3448547181825572,0.6977389997102423,0.7230409013698181,2.233639900561808,0.3735877600566545,-2.696098234294476,1.8109621630486439,0.0,0.0,0.0,1.0,0.0,0.0,0.0,0.0,Low
0.1566906165819463,0.014248843478453628,-0.11906027882027972,1.039596236778539,1.2882745601192398,0.1320602413700773,-0.4581401647277989,0.3384986627794572,0.9247788520179546,1.0,0.0,0.0,0.0,0.0,0.0,0.0,0.0,Low
0.764720303128707,-1.1761728240771843,1.921767032272345,1.0060808213796864,-0.9840789366713635,-0.17038111179773685,-0.6891756993901469,1.6919288788744313,0.757325954604512,0.0,1.0,0.0,0.0,0.0,0.0,0.0,0.0,Medium
0.06787729158073319,-0.25658783220880776,0.7174625766099124,1.3278288092086707,0.7059126086804419,0.3414427166401024,-0.35912493558679265,-0.8632017084618203,0.5597691655212349,0.0,0.0,0.0,1.0,0.0,0.0,0.0,0.0,Low
-0.06875859303651653,-0.43294659777260625,0.45064063134338633,1.837263123271229,0.48324480371854833,-1.1707640491989662,-0.3789279814149937,1.139632243606976,0.757325954604512,0.0,0.0,0.0,0.0,0.0,0.0,0.0,1.0,Low
1.256609487750806,-0.9305302577561798,0.8039994237233808,0.0274306917331913,-0.5501621885404945,0.07777589592970025,-0.9466152951567632,-2.0284869169382107,-0.9698848299521217,0.0,0.0,0.0,1.0,0.0,0.0,0.0,0.0,Medium
-1.0252097853572641,0.15911497233443056,1.9506126479768349,0.42961567651942195,-1.7891086930720543,-2.0780881087024072,1.541967463920528,-0.9542396153740383,-0.6933053252355369,0.0,1.0,0.0,0.0,0.0,0.0,0.0,0.0,Medium
-0.5606477776586153,-1.2832477888837763,0.2487213214119597,-0.4820036223293671,1.04847846246797,-0.24793017671256087,0.5914212641668681,-0.6932642822256802,-0.46188165802369985,0.0,0.0,0.0,0.0,1.0,0.0,0.0,0.0,Medium
1.3112638415977058,-0.6911862187767395,-0.7608752282451687,-0.006084723665661253,-0.5216150340582004,1.9622181733599238,1.0534923334915642,-0.15310603454651966,0.6387918811545452,0.0,0.0,0.0,0.0,0.0,1.0,0.0,0.0,Medium
-0.00044065072789166643,-0.7163803281429962,0.3785265920821628,-0.32112962841487497,-0.3674603998538126,-0.03854770144253578,-0.14789244675264568,-0.8692709022559683,-0.8099579054561369,0.0,0.0,0.0,1.0,0.0,0.0,0.0,0.0,Medium
-0.6426293084289648,0.2598914097994587,-0.883469094989249,1.830560040191459,-1.3551919449411856,-1.5042250283327097,-0.7155797604944152,-0.18345200351725902,-1.1109968221544608,0.0,1.0,0.0,0.0,0.0,0.0,0.0,0.0,Medium
0.43679418004730786,0.4866383940957703,-0.7752980360974137,-1.2126396780243527,-0.4645207250936124,0.13981514786155924,0.2019613628789097,0.4113289883092318,-0.2643248689404254,0.0,0.0,1.0,0.0,0.0,0.0,0.0,0.0,Medium
-1.2028364353596888,-0.5778127266285832,0.42900641956501845,-0.5021128715686785,-0.8984374732244814,0.5275604724356794,-0.8409990507396897,0.3324294689853097,-1.0470260523560664,0.0,0.0,0.0,0.0,0.0,0.0,1.0,0.0,Medium
2.178901708917242,0.6944897963673895,-0.6022243418704774,-0.7233146132011056,1.5680366740457208,-0.3797635870677608,-0.5439533633166709,0.13821526757257777,0.9492382639996926,0.0,0.0,1.0,0.0,0.0,0.0,0.0,0.0,Medium
0.3138218838917833,1.6896571163345364,-2.224790225248006,-0.18036488373969414,-0.24185292013171925,-1.27933274007972,-0.10168533982017589,-0.4019429801065823,-0.7290536965934624,0.0,0.0,0.0,0.0,0.0,1.0,0.0,0.0,Medium
0.28649470696833296,0.9401323626883945,1.0419757532854181,0.4028033442003405,-0.7956677170882228,0.0467562699637713,-1.1050396617823732,1.6008909719622133,0.8438746431552788,1.0,0.0,0.0,0.0,0.0,0.0,0.0,0.0,Low
-0.8612467238165645,-0.8297538202911521,0.8400564433539927,-0.12674021910153024,0.003652608416009474,1.6442670072091456,-0.4119330577953291,0.4598825386624146,0.15524812120786402,0.0,0.0,0.0,0.0,0.0,0.0,1.0,0.0,Medium
1.2634412819816683,-0.6911862187767395,-0.724818208614557,-1.1992335118648119,-0.4245547088184007,0.6051095373505034,1.2383207612214424,0.5812664145453719,0.19475947902451782,0.0,0.0,1.0,0.0,0.0,0.0,0.0,0.0,Medium
0.7510567146669818,0.5181310308035915,0.11170464681563567,-0.42167587461143263,-0.3389132453715186,0.4189917815549264,0.6310273558232703,-0.3776662049299909,0.4054867207133453,0.0,1.0,0.0,0.0,0.0,0.0,0.0,0.0,Low
0.27966291273747085,-0.08022906664500971,0.18381868607685917,-0.3412388776541863,-0.13908316399546056,0.5353153789271624,-1.4086863644814591,0.3202910813970138,-0.26620636216978955,1.0,0.0,0.0,0.0,0.0,0.0,0.0,0.0,Medium
0.450457768509033,0.058338534869403366,-0.046946239559056226,1.0060808213796864,-0.04773226965212007,-0.49608718443999744,-0.04227620233557268,0.6237507711044071,0.5710581248974225,0.0,0.0,0.0,0.0,0.0,1.0,0.0,0.0,Low
-0.10291756419082895,2.2187334130259315,1.0131301375809294,0.48994342423735693,0.6431088688193954,0.11655042838711226,-0.26010970644578635,0.7815498097522513,1.8053176833605502,1.0,0.0,0.0,0.0,0.0,0.0,0.0,0.0,Low
-0.8475831353548393,0.8204603431986739,1.6765792987841859,-0.46189437309005577,-1.4179956848022326,-0.2014007377636658,-1.006024432641367,1.091078693253793,-0.18153916684838683,0.0,1.0,0.0,0.0,0.0,0.0,0.0,0.0,Medium
-0.57431136612034,0.24099582777476528,1.0996669846943978,1.408265806165917,-1.800527554864972,-0.4495577454911029,1.205315684841107,0.05931574824865567,0.3189380321625757,0.0,1.0,0.0,0.0,0.0,0.0,0.0,0.0,Medium
-0.47183445265740265,2.1494496122687257,-0.3570366083823171,-0.026193972904972593,1.2254708202581925,-0.5736362493548215,1.3835430972949185,0.8968644918410611,1.686783609910586,0.0,0.0,0.0,0.0,0.0,0.0,1.0,0.0,Low
0.2659993242757457,-0.3321701603075786,-0.3137681848255834,-1.6215277458903539,2.4187418776180825,-0.4418028389996209,0.14255222539430648,0.3506370503677531,0.34527893737367915,0.0,0.0,1.0,0.0,0.0,0.0,0.0,0.0,Medium
-1.400958468054701,-0.993515531171822,-1.4099015815961802,0.858612993624735,2.4187418776180825,-1.1009698907756247,-0.5901604702491406,0.15035365516087368,-0.501393015840355,0.0,0.0,0.0,0.0,0.0,0.0,1.0,0.0,Medium
-0.62896571996724,-0.6407980000442255,-1.5973980836753614,0.2486324333656189,-0.3160755217856835,-1.186273862181931,-0.0752812787159081,0.8907952980469136,-1.0620779981909836,0.0,0.0,0.0,0.0,0.0,1.0,0.0,0.0,Medium
0.7237295377435324,-0.514827453212941,-0.010889219928444478,-0.019490889825201987,1.019931307985676,1.2410118696520607,-0.49774625638420106,-0.49905008081294827,0.473220476970468,1.0,0.0,0.0,0.0,0.0,0.0,0.0,0.0,Medium
-0.4513390699648154,-0.5400215625791978,-0.9772173460288393,-0.006084723665661253,1.33395000729091,1.1712177112287196,-0.8343980354636226,1.218531762930898,0.401723734254617,0.0,0.0,0.0,0.0,0.0,1.0,0.0,0.0,Medium
0.14985882235108322,-0.19360255879316554,-0.12627168274640166,1.528921301601786,-0.9612412130855283,-0.4418028389996209,-0.19409955368511547,-0.7539562201671589,-0.41672582051895224,0.0,1.0,0.0,0.0,0.0,0.0,0.0,0.0,Medium
0.3616444435078209,1.349536639890069,0.09007043503726883,-2.171180558431536,-0.21330576564942524,-0.18589092478070077,0.2745725309156482,-0.8510633208735244,-0.48069659031734535,0.0,0.0,1.0,0.0,0.0,0.0,0.0,0.0,Medium
-1.8723522699842123,-0.3951554337232208,0.2559327253380827,-1.226045844183894,0.6145617143371014,0.7369429477057045,0.12274917956610448,0.44774415107411863,-0.44494821895941983,0.0,0.0,0.0,0.0,0.0,0.0,1.0,0.0,Medium
-0.4308436872722281,-1.812324085575171,-0.19117431808150323,-0.5222221208079902,1.43101033253071,-0.5891460623377859,0.7762496918967464,-0.30483587940021634,-0.501393015840355,0.0,0.0,0.0,0.0,1.0,0.0,0.0,0.0,Medium
0.22500855889057114,0.04574148018627474,-1.013274365659451,0.12127385484997882,-0.030603976962743418,-0.682204940235575,-0.12148838564837743,1.4612995146968126,0.11009228370311375,0.0,0.0,0.0,0.0,0.0,1.0,0.0,0.0,Medium
0.9150197762076818,-2.1083548706286894,1.5684082398923507,-1.018250268711008,0.6259805761300183,-1.0001561063863535,0.1491532406703732,-0.23200555387044222,-0.3997923814546709,0.0,0.0,0.0,0.0,1.0,0.0,0.0,0.0,Medium
0.22500855889057114,2.2187334130259315,1.2943748906997006,-1.3936229211781566,0.4147316329610434,-0.643430407778163,0.9280730432462891,0.44167495727997114,1.3161294437257751,0.0,0.0,1.0,0.0,0.0,0.0,0.0,0.0,Low
1.4069089608297811,-0.854947929657409,2.1813775736127505,-1.5410907489331076,-1.1724901562545038,1.6520219137006278,0.5914212641668681,-1.1241770416101784,0.12890721599676058,0.0,0.0,1.0,0.0,0.0,0.0,0.0,0.0,Medium
1.242945899289081,-0.5463200899207621,-1.4820156208574038,0.3558817626419467,0.03790919379476196,-0.20915564425514885,0.21516339343104407,-1.6097125451420078,-0.7290536965934624,0.0,0.0,0.0,1.0,0.0,0.0,0.0,0.0,Medium
0.2523357358140205,1.4692086593797886,0.7895766158711359,-0.4551912900102852,-1.0012072293607397,0.49654084646975044,-0.5439533633166709,0.2353223682789433,0.3678568561260543,0.0,1.0,0.0,0.0,0.0,0.0,0.0,0.0,Medium
0.7305613319743945,-1.3273374802747255,-1.4099015815961802,0.3961002611205694,-1.5778597499030789,0.9075508905183175,0.07654207263363562,0.5084360890155973,-0.7158832439879107,0.0,1.0,0.0,0.0,0.0,0.0,0.0,0.0,Medium
1.2976002531359807,0.2913840465072798,-1.0421199813639404,-1.9566818998788793,0.10642236455226774,0.09328570891266527,1.2317197459453757,0.7754806159581038,0.34151595091495085,0.0,0.0,1.0,0.0,0.0,0.0,0.0,0.0,Medium
1.475226903138406,0.014248843478453628,-1.460381409079037,-1.0115471856312372,0.6145617143371014,-0.9613815739289415,-0.9004081882242934,0.7087194842224777,-0.4035553679134005,0.0,0.0,0.0,0.0,0.0,1.0,0.0,0.0,Medium
1.9261253223753296,0.7322809604167754,-0.9411603263982276,-0.6093622008450067,1.0256407388821345,-0.8915874155056001,-0.30631681337825567,0.9514872359883924,0.8269412040909975,0.0,0.0,0.0,0.0,0.0,1.0,0.0,0.0,Low
-1.8381932988299,0.3354737378982286,2.3256056521351973,-1.9365726506395682,0.0892940718628915,-0.4805773714570324,-1.8773584490822224,-0.5840187939310183,-1.4327321643757944,1.0,0.0,0.0,0.0,0.0,0.0,0.0,0.0,High
-0.1302447411142783,1.0598043821781142,1.1717810239556214,2.4003221019719523,-0.9612412130855283,1.94670836037696,-0.7683878827029517,1.285292894666525,1.9934670062970026,0.0,1.0,0.0,0.0,0.0,0.0,0.0,0.0,Low
2.178901708917242,1.8345232451905142,0.3929493999344067,0.4765372580778157,-1.2695504814943035,-1.9617645113301714,-0.9136102187764278,-0.46870411184220895,0.10444780401501996,0.0,1.0,0.0,0.0,0.0,0.0,0.0,0.0,Medium
-0.10291756419082895,-0.14951286740221625,-0.9772173460288393,-0.6763930316427118,2.2874249669995304,0.6826586022653274,-1.487898547794264,0.3931214069267884,0.1232627363086668,1.0,0.0,0.0,0.0,0.0,0.0,0.0,0.0,Medium
0.5665982704336955,1.4440145500135324,-0.5661673222398657,1.5959521323994912,-1.1039769854969983,0.1087955218956303,-0.5901604702491406,0.26566833724968264,0.5804655910442446,0.0,1.0,0.0,0.0,0.0,0.0,0.0,0.0,Medium
-0.4786662468882652,0.4488472300463853,0.5876573059397103,-0.1468494683408416,2.258877812517236,-0.5658813428633389,-1.5143026088985327,0.4598825386624146,0.5409542332275907,1.0,0.0,0.0,0.0,0.0,0.0,0.0,0.0,Medium
-1.1686774642053763,0.039442952844710874,2.0083038793858137,0.047539940972503594,0.03219976289830348,0.31817799716565537,-1.2106559061994466,0.24139156207309168,0.055528980051544066,1.0,0.0,0.0,0.0,0.0,0.0,0.0,0.0,Medium
0.03371832042642076,-0.8675449843405375,0.6237143255703221,0.7647698305079474,0.26628642965311405,1.7373258851069349,-0.0554782328877061,-1.2152149485223964,0.3057675795570253,0.0,0.0,0.0,1.0,0.0,0.0,0.0,0.0,Medium
0.450457768509033,2.0864643388530832,0.12612745466788058,-0.6830961147224824,0.5117919582008423,-1.069950264809695,0.7564466460685453,1.4188151581377775,1.440307996863833,0.0,0.0,1.0,0.0,0.0,0.0,0.0,0.0,Low
0.2181767646597081,-0.23769225018411527,0.5660230941613436,-0.17366180065992354,-1.2581316197013859,-0.6744500337440924,0.017132935149031473,2.159256801023817,0.23050785038244334,0.0,1.0,0.0,0.0,0.0,0.0,0.0,0.0,Medium
-0.16440371226859074,-0.7163803281429962,0.21266430178134796,0.6977389997102423,0.7972635030237825,-0.10058695337439479,1.099699440424034,-0.2198671662821463,0.5936360436497976,0.0,0.0,0.0,0.0,1.0,0.0,0.0,0.0,Low
-0.5811431603512025,-0.6156038906779686,0.06843622325890096,1.4417812215647696,-0.08198885503087255,-1.0621953583182127,-2.5044549003085956,0.7087194842224777,-0.8758101684838955,1.0,0.0,0.0,0.0,0.0,0.0,0.0,0.0,Medium
-1.5717533238262629,-0.9872170038302577,0.42179501563889654,-1.346701339619763,0.6602371615087717,1.0471392073650005,-0.4317361036235302,-0.820717351902785,-1.1260487679893767,0.0,0.0,0.0,0.0,0.0,0.0,1.0,0.0,Medium
-0.027767827651341028,-0.9179332030730512,-0.7752980360974137,0.6240050858327671,-1.2638410505978446,-0.736489285675952,-1.9169645407386247,-0.49905008081294827,-2.0065875993319735,1.0,0.0,0.0,0.0,0.0,0.0,0.0,0.0,High
-0.5469841891968901,0.2661899371410225,0.3208353606731832,1.7367168770746715,1.0028030152963,0.07777589592970025,-1.1644487992669768,1.8315203361398331,1.355640801542429,1.0,0.0,0.0,0.0,0.0,0.0,0.0,0.0,Low
-0.06192679880565346,1.5951792062110732,0.3280467645993062,-0.4954097884889083,0.5460485435795956,2.342208591442562,0.5914212641668681,1.3156388636372642,2.1628013969398108,0.0,0.0,1.0,0.0,0.0,0.0,0.0,0.0,Low
-1.0388733738189893,-1.472203609130703,-1.7055691425671968,-1.5611999981724194,-0.013475684273367174,0.6438840698079153,0.12935019484217214,-0.18345200351725902,-1.8466606748359888,0.0,0.0,0.0,0.0,0.0,1.0,0.0,0.0,High
1.400077166598918,-2.3917886009990794,1.2366836592907218,-1.0316564348705493,-0.6358036519873765,-1.5585093737730862,0.2481684698113795,0.6662351276634424,-0.75727609503393,0.0,0.0,0.0,0.0,1.0,0.0,0.0,0.0,Medium
0.9901695127471688,0.7196839057336467,-0.4075164358651737,-0.32783271149464555,-0.9669506439819868,1.0393843008735186,0.6904364933078745,2.177464382406261,1.368811254147982,0.0,1.0,0.0,0.0,0.0,0.0,0.0,0.0,Low
-0.1439083295760035,0.22839877309163756,-0.24165414556435988,0.36258484572171684,0.7572974867485714,1.3185609345668847,-0.2271046300654509,-0.6082955691076097,0.47886495665856177,0.0,0.0,0.0,1.0,0.0,0.0,0.0,0.0,Low
0.09520446850418353,-1.8186226129167353,-0.45078485942190794,-0.8305639424774338,0.07787521006997374,-1.0234208258608006,0.5650172030625994,-1.021000747109665,-1.5569107175138523,0.0,0.0,0.0,0.0,1.0,0.0,0.0,0.0,Medium
0.8808608050533694,0.6252059956101834,-0.739241016466802,-1.1724211795457296,-0.4473924324042362,1.0316293943820356,0.5254111114061973,-0.826786545696933,-0.12133138350872069,0.0,0.0,1.0,0.0,0.0,0.0,0.0,0.0,Medium
-1.3599677026695258,-1.0313066952212073,1.4241801613699037,-0.8305639424774338,-0.45881129419715355,0.3414427166401024,-0.5835594549730735,0.12607687998428185,-0.9247289924473727,0.0,0.0,0.0,0.0,0.0,0.0,1.0,0.0,Medium
0.6280844185114572,-0.3447672149907072,0.47227484312175316,-0.26080188069694044,1.1569576495006877,-0.744244192167434,-0.5901604702491406,0.5266436703980416,0.3941977613371577,1.0,0.0,0.0,0.0,0.0,0.0,0.0,0.0,Low
0.10886805696590869,-0.6344994727026612,0.3352581685254281,0.26874168260493025,-0.7671205626059288,-0.3177243351359018,-0.21390259951331655,1.7586900106100585,0.1966409722538833,0.0,1.0,0.0,0.0,0.0,0.0,0.0,0.0,Medium
0.21134497042884598,-0.18730403145160168,1.3232205064041902,0.9055345751831287,-1.1953278798403388,0.1940994933019363,-1.8509543879779538,0.830103360105435,-0.019730749123037933,1.0,0.0,0.0,0.0,0.0,0.0,0.0,0.0,Medium
-0.2737124199623911,-0.710081800801432,-0.3426138005300727,0.9055345751831287,-0.9441129203961517,-0.8838325090141176,0.7696486766206797,0.1564228489550212,-0.47505211062925157,0.0,1.0,0.0,0.0,0.0,0.0,0.0,0.0,Medium
-1.530762558441088,-1.5666815192541663,-0.869046287137004,-0.12003713602175964,0.5917239907512659,1.4271296254476387,0.1557542559464399,2.013596149964269,0.07434391234518822,0.0,0.0,0.0,0.0,1.0,0.0,0.0,0.0,Medium
-1.1208549045893388,1.4629101320382247,0.18381868607685917,-0.14014638526107098,-0.1333737330990021,-0.5581264363718564,1.0072852265590944,-0.6993334760198278,0.03483255452853442,0.0,0.0,0.0,0.0,0.0,0.0,1.0,0.0,Medium
0.04055011465728383,-1.0502022772458999,-0.9123147106937383,-0.2138802991385467,-0.7214451154342585,-0.720979472692987,1.060093348767631,-0.820717351902785,-1.2069529768520513,0.0,0.0,0.0,0.0,1.0,0.0,0.0,0.0,Medium
1.0174966896706192,-0.6407980000442255,-1.1286568284774088,-0.32112962841487497,1.802123340800532,-0.41853811952517284,-0.8145949896354214,0.6055431897219637,0.19099649256578952,0.0,0.0,0.0,0.0,0.0,1.0,0.0,0.0,Medium
0.5939254473571448,0.8267588705402387,-0.6454927654272111,0.8720191597842762,0.20348268979206754,1.7605906045813817,0.532012126682264,0.180699624131613,1.4854638343685806,0.0,0.0,0.0,0.0,0.0,1.0,0.0,0.0,Low
-0.7929287815079397,0.12132380828504559,0.19103009000298113,0.2754447656847004,-0.2247246274423426,0.5585800984016094,-1.1710498145430441,-1.1727305919633617,-0.8626397158783438,0.0,0.0,0.0,1.0,0.0,0.0,0.0,0.0,Medium
0.4914485338942075,0.35436931992292203,-0.32097958875170535,-0.25409879761716986,0.5517579744760541,0.13981514786155924,-1.7321361130087463,-0.7660946077554543,-0.5371413871982819,1.0,0.0,0.0,0.0,0.0,0.0,0.0,0.0,Medium
1.5913674050630684,1.0849984915443716,-0.2488655494904818,0.02072760865342117,0.23773927517082002,-0.6356755012866805,0.003930904596897114,1.0182483677240184,1.1806619312115296,0.0,0.0,0.0,0.0,0.0,1.0,0.0,0.0,Low
-0.12341294688341622,-0.8360523476327164,-0.6599155732794559,0.985971572140375,-0.3560415380608953,0.37246234260603134,-0.12148838564837743,-0.7114718636081236,-0.5766527450149357,0.0,0.0,0.0,0.0,1.0,0.0,0.0,0.0,Medium
0.30699008966092023,0.6252059956101834,2.1525319579082605,-0.7300176962808762,1.4081726089448743,0.3569525296230674,-0.26671072172185306,-1.640058514112747,0.7422740087695935,0.0,0.0,0.0,1.0,0.0,0.0,0.0,0.0,Medium
-0.06875859303651653,-0.20619961347629417,-1.4964384287096486,0.7178482489495547,-1.1439430017722099,1.6907964461580398,-0.8608020965678908,1.036455949106462,-0.20035409914203098,0.0,0.0,0.0,0.0,0.0,1.0,0.0,0.0,Medium
0.06787729158073319,-0.9998140585133863,-1.2151936755908772,-0.39486354229235066,1.745029031835944,-0.658940220761128,-0.4119330577953291,0.7572730345756604,-0.21916903143567648,0.0,0.0,0.0,0.0,0.0,1.0,0.0,0.0,Medium
1.6460217589099682,-0.02984084791249611,-0.34982520445619514,-0.6026591177652361,1.7050630155607323,-1.031175732352283,-0.9268122493285617,1.0728711118713496,0.7046441441823051,1.0,0.0,0.0,0.0,0.0,0.0,0.0,0.0,Medium
0.04055011465728383,0.10872675360191697,0.003533587923800427,1.8439662063510003,-0.5159056031617416,-0.41853811952517284,-1.1842518450951784,0.19890720551405644,0.017899115464253067,1.0,0.0,0.0,0.0,0.0,0.0,0.0,0.0,Medium
1.3044320473668438,0.8960426712974447,-0.5445331104614983,0.1816016025679138,-1.3266447904588916,0.4655212205038204,1.099699440424034,-1.0695542974628476,0.2417968097586309,0.0,1.0,0.0,0.0,0.0,0.0,0.0,0.0,Medium
0.9765059242854446,1.0409088001534217,-0.3642480123084395,0.5904896704339145,-1.0868486928076218,0.6593938827908804,-0.0554782328877061,0.4962977014273023,0.7385110223108652,0.0,1.0,0.0,0.0,0.0,0.0,0.0,0.0,Low
0.22500855889057114,-0.5652156719454551,-0.19117431808150323,0.5636773381148321,0.19777325889560865,-0.876077602522635,0.5056080655779962,1.0789403056654971,0.4148941868601674,0.0,0.0,0.0,0.0,1.0,0.0,0.0,0.0,Low
0.11569985119677079,1.6770600616514089,-0.003677816002322538,-0.6361745331640887,-0.5387433267475767,-1.2328033011308257,-0.40533204251926197,0.933279654605948,0.06305495296900065,0.0,1.0,0.0,0.0,0.0,0.0,0.0,0.0,Medium
0.04738190888814593,1.2550587297666056,0.37131518815603987,0.9189407413426699,0.2777052914460318,2.225884994070326,-0.022473156507370667,0.16249204274916915,1.7733322984613529,1.0,0.0,0.0,0.0,0.0,0.0,0.0,0.0,Low
0.9696741300545816,-0.2628863595503721,-2.347384091992086,-0.5490344531270722,0.6431088688193954,0.1708347738274893,0.9676791349026923,0.9696948173708357,0.3151750457038474,0.0,0.0,0.0,0.0,0.0,1.0,0.0,0.0,Medium
-0.9568918430486393,-0.4392451251141706,-0.3570366083823171,-0.36805120997326823,1.8820553733509549,0.7446978541971875,-1.8509543879779538,-0.15310603454651966,-0.45623717833560606,1.0,0.0,0.0,0.0,0.0,0.0,0.0,0.0,Medium
-0.30787139111670303,-0.8045597109248953,-0.025312027780689382,-1.0584687671896311,0.043618624691220846,-1.0777051713011776,-0.5109482869363354,0.09573091101354253,-1.2389383617512484,0.0,0.0,1.0,0.0,0.0,0.0,0.0,0.0,Medium
1.167796162749594,-0.3510657423322711,-1.813740201459032,1.6830922124365075,-0.5159056031617416,-1.05444045182673,1.099699440424034,-1.0816926850511437,-0.29066577415152883,0.0,0.0,0.0,0.0,0.0,1.0,0.0,0.0,Medium
1.885134556990155,0.014248843478453628,0.3424695724515511,0.9055345751831287,1.2254708202581925,-0.14711639232328877,-1.1908528603712452,-1.561158994788825,0.5146133280164873,0.0,0.0,0.0,1.0,0.0,0.0,0.0,0.0,Medium
-1.0388733738189893,0.8645500345896237,1.2943748906997006,-0.8975947732751389,1.773576186318238,0.9695901424501765,0.5386131419583317,-0.9360320339915948,0.9266603452473174,0.0,0.0,0.0,0.0,0.0,0.0,1.0,0.0,Medium
0.38897162043127026,-0.5904097813117118,-0.3354023966039502,0.20841393488699528,-0.12195487130608433,0.9540803294672116,-1.243660982579782,0.089661717219395,-0.292547267380893,1.0,0.0,0.0,0.0,0.0,0.0,0.0,0.0,Medium
0.23867214735229533,-0.28808046891662886,0.14776166644624744,0.12797693792974896,-0.23043405833880148,-0.3642537740847969,1.291128883429979,-0.4322889490773216,0.15524812120786402,0.0,0.0,0.0,1.0,0.0,0.0,0.0,0.0,Medium
-1.2643225834374512,-0.7730670742170742,-0.5084760908308865,0.33577251340263536,-0.3446226762679775,-0.3177243351359018,-0.36572595086285936,1.6251677471388053,-0.5108004819871784,0.0,0.0,0.0,0.0,0.0,0.0,1.0,0.0,Medium
-0.02093603342047893,-0.2502893048672439,0.6958283648315456,-1.8427294875227807,0.03790919379476196,0.015736643997841252,-0.25350869116971914,-0.5354652435778355,-0.7986689460799493,0.0,0.0,1.0,0.0,0.0,0.0,0.0,0.0,Medium
0.5392710935102452,0.53072808548672,1.9794582636813238,-0.8037516101583514,-1.1439430017722099,-2.357264742395774,0.3339816684002514,-0.5961571815193142,-0.5503118398038322,0.0,0.0,0.0,0.0,0.0,0.0,0.0,1.0,Medium
0.8057110685138824,0.23469730043320142,0.49390905490012005,-1.5209814996937963,1.1683765112936046,1.5279434098369098,-0.1280894009244446,0.16249204274916915,0.9548827436877864,0.0,0.0,1.0,0.0,0.0,0.0,0.0,0.0,Low
0.6554115954349076,1.028311745470293,0.2631441292642046,-0.622768367004548,-2.674070482023169,0.2716485582167603,-0.39213001196712804,0.3506370503677531,-0.546548853345104,0.0,1.0,0.0,0.0,0.0,0.0,0.0,0.0,Medium
-1.2301636122831388,-0.9116346757314873,-0.6454927654272111,-0.6830961147224824,-0.3389132453715186,0.1708347738274893,1.4033461431231196,1.4248843519319259,-0.24927292310550955,0.0,0.0,0.0,0.0,0.0,0.0,1.0,0.0,Medium
0.4982803281250706,-0.3636627970153997,-0.8906804989153714,-0.622768367004548,0.1863543971026909,1.5512081293113567,-0.5043472716602683,-0.9360320339915948,-0.46752613771179363,0.0,0.0,0.0,1.0,0.0,0.0,0.0,0.0,Medium
-1.332640525746076,0.10872675360191697,-0.6454927654272111,-0.12003713602175964,-1.3095164977695148,0.7291880412142225,-0.04227620233557268,0.06538494204280319,-0.9792922960989437,0.0,1.0,0.0,0.0,0.0,0.0,0.0,0.0,Medium
0.8808608050533694,0.675594214342697,0.508331862752365,0.6105989196732259,-0.7842488552953054,1.0006097684161066,0.9544771043505579,1.2367393443133414,1.7357024338740619,0.0,1.0,0.0,0.0,0.0,0.0,0.0,0.0,Low
0.38897162043127026,0.34177226523979337,-0.5012646869047641,0.37599101188125805,0.9114521209529585,0.6749036957738455,0.1491532406703732,-1.3426680181995017,0.34339744414431633,0.0,0.0,0.0,1.0,0.0,0.0,0.0,0.0,Low
0.5119439165867948,0.9464308900299584,0.27756693711644953,0.7446605812686361,0.35192789309999606,-0.18589092478070077,-0.8806051423960923,0.362775437956049,0.7968373124211658,1.0,0.0,0.0,0.0,0.0,0.0,0.0,0.0,Low
0.9833377185163067,-1.1446801873693633,-1.3666331580394462,0.05424302405227372,0.07787521006997374,-0.8838325090141176,-0.550554378592738,-1.385152374758537,-1.4854139747980013,0.0,0.0,0.0,1.0,0.0,0.0,0.0,0.0,Medium
0.5119439165867948,0.3228766832151009,0.8761134629846044,0.21511701796676636,0.10071293365580886,-0.6666951272526099,-0.24690767589365198,-0.3776662049299909,0.26249323528164054,0.0,0.0,0.0,1.0,0.0,0.0,0.0,0.0,Low
1.1473007800570068,-0.35736426967383544,-0.8402006714325148,-0.5691437023663836,0.07216577917351485,0.1940994933019363,0.9082699974180881,1.273154507078229,0.6933551848061176,0.0,0.0,0.0,0.0,0.0,1.0,0.0,0.0,Low
0.09520446850418353,1.1731778743262709,-1.0637541931423078,0.4698341749980456,-0.8584714569492696,0.24062893225083137,0.26137050036351384,0.3263602751911613,0.22674486392371504,0.0,0.0,0.0,0.0,0.0,1.0,0.0,0.0,Medium
2.096920178146892,-1.4848006638138311,0.7463081923144023,0.3558817626419467,0.8429389501954535,1.1789726177202016,0.16235527122250756,0.4173981821033793,1.4610044223868428,0.0,0.0,0.0,0.0,1.0,0.0,0.0,0.0,Low
1.3317592242902931,-0.6470965273857897,-0.6743383811317009,-0.6361745331640887,0.6316900070264777,1.3495805605328146,0.300976592019916,-1.7614423899957046,-0.13262034288490826,0.0,0.0,0.0,1.0,0.0,0.0,0.0,0.0,Medium
0.33431726658437055,-1.0627993319290285,1.366488929960924,-0.1602556345003828,0.23202984427436155,0.15532496084452427,-0.477943210556,0.544851251780485,0.29071563372210946,0.0,0.0,0.0,0.0,1.0,0.0,0.0,0.0,Medium
-0.5059934238117151,0.8645500345896237,0.7607310001666472,-0.07981863754313649,0.06645634827705597,-1.6127937192134632,-0.29971579810218846,-0.08027570901674554,-0.23045799081186405,0.0,0.0,0.0,0.0,0.0,0.0,0.0,1.0,Medium
1.6186945819865177,0.16541349967599533,0.4794862470478751,-0.8707824409560565,0.12355065724164399,-1.2638229270967551,-0.550554378592738,0.30815269380871785,0.06117345973963785,0.0,0.0,1.0,0.0,0.0,0.0,0.0,0.0,Medium
-0.62896571996724,0.9779235267377795,-0.08300325918966797,-0.964625604072844,-0.08198885503087255,-0.33323414811886687,-0.29311478282612174,1.8922122740813117,0.2775451811165564,0.0,0.0,1.0,0.0,0.0,0.0,0.0,0.0,Medium
-1.2574907892065885,2.2187334130259315,-0.5084760908308865,1.2138763968525719,-0.1276643022025432,-1.403411243943438,-0.0752812787159081,0.40525979451508426,0.3076490727863908,0.0,0.0,0.0,0.0,0.0,0.0,1.0,0.0,Medium
-0.041431416113066194,0.6441015776348759,-3.0613130806781985,-0.026193972904972593,-0.06486056234149631,-0.21691055074663082,0.7498456307924777,0.5630588331629285,-0.3885034220784833,0.0,0.0,0.0,0.0,0.0,1.0,0.0,0.0,Medium
-1.1618456699745139,-0.514827453212941,0.16939587822461427,0.7580667474281774,-0.2875283673033895,0.5198055659441974,0.9808811654548256,-0.5900879877251662,-0.11004242413253312,0.0,0.0,0.0,0.0,0.0,0.0,1.0,0.0,Medium
0.8945243935150946,-0.6722906367520466,-0.6599155732794559,-0.6093622008450067,-0.6358036519873765,-0.41078321303369086,-0.4119330577953291,-1.3608755995819455,-1.4327321643757944,0.0,0.0,0.0,1.0,0.0,0.0,0.0,0.0,Medium
0.6622433896657697,1.9415982099971054,-0.9844287499549618,0.315663264163324,0.9057426900565,-0.3875184935592439,-1.5341056547267338,-0.09848329039918896,0.4130126936308019,1.0,0.0,0.0,0.0,0.0,0.0,0.0,0.0,Medium
-1.400958468054701,1.0157146907871655,0.7967880197972589,-0.7032053639617938,-0.5273244649546593,-1.44218577640085,-0.5175493022124026,0.5266436703980416,-0.7252907101347341,0.0,0.0,0.0,0.0,0.0,0.0,1.0,0.0,Medium
-1.0866959334350264,0.8330573978818026,-0.3570366083823171,-0.32112962841487497,1.9048930969367903,-0.9070972284885646,0.6310273558232703,-0.9117552588150031,0.08939585818010409,0.0,0.0,0.0,0.0,0.0,0.0,1.0,0.0,Medium
-1.5649215295954004,-0.854947929657409,-1.1070226166990418,-0.5088159546484491,-0.1619208875812961,-1.5197348413156742,1.225118730669308,-0.2441439414587377,-1.5832516227249558,0.0,0.0,0.0,0.0,0.0,0.0,1.0,0.0,High
-2.2822599238359613,-1.7619358668426572,0.5299660745307317,0.315663264163324,0.7059126086804419,-0.2711948961870079,0.5122090808540629,-0.7175410574022716,-1.0470260523560664,0.0,0.0,0.0,0.0,0.0,0.0,1.0,0.0,Medium
1.1814597512113192,-1.7430402848179645,0.8689020590584824,-1.4204352534972386,-0.2532717819246366,1.7916102305473118,-0.6759736688380126,-1.8099959403488877,-0.9623588570346637,0.0,0.0,0.0,1.0,0.0,0.0,0.0,0.0,Medium
-2.9722711411530724,0.24729435511633005,-1.013274365659451,0.6977389997102423,-0.24756235102817814,-0.06956732740846473,-0.33932188975859107,-0.6204339566959056,-1.5004659206329172,0.0,0.0,0.0,0.0,0.0,0.0,1.0,0.0,Medium
0.9423469531311321,0.7259824330752106,1.5467740281139828,-0.09992788678244782,-1.1096864163934568,0.14757005435304232,-0.2799127522739874,0.9757640111649832,0.9304233317060457,0.0,1.0,0.0,0.0,0.0,0.0,0.0,0.0,Low
-1.0047144026646768,-0.5211259805545053,-1.1935594638125098,0.38269409496102913,1.6650969992855205,1.3961099994817086,0.7102395391360755,-1.099900266433587,0.14019617537294815,0.0,0.0,0.0,0.0,0.0,1.0,0.0,0.0,Medium
-0.895405694970877,-2.5366547298550564,-1.9146998564247448,-0.2742080468564812,1.8135422025934498,2.117316303189572,0.40659283643698996,-3.035973086766757,-1.6189999940828828,0.0,0.0,0.0,1.0,0.0,0.0,0.0,0.0,High
-2.2344373642199242,1.1605808196431424,0.054013415406657085,0.48994342423735693,-0.11624544040962545,-0.20915564425514885,0.023733950425098186,-0.11062167798748487,-0.292547267380893,0.0,0.0,0.0,0.0,0.0,0.0,1.0,0.0,Medium
1.564040228139618,0.12762233562660946,-0.7464524203929244,0.05424302405227372,-0.9612412130855283,-0.08507714039142976,0.9148710126941548,-0.007445383486970956,0.26249323528164054,0.0,1.0,0.0,0.0,0.0,0.0,0.0,0.0,Medium
-1.1071913161276141,-2.0453695972130475,0.37131518815603987,-1.1791242626255,-0.7214451154342585,-0.39527340005072586,1.9248263499324196,0.13821526757257777,-1.1147598086131891,0.0,0.0,0.0,0.0,1.0,0.0,0.0,0.0,Medium
0.42996238581644575,1.6203733155773303,0.5516002863090986,-1.2327489272636645,0.13496951903456175,0.5430702854186444,-0.5109482869363354,0.1928380117199085,0.6143324691728073,0.0,0.0,1.0,0.0,0.0,0.0,0.0,0.0,Low
-0.39668471611791567,-1.0627993319290285,0.7607310001666472,0.8116914120663412,0.7630069176450299,-0.16262620530625377,0.3339816684002514,0.4295365696916752,0.5503616993744128,0.0,0.0,0.0,0.0,1.0,0.0,0.0,0.0,Low
-0.1370765353451414,-0.20619961347629417,-1.6478779111582182,-0.7434238624404169,0.42615049475396033,2.008747612308819,0.14255222539430648,0.05931574824865567,-0.06488658662778553,0.0,0.0,0.0,0.0,0.0,1.0,0.0,0.0,Medium
-0.5264888065043029,0.11502528094348083,-1.171925252034143,-1.5813092474117307,1.0598973242608878,1.0781588333309307,-0.26010970644578635,1.273154507078229,0.08939585818010409,0.0,0.0,1.0,0.0,0.0,0.0,0.0,0.0,Medium
-0.9705554315103644,0.17801055435912305,-0.8185664596541479,-0.6562837824034005,-0.4645207250936124,0.3569525296230674,1.2779268528778445,-0.21379797248799834,-0.47505211062925157,0.0,0.0,0.0,0.0,0.0,0.0,1.0,0.0,Medium
-0.20539447765376626,0.9023411986390086,0.08285903111114587,-1.2595612595827463,-0.01918511516982606,0.9695901424501765,-1.547307685278868,2.3838169714072888,0.5089688483283935,1.0,0.0,0.0,0.0,0.0,0.0,0.0,0.0,Medium
0.3616444435078209,-1.1698742967356202,0.010744991849922367,0.20841393488699528,-0.8242148715705168,-1.403411243943438,0.056739026805433614,-1.0574159098745521,-1.3913393133297751,0.0,0.0,0.0,0.0,1.0,0.0,0.0,0.0,Medium
0.7510567146669818,1.0849984915443716,-0.3426138005300727,0.06764919021181494,-0.7728299935023877,-0.34874396110183187,-1.6199188533156057,-1.2273533361106923,-0.9002695804656348,1.0,0.0,0.0,0.0,0.0,0.0,0.0,0.0,Medium
1.0448238665940695,1.1416852376184499,1.791961761602143,0.7245513320293248,-0.5330338958511183,-1.364636711486026,-0.477943210556,0.1564228489550212,0.8815045077425698,0.0,0.0,0.0,0.0,0.0,0.0,0.0,1.0,Low
0.47778494543248234,-0.5085289258713767,-1.3377875423349568,2.071871031063197,-1.0811392619111628,0.8144920126205285,-0.08188229399197482,-1.0634851036686996,-0.37345147624356745,0.0,0.0,0.0,0.0,0.0,1.0,0.0,0.0,Medium
-1.0866959334350264,-1.5981741559619875,-0.8546234792847597,-0.7300176962808762,-0.5101961722652827,0.7679625736716345,-0.8409990507396897,-0.5354652435778355,-1.9896541602676936,0.0,0.0,0.0,0.0,1.0,0.0,0.0,0.0,High
1.0311602781323443,-1.2832477888837763,0.8112108276495038,0.5770835042743734,0.7858446412308655,-1.1009698907756247,1.1129014709761673,0.7633422283698079,1.024497993174272,0.0,0.0,0.0,0.0,1.0,0.0,0.0,0.0,Low
0.42996238581644575,-1.2895463162253407,-0.05415764348517817,-0.18036488373969414,0.14067894993102065,0.14757005435304232,0.5782192336147338,0.5994739959278154,0.1270257227673951,0.0,0.0,0.0,0.0,1.0,0.0,0.0,0.0,Medium
-1.3941266738238383,1.349536639890069,0.003533587923800427,0.08775843945112627,0.19206382799914978,-0.08507714039142976,-1.2370599673037148,-1.6764736768776345,-0.9811737893283092,0.0,0.0,0.0,1.0,0.0,0.0,0.0,0.0,Medium
1.6733489358334175,0.7448780150999031,-1.0565427892161852,1.2004702306930306,0.7515880558521122,1.4193747189561556,-0.14789244675264568,0.4902285076331539,1.8071991765899156,0.0,0.0,0.0,0.0,0.0,1.0,0.0,0.0,Low
0.21134497042884598,0.15911497233443056,0.3641037842299179,-0.9244071055942209,0.4033127711681256,-1.6825878776368048,-1.1050396617823732,1.321708057431412,-0.29819174706898677,1.0,0.0,0.0,0.0,0.0,0.0,0.0,0.0,Medium
0.7442249204361197,0.5433251401698487,0.010744991849922367,0.7044420827900134,-0.5558716194369533,0.12430533487859532,-0.35252392031072544,0.4962977014273023,0.5842285775029755,0.0,1.0,0.0,0.0,0.0,0.0,0.0,0.0,Low
-0.3283667738092908,1.280252839132862,0.45064063134338633,0.7044420827900134,0.2434487060672789,-0.35649886759331384,-0.9994234173652997,-0.5233268559895397,0.192877985795155,1.0,0.0,0.0,0.0,0.0,0.0,0.0,0.0,Medium
-0.1370765353451414,-0.6282009453610973,0.5948687098658333,-2.171180558431536,0.5574674053725134,0.062266082946735225,0.46600197392159315,-1.5368822196122336,-1.0300926132917865,0.0,0.0,1.0,0.0,0.0,0.0,0.0,0.0,Medium
-0.3830211276561905,0.5748177768776698,1.496294200631127,-0.6629868654831711,0.5917239907512659,-0.581391155846304,1.87861924299995,-1.2394917236989882,0.5936360436497976,0.0,0.0,0.0,1.0,0.0,0.0,0.0,0.0,Medium
0.3479808550460957,-0.19360255879316554,0.7390967883882803,-0.24069263145762865,0.734459763162736,-1.9540096048386888,0.6112243099950693,0.1564228489550212,0.192877985795155,0.0,0.0,0.0,0.0,0.0,0.0,0.0,1.0,Low
1.7689940550654926,-2.1146533979702533,0.2487213214119597,-1.1523119303064182,0.20348268979206754,1.2410118696520607,0.7564466460685453,0.21711478689649988,0.3095305660157536,0.0,0.0,0.0,0.0,1.0,0.0,0.0,0.0,Medium
2.0832565896851665,1.242461675083477,1.9578240519029568,-0.026193972904972593,-0.9041469041209403,-0.33323414811886687,-0.728781791046549,-0.3473202359592516,0.9435937843115988,0.0,1.0,0.0,0.0,0.0,0.0,0.0,0.0,Medium
-0.8407513411239773,-1.1824713514187486,-0.37145941623456197,-1.1992335118648119,-0.5615810503334122,-0.04630260793401775,0.1029461337379034,0.4234673758975277,-1.3179610773845587,0.0,0.0,0.0,0.0,1.0,0.0,0.0,0.0,Medium
0.3479808550460957,-1.7178461754517076,-2.051716531021069,-1.226045844183894,-1.2581316197013859,-0.9226070414715295,0.6772344627557401,0.9272104608118005,-1.8184382763955211,0.0,0.0,0.0,0.0,0.0,1.0,0.0,0.0,High
-0.26004883150066593,-0.3447672149907072,-0.32097958875170535,-0.14014638526107098,-2.8681911325027682,-3.0629612331206726,-2.326227487854784,-1.1363154291984743,-3.7526133161822512,0.0,1.0,0.0,0.0,0.0,0.0,0.0,0.0,High
-0.6357975141981027,0.8960426712974447,-1.4531700051529144,0.48994342423735693,-1.1953278798403388,0.18634458681045432,-0.3327208744825239,0.7451346469873644,-0.45247419187687776,0.0,1.0,0.0,0.0,0.0,0.0,0.0,0.0,Medium
-1.5854169122879882,0.6692956870011332,0.4362178234911414,-0.7501269455201875,-0.7328639772271763,0.8455116385864585,-1.9961767240514299,-1.366944793376093,-1.7036671894042854,1.0,0.0,0.0,0.0,0.0,0.0,0.0,0.0,High
-1.175509258436239,-0.8423508749742807,1.3448547181825572,1.1870640645334904,0.152097811723938,1.0626490203479655,-0.35252392031072544,-0.2623515228411815,0.2925971269514723,0.0,0.0,0.0,0.0,0.0,0.0,1.0,0.0,Medium
-0.2395534488080787,-0.7289773828261245,0.6020801137919553,0.12127385484997882,0.23202984427436155,-0.938116854454494,0.7498456307924777,1.206393375342602,0.42994613269508325,0.0,0.0,0.0,0.0,1.0,0.0,0.0,0.0,Low
0.9833377185163067,0.1339208629681742,-1.0421199813639404,0.30896018108355294,1.1284104950183935,1.4969237838709797,0.48580501974979423,-1.7553731962015566,0.5691766316680597,0.0,0.0,0.0,1.0,0.0,0.0,0.0,0.0,Medium
-1.5239307642102258,-1.3462330622994185,0.3785265920821628,0.0944615225308964,1.6022932594244739,0.5275604724356794,0.426395882265191,-1.3730139871702411,-0.42989627312450396,0.0,0.0,0.0,0.0,0.0,0.0,1.0,0.0,Medium
0.5119439165867948,0.7133853783920819,0.20545289785522602,1.3144226430491295,0.6088522834406421,-0.2246654572381128,-3.0325361223939624,-0.9845855843447776,-0.30759921321580885,1.0,0.0,0.0,0.0,0.0,0.0,0.0,0.0,Medium
-1.284817966130039,-0.5841112539701475,-0.03252343170681132,0.7848790797472598,-1.909006741897689,0.7136782282312575,0.7564466460685453,1.1457014374011234,-0.2530359095642378,0.0,1.0,0.0,0.0,0.0,0.0,0.0,0.0,Medium
0.9491787473619943,1.2991484211575555,1.3448547181825572,0.3424755964824055,0.10642236455226774,0.0467562699637713,-0.0554782328877061,1.4552303209026651,1.9727705807739928,1.0,0.0,0.0,0.0,0.0,0.0,0.0,0.0,Low
-0.5128252180425776,0.34177226523979337,0.9482275022458279,0.4631310919182745,-0.10482657861670808,-0.03854770144253578,-0.708978745218348,-2.034556110732359,-0.6726088997125272,0.0,0.0,0.0,1.0,0.0,0.0,0.0,0.0,Medium
-0.1780673007303159,0.1528164449928667,-1.7055691425671968,-1.5477938320128781,-1.8975878801047719,-0.5193519039144444,-0.854201081291824,0.08359252342524705,-2.3151524889477555,0.0,1.0,0.0,0.0,0.0,0.0,0.0,0.0,High
0.19768138196712082,0.568519249536105,1.092455580768275,-0.6294714500843185,-1.024044952946575,-2.3650196488872566,0.036935980977232545,-0.3776662049299909,-0.85699523619025,0.0,0.0,0.0,0.0,0.0,0.0,0.0,1.0,Medium
-0.2258898603463535,-1.6548609020360654,0.10449324288951271,0.6575205012316196,0.38618447847874937,-1.3336170855200966,-1.567110731107069,0.271737531043831,-1.1298117544481063,0.0,0.0,0.0,0.0,1.0,0.0,0.0,0.0,Medium
-0.499161629580853,-1.698950593427015,0.9193818865413391,0.315663264163324,-0.3217849526821424,0.7446978541971875,-1.098438646506306,-0.019583771075266862,-0.7008312981529948,0.0,0.0,0.0,0.0,1.0,0.0,0.0,0.0,Medium
-0.06192679880565346,1.1416852376184499,0.003533587923800427,-1.6148246628105833,-0.1619208875812961,-1.7911565685175583,-0.7815899132550861,0.8118957787229907,-0.7346981762815562,0.0,0.0,1.0,0.0,0.0,0.0,0.0,0.0,Medium
1.482058697369268,-0.8297538202911521,0.9914959258025626,2.4003221019719523,-1.9832293435516537,1.0316293943820356,0.12935019484217214,0.9090028794293571,1.2596846468448373,0.0,1.0,0.0,0.0,0.0,0.0,0.0,0.0,Medium
-1.1413502872819266,1.4755071867213534,-0.804143651801903,0.26874168260493025,-0.24756235102817814,0.7757174801631165,0.46600197392159315,-1.646127707906895,-0.3489920642618295,0.0,0.0,0.0,1.0,0.0,0.0,0.0,0.0,Medium
-1.134518493051064,1.488104241404482,0.025167799702167273,0.8720191597842762,-0.21330576564942524,0.49654084646975044,0.4197948669891233,0.6540967400751465,0.9454752775409643,0.0,0.0,0.0,0.0,0.0,0.0,1.0,0.0,Low
-1.2096682295905514,-1.157277242052492,-0.061369047411301135,-0.38145737613280944,0.8543578119883705,0.6283742568249515,-1.3426762117207884,-1.1363154291984743,-1.3781688607242235,1.0,0.0,0.0,0.0,0.0,0.0,0.0,0.0,Medium
-0.6699564853524151,0.3039811011904075,-0.3642480123084395,-0.4954097884889083,-0.8813091805351048,1.6442670072091456,0.9676791349026923,1.1214246622245323,0.5052058618696652,0.0,1.0,0.0,0.0,0.0,0.0,0.0,0.0,Medium
0.37530803196954504,-1.132083132686235,-1.510861236561893,0.0274306917331913,0.6088522834406421,-0.3022145221529368,-0.6957767146662136,-0.371597011135843,-1.0093961877687767,0.0,0.0,0.0,0.0,0.0,1.0,0.0,0.0,Medium
-0.45817086419567793,0.3102796285319723,-1.2512506952214888,0.9591592398212926,1.5223612268740505,0.32593290365713734,0.802653753001015,0.5994739959278154,1.131743107248051,0.0,0.0,0.0,0.0,0.0,1.0,0.0,0.0,Low
-0.26004883150066593,-0.9998140585133863,0.5516002863090986,-1.2193427611041232,-1.4807994246632792,1.1944824307031667,0.16235527122250756,-1.5854357699654165,-1.515517866467833,0.0,1.0,0.0,0.0,0.0,0.0,0.0,0.0,High
-0.49232983534999036,0.6252059956101834,-0.6022243418704774,1.106627067576244,-1.0754298310147044,2.342208591442562,-0.11488737037231025,0.5387820579863366,0.6914736915767521,0.0,1.0,0.0,0.0,0.0,0.0,0.0,0.0,Medium
-1.9679973892162874,-0.22509519550098664,-0.4796304751263972,1.1401424829750966,-1.0525921074288689,-1.069950264809695,-0.3789279814149937,-0.7054026698139757,-1.68485225711064,0.0,0.0,0.0,0.0,0.0,0.0,1.0,0.0,High
-0.5264888065043029,-0.19990108613472984,-0.5517445143876207,-0.04630322214428394,-0.20759633475296635,0.9773450489416596,-0.10168533982017589,0.07752332963109909,-0.24739142987614407,0.0,0.0,0.0,0.0,0.0,1.0,0.0,0.0,Medium
0.5119439165867948,-0.11802023069439514,0.29920114889481636,1.0194869875392276,-0.5615810503334122,-1.2715778335882377,-0.5043472716602683,0.3506370503677531,-0.0724125595452448,0.0,1.0,0.0,0.0,0.0,0.0,0.0,0.0,Medium
0.33431726658437055,1.0157146907871655,-0.9123147106937383,1.1133301506560143,-0.5672904812298707,-0.0773222338999478,0.16895628649857428,1.0182483677240184,0.7855483530449783,0.0,0.0,0.0,0.0,0.0,1.0,0.0,0.0,Low
0.7852156858212942,0.20950319106694418,-0.49405328297864215,0.2620385995251592,0.8143917957131594,1.94670836037696,1.6145786319572666,0.22318398069064826,1.867406959929579,0.0,0.0,0.0,0.0,0.0,1.0,0.0,0.0,Low
-0.041431416113066194,1.0975955462275,-0.22723133771211498,-0.47530053924959653,-0.7100262536413408,0.5740899113845744,-0.16109447730478005,0.18676881792576053,0.051765993592815765,0.0,1.0,0.0,0.0,0.0,0.0,0.0,0.0,Medium
0.0063911435029714025,-0.20619961347629417,0.8977476747629712,-0.2876142130160224,-0.9555317821890694,-0.14711639232328877,0.5848202488908005,1.321708057431412,0.3998422410252515,0.0,1.0,0.0,0.0,0.0,0.0,0.0,0.0,Medium
0.7168977435126693,-0.7919626562417666,-0.5012646869047641,-0.7300176962808762,1.5337800886669681,-0.05405751442550081,-0.7749888979790188,0.29601430622042196,-0.01408626943494415,1.0,0.0,0.0,0.0,0.0,0.0,0.0,0.0,Medium
0.3001582954300581,-2.158743089361203,-1.1791366559602654,-1.3265920903804516,-0.8242148715705168,-1.6593231581623578,-0.9070092035003606,0.12000768619013434,-2.6726362025270145,0.0,0.0,0.0,0.0,1.0,0.0,0.0,0.0,High
0.4982803281250706,0.8708485619311875,-0.7464524203929244,-0.7099084470415644,0.8258106575060764,-1.2095385816563782,0.7036385238600088,-0.7964405767261937,-0.0799385324627014,0.0,0.0,0.0,1.0,0.0,0.0,0.0,0.0,Medium
1.6118627877556557,0.4236531206801281,0.5443888823829767,-0.5825498685259247,0.10071293365580886,0.31817799716565537,1.812609090239279,0.933279654605948,1.8316585885716536,0.0,0.0,1.0,0.0,0.0,0.0,0.0,0.0,Low
-0.5811431603512025,0.3102796285319723,0.29198974496869445,-1.1657180964659595,0.9514181372281703,1.1712177112287196,2.155861884594768,-0.12882925936992828,1.0677723374496566,0.0,0.0,1.0,0.0,0.0,0.0,0.0,0.0,Low
0.12936343965849595,0.5748177768776698,-0.883469094989249,-2.104149727633831,1.0085124461927581,-0.0075280754766057344,0.14255222539430648,-0.5051192746070963,-0.4995115226109908,0.0,0.0,1.0,0.0,0.0,0.0,0.0,0.0,Medium
-0.5948067488129276,0.04574148018627474,0.9338046943935829,0.731254415109095,-0.4245547088184007,0.07002098943821829,1.3241339598103143,-0.8996168712267076,0.34339744414431633,0.0,0.0,0.0,1.0,0.0,0.0,0.0,0.0,Medium
1.0721510435175188,-0.653395054727354,0.21987570570747092,-1.809214072123928,-1.5835691807995376,0.7834723866545995,0.2943755767438493,0.5266436703980416,-0.5427858668863743,0.0,1.0,0.0,0.0,0.0,0.0,0.0,0.0,Medium
-1.305313348822626,0.9716249993962156,0.27035553319032757,1.2071733137728018,0.5631768362689719,-1.201783675164896,1.2713258376017778,0.07752332963109909,0.7761408868981562,0.0,0.0,0.0,0.0,0.0,0.0,1.0,0.0,Low
0.4094670031238575,0.4425487027048206,-0.003677816002322538,-0.7434238624404169,-0.49877731047236534,-0.04630260793401775,-1.5869137769352704,0.5630588331629285,-0.5220894413633647,1.0,0.0,0.0,0.0,0.0,0.0,0.0,0.0,Medium
-1.0593687565115766,-2.7130134954188545,0.8400564433539927,-0.1602556345003828,0.08358464096643262,0.4810310334867854,0.14255222539430648,0.5812664145453719,-0.7045942846117231,0.0,0.0,0.0,0.0,1.0,0.0,0.0,0.0,Medium
0.9423469531311321,0.5433251401698487,1.0996669846943978,-0.12674021910153024,1.0427690315715115,0.26389365172527834,0.5980222794429348,-1.379083180964389,1.0301424728623658,0.0,0.0,0.0,1.0,0.0,0.0,0.0,0.0,Low
-1.9133430353693872,0.6944897963673895,-1.5973980836753614,-0.5222221208079902,-1.0126260911536575,-0.9458717609459766,-0.7815899132550861,-0.20772877869385084,-2.166514523827958,0.0,0.0,0.0,0.0,0.0,0.0,1.0,0.0,High
-0.7724333988153524,0.6629971596595684,-0.20559712593374813,1.2071733137728018,0.38047504758229006,1.6365121007176637,0.888466951589887,-0.31090507319436433,1.1881879041289862,0.0,0.0,0.0,0.0,0.0,0.0,1.0,0.0,Low
-0.24638524303894077,0.5181310308035915,-0.21280852985987006,0.9323469075022102,-0.3560415380608953,0.023491550489323214,-0.8872061576721595,0.1928380117199085,-0.01408626943494415,1.0,0.0,0.0,0.0,0.0,0.0,0.0,0.0,Medium
0.7100659492818072,-1.1005904959784139,-0.19838572200762516,0.5770835042743734,0.17493553530977352,-1.0234208258608006,0.300976592019916,0.921141267017653,0.1966409722538833,0.0,0.0,0.0,0.0,1.0,0.0,0.0,0.0,Medium
-2.2822599238359613,-0.23769225018411527,2.1164749382776487,0.6843328335507021,0.05503748648413861,-0.899342321997082,-2.6694802822102726,1.2610161194899332,-0.6556754606482459,1.0,0.0,0.0,0.0,0.0,0.0,0.0,0.0,Medium
1.0994782204409692,-2.0516681245546113,-1.8497972210896438,-1.453950668896091,-0.26469064371755435,0.6051095373505034,0.6640324322036057,-0.001376189692823002,-1.1900195377877711,0.0,0.0,0.0,0.0,1.0,0.0,0.0,0.0,Medium
-0.3351985680401529,-0.38885690638165654,0.7246739805360354,0.48994342423735693,-2.297248042856888,-0.5581264363718564,1.5155634028162601,-0.5779496001368704,-0.6519124741895176,0.0,1.0,0.0,0.0,0.0,0.0,0.0,0.0,Medium
-0.45817086419567793,1.4692086593797886,0.21987570570747092,1.7434199601544424,-1.2467127579084685,-0.34874396110183187,-0.36572595086285936,-0.9360320339915948,-0.0385456814166821,0.0,1.0,0.0,0.0,0.0,0.0,0.0,0.0,Medium
-1.3531359084386636,-1.4029198083734964,-0.14790589452476954,-0.12003713602175964,-0.5844187739192473,-0.6124107818122334,0.9676791349026923,-0.12276006557578034,-1.2088344700814153,0.0,0.0,0.0,0.0,1.0,0.0,0.0,0.0,Medium
-0.6084703372746524,0.34807079258135726,-0.6238585536488442,1.3680473076872934,1.4709763488059218,2.07854177073216,0.36038572950452014,-1.5429514134063815,0.9642902098346084,0.0,0.0,0.0,1.0,0.0,0.0,0.0,0.0,Medium
0.7852156858212942,0.9149382533221373,-0.8257778635802698,0.8519099105449649,0.4147316329610434,-0.4805773714570324,1.5683715250247967,-0.9299628401974469,0.8645710686782885,0.0,0.0,0.0,1.0,0.0,0.0,0.0,0.0,Low
0.5256075050485199,-0.8045597109248953,0.5371774784568537,-0.18036488373969414,-0.14479259489191945,0.09328570891266527,1.4891593417119915,0.4598825386624146,0.668895772824377,0.0,0.0,0.0,0.0,1.0,0.0,0.0,0.0,Low
-0.4786662468882652,-2.0579666518961757,-0.9627945381765949,2.2796666065360833,-0.7899582861917643,0.10104061540414724,-0.2865137675500546,-0.40801217390073025,-1.0018702148513188,0.0,0.0,0.0,0.0,1.0,0.0,0.0,0.0,Medium
-0.5811431603512025,-0.6282009453610973,0.23429851355971584,-0.3613481268934981,0.5403391126831364,0.20960930628490132,0.9676791349026923,-0.2926974918119209,0.03295106129916893,0.0,0.0,0.0,0.0,0.0,0.0,1.0,0.0,Medium
0.18401779350539565,-1.8753093589908132,-0.5445331104614983,-0.032897055984742726,-1.0640109692217867,0.03900136347228824,1.1327045168043695,0.180699624131613,-0.7779725205569397,0.0,0.0,0.0,0.0,1.0,0.0,0.0,0.0,Medium
-0.26688062573152804,0.07723411689409586,1.9938810715335686,2.2461511911372307,0.009362039312467952,1.0238744878905535,0.7894517224488807,1.4612995146968126,2.5372185495833497,0.0,0.0,0.0,0.0,0.0,0.0,1.0,0.0,Low
0.34114906081523266,-0.9872170038302577,0.34968097637767304,0.06764919021181494,1.0541878933644284,-0.4495577454911029,0.4924060350258619,-1.021000747109665,-0.0347826949579538,0.0,0.0,0.0,1.0,0.0,0.0,0.0,0.0,Medium
0.60758903581887,0.3732649019476145,-0.3426138005300727,-2.184586724591077,1.2711462674298637,-0.775263818133364,-0.5901604702491406,-0.6689875070490884,-0.7102387642998169,0.0,0.0,1.0,0.0,0.0,0.0,0.0,0.0,Medium
0.28649470696833296,-1.0376052225627717,-0.45078485942190794,-2.9018166141265214,1.04847846246797,-0.744244192167434,0.18215831705070862,0.5387820579863366,-0.97364781641085,0.0,0.0,1.0,0.0,0.0,0.0,0.0,0.0,Medium
-0.16440371226859074,-0.5841112539701475,0.6597713452009338,-0.17366180065992354,-0.2989472290963073,1.6830415396665577,-0.1280894009244446,1.4006075767553339,0.7629704342926031,0.0,0.0,0.0,0.0,1.0,0.0,0.0,0.0,Medium
-0.4035165103487778,-0.3447672149907072,-1.1935594638125098,-1.5611999981724194,-0.5672904812298707,-0.1393614858318068,0.36698674478058685,-1.3244604368170583,-1.86359411390027,0.0,0.0,1.0,0.0,0.0,0.0,0.0,0.0,High
0.28649470696833296,-0.6470965273857897,0.16939587822461427,0.19500776872745407,0.3747656166858316,0.21736421277638326,-0.5241503174884697,0.6480275462809989,0.2662562217403715,0.0,0.0,0.0,0.0,1.0,0.0,0.0,0.0,Low
-0.2395534488080787,-0.35736426967383544,-1.2440392912953664,0.3424755964824055,1.5052329341846742,2.342208591442562,-0.4119330577953291,1.5948217781680658,1.3010774978908592,0.0,0.0,0.0,0.0,0.0,1.0,0.0,0.0,Medium
1.2087869281347685,1.1101926009106287,-0.9772173460288393,-0.5758467854461542,-0.06486056234149631,0.31042309067417234,1.2779268528778445,0.24139156207309168,0.9266603452473174,0.0,0.0,0.0,0.0,0.0,1.0,0.0,0.0,Low
-0.04826321034392829,0.6063104135854909,1.215049447512355,-0.30772346225533376,0.14067894993102065,-0.744244192167434,0.6442293863754046,-0.28055910422362496,0.4506425582180929,0.0,0.0,0.0,1.0,0.0,0.0,0.0,0.0,Low
-0.34203036227101546,-2.372893018974387,0.10449324288951271,1.0731116521773916,-0.9384034894996928,0.20185439979341935,-1.1710498145430441,0.30208350001457035,-1.2182419362282388,0.0,0.0,0.0,0.0,1.0,0.0,0.0,0.0,Medium
0.368476237738683,-0.05503495727875291,-0.94837173032435,0.5502711719552918,0.09500350275934998,-0.4883322779485149,-0.04227620233557268,2.286709870700923,0.7516814749164182,0.0,0.0,0.0,0.0,0.0,1.0,0.0,0.0,Medium
-0.1439083295760035,-0.7667685468755099,0.29920114889481636,2.4003221019719523,0.45469764923625433,-0.015282981968088798,-0.4647411800038656,-0.5111884684012442,0.42242015977762665,0.0,0.0,0.0,0.0,1.0,0.0,0.0,0.0,Medium
1.9944432646839545,-0.16210992208534442,-1.381055965891691,-1.1456088472266475,0.5232108199937601,-0.7132245662015044,0.18215831705070862,-0.462634918048061,-0.3414660913443702,0.0,0.0,0.0,0.0,0.0,1.0,0.0,0.0,Medium
-0.8270877526622521,-1.667457956719194,0.44342922741726337,-0.36805120997326823,0.29483358413540806,1.2022373371946486,0.7102395391360755,0.453813344868267,0.023543595152346847,0.0,0.0,0.0,0.0,1.0,0.0,0.0,0.0,Medium
1.3112638415977058,1.601477733552638,-0.37867082016068443,-0.1535525514206122,-0.0991171477202492,0.7291880412142225,-0.11488737037231025,1.2246009567250462,1.4854638343685806,0.0,0.0,0.0,0.0,0.0,1.0,0.0,0.0,Low
0.6759069781274949,-0.21249814081785848,0.19103009000298113,0.4631310919182745,0.17493553530977352,0.8765312645523875,-0.09508432454410917,-2.3137390252631604,-0.21540604497694818,0.0,0.0,0.0,1.0,0.0,0.0,0.0,0.0,Medium
0.13619523388935806,-0.8801420390236662,-0.061369047411301135,2.4003221019719523,1.2882745601192398,0.6904135087568105,-1.7387371282848136,0.04110816686621181,0.6764217457418362,1.0,0.0,0.0,0.0,0.0,0.0,0.0,0.0,Medium
-0.3010395968858405,-0.4140510157479133,0.22708710963359288,1.354641141527753,0.5860145598548074,1.3728452800072617,0.34058268367631905,0.8179649725171391,1.3876261864416262,0.0,0.0,0.0,0.0,1.0,0.0,0.0,0.0,Low
0.5529346819719703,2.2187334130259315,0.10449324288951271,1.8171538740319177,2.4187418776180825,0.7989821996375635,1.1195024862522351,-1.4154983437292763,2.7799311761713743,0.0,0.0,0.0,1.0,0.0,0.0,0.0,0.0,Low
0.061045497349871095,-0.42034954308947764,-0.6815497850578228,0.5301619227159796,-0.6871885300555056,1.3495805605328146,0.2943755767438493,1.1335630498128284,0.49767988895220594,0.0,1.0,0.0,0.0,0.0,0.0,0.0,0.0,Medium
1.318095635828569,-0.02354232057093135,0.8616906551323594,0.034133774812962384,2.127560901898684,-1.8687056334323824,-0.8938071729482262,0.7208578718107727,1.0075645541099933,0.0,0.0,0.0,0.0,0.0,0.0,0.0,1.0,Low
1.1268053973644185,1.0975955462275,2.0083038793858137,-1.0919841825884837,2.4187418776180825,1.2255020566690955,-1.67932799080021,1.285292894666525,2.33778026727071,1.0,0.0,0.0,0.0,0.0,0.0,0.0,0.0,Low
0.5939254473571448,0.5811163042192337,-0.6959725929100677,0.2888509318442416,1.2711462674298637,0.7291880412142225,-0.477943210556,-0.820717351902785,0.5522431926037783,0.0,0.0,0.0,1.0,0.0,0.0,0.0,0.0,Low
-0.7109472507375897,-0.7856641289002029,-0.869046287137004,0.6307081689125372,-0.36175096895735415,-1.3103523660456498,0.7564466460685453,-1.6886120644659304,-1.5324513055321145,0.0,0.0,0.0,1.0,0.0,0.0,0.0,0.0,Medium
-0.9568918430486393,-0.993515531171822,0.8689020590584824,-1.3936229211781566,-0.9954977984642809,0.38021724909751436,0.5848202488908005,-1.105969460227735,-1.4214432049996069,0.0,0.0,1.0,0.0,0.0,0.0,0.0,0.0,Medium
-1.5922487065188506,1.8345232451905142,1.373700333887047,-0.10663096986221843,0.8029729339202417,-0.3254792416273849,0.12274917956610448,-0.36552781734169504,0.68206622542993,0.0,0.0,0.0,0.0,0.0,0.0,1.0,0.0,Medium
-0.8612467238165645,0.2787869918241512,0.9914959258025626,-1.386919838098386,-1.2752599123907624,1.2487667761435437,0.6046232947190026,0.8665185228703218,0.04988450036345028,0.0,1.0,0.0,0.0,0.0,0.0,0.0,0.0,Medium
-0.20539447765376626,0.4614442847295131,1.2799520828474567,1.341234975368212,0.2434487060672789,-0.06956732740846473,-0.6297665619055428,-1.9495873976142883,0.08939585818010409,0.0,0.0,0.0,1.0,0.0,0.0,0.0,0.0,Medium
-0.6494611026598274,-0.4392451251141706,0.22708710963359288,-0.9378132717537616,-1.0754298310147044,-0.2556850832040428,0.7168405544121422,-0.08634490281089349,-0.9416624315116541,0.0,1.0,0.0,0.0,0.0,0.0,0.0,0.0,Medium
-0.8612467238165645,-0.13061728537752332,-1.1502910402557756,0.8116914120663412,-1.686338936935796,-0.6046558753207509,0.8620628904856183,0.9818332049591316,-0.6255715689784141,0.0,1.0,0.0,0.0,0.0,0.0,0.0,0.0,Medium
1.0789828377483819,-0.9053361483899229,-0.6671269772055785,-1.3802167550186155,-1.4465428392845265,-0.27894980267848984,2.2614781290118406,-0.2562823290470336,-0.6425050080426942,0.0,1.0,0.0,0.0,0.0,0.0,0.0,0.0,Medium
-0.19856268342290317,0.5370266128282839,0.8544792512062376,0.6575205012316196,-0.9384034894996928,-0.6666951272526099,1.8192101055153458,-0.7114718636081236,0.42618314623635495,0.0,1.0,0.0,0.0,0.0,0.0,0.0,0.0,Medium
-0.8202559584313895,1.601477733552638,-0.7752980360974137,-0.5155190377282197,-0.37316983075027155,0.5585800984016094,-1.8179493115976182,0.22318398069064826,-0.6632014335657038,1.0,0.0,0.0,0.0,0.0,0.0,0.0,0.0,Medium
-1.8723522699842123,-1.0439037499043355,-0.4652076672741523,0.9189407413426699,-0.6300942210909176,1.3418256540413316,0.9346740585223569,0.18676881792576053,-0.3113621996745385,0.0,0.0,0.0,0.0,0.0,0.0,1.0,0.0,Medium
0.8398700396681948,0.9905205814209082,1.07803277291603,-0.6026591177652361,1.3054028528086161,0.03124645698080628,-1.1446457534387757,-1.0331391346979604,0.5371912467688624,1.0,0.0,0.0,0.0,0.0,0.0,0.0,0.0,Medium
-0.2873760084241158,-0.09282612132813833,-0.724818208614557,0.24192935028584783,0.17493553530977352,1.0548941138564836,-0.5967614855252074,1.6130293595505092,0.5183763144752156,0.0,0.0,0.0,0.0,0.0,1.0,0.0,0.0,Medium
-0.4035165103487778,1.771537971774872,0.6453485373486889,-0.6495806993236298,0.5574674053725134,0.8765312645523875,0.6706334474796734,-0.9906547781389256,0.8551636025314664,0.0,0.0,0.0,1.0,0.0,0.0,0.0,0.0,Low
1.3385910185211563,-0.31327457828288613,0.44342922741726337,0.5368650057957507,-1.2467127579084685,-0.8683226960311525,1.2779268528778445,-0.4201505614890262,0.192877985795155,0.0,1.0,0.0,0.0,0.0,0.0,0.0,0.0,Medium
0.5119439165867948,0.7322809604167754,0.4650634391956302,-0.032897055984742726,-0.2875283673033895,1.4659041579050507,0.6706334474796734,-1.457982700288311,0.5898730571910693,0.0,0.0,0.0,1.0,0.0,0.0,0.0,0.0,Low
0.5665982704336955,-0.02984084791249611,-1.734414758271686,0.4095064272801106,1.6251309830103087,0.6283742568249515,-0.9334132646046288,0.10786929860183843,0.3302269915387633,0.0,0.0,0.0,0.0,0.0,1.0,0.0,0.0,Medium
-1.6469030603657504,0.959027944713087,-0.7103954007623127,0.38269409496102913,-0.7614111317094703,1.2410118696520607,-1.2238579367515805,-0.8328557394910809,-1.0018702148513188,0.0,0.0,0.0,0.0,0.0,0.0,1.0,0.0,Medium
1.0994782204409692,0.6126089409270548,0.9121704826152162,-0.3010203791755631,-0.5273244649546593,-1.3181072725371321,0.9610781196266246,0.47202092625071046,0.7084071306410334,0.0,0.0,0.0,0.0,0.0,0.0,0.0,1.0,Low
0.7305613319743945,-0.3321701603075786,-0.061369047411301135,0.10116460561066748,-1.9204256036906069,-0.41853811952517284,-0.1412914314765785,0.271737531043831,-0.7196462304466403,0.0,1.0,0.0,0.0,0.0,0.0,0.0,0.0,Medium
-0.24638524303894077,1.4755071867213534,-0.37867082016068443,-2.4527100477818973,0.08358464096643262,0.3491976231315843,0.5188100961301296,-0.9056860650208556,-0.5427858668863743,0.0,0.0,1.0,0.0,0.0,0.0,0.0,0.0,Medium
0.026886526195558667,0.8645500345896237,0.6020801137919553,0.5100526734766683,-0.5101961722652827,-0.27894980267848984,0.23496643925924512,0.028969779277916333,0.507087355099028,0.0,1.0,0.0,0.0,0.0,0.0,0.0,0.0,Low
1.0516556608249317,0.8519529799064951,-0.11184887489415779,1.414968889245687,-0.5844187739192473,-0.8295481635737405,0.2547694850874462,-0.20772877869385084,0.657606813448192,0.0,1.0,0.0,0.0,0.0,0.0,0.0,0.0,Low
0.3958034146621333,-1.5666815192541663,-0.27771116519497163,0.22852318412630662,0.2491581369637378,-0.20915564425514885,0.8092547682770818,0.48415931383900634,0.055528980051544066,0.0,0.0,0.0,0.0,1.0,0.0,0.0,0.0,Medium
0.43679418004730786,-0.42034954308947764,0.14055026252012445,-0.17366180065992354,-0.12195487130608433,0.16307986733600735,-0.16769549258084676,-0.16524442213481558,-0.14579079549045998,0.0,0.0,0.0,0.0,1.0,0.0,0.0,0.0,Medium
-0.3351985680401529,-0.7541714921923817,-2.123830570282293,-0.622768367004548,-0.007766253376908292,-1.093214984284142,-1.7387371282848136,0.11393849239598638,-2.217314841020801,0.0,0.0,0.0,0.0,0.0,1.0,0.0,0.0,High
-0.38985292188705306,0.4866383940957703,0.6669827491270568,0.007321442493879959,-0.2989472290963073,-0.798528537607811,-0.0752812787159081,0.07145413583695115,-0.09687197152698275,0.0,0.0,0.0,0.0,0.0,0.0,1.0,0.0,Medium
1.8714709685284299,0.16541349967599533,-0.37145941623456197,-0.36805120997326823,0.6373994379229362,-1.44218577640085,0.23496643925924512,-0.7418178325788629,0.0781068988039192,0.0,0.0,0.0,0.0,0.0,0.0,0.0,1.0,Medium
0.2591675300448836,0.34807079258135726,-0.32097958875170535,0.3692879288014879,-2.902447717881521,0.5198055659441974,0.5452141572343984,0.4902285076331539,-0.40919984760149297,0.0,1.0,0.0,0.0,0.0,0.0,0.0,0.0,Medium
0.9081879819768197,-0.3069760509413218,-0.4796304751263972,-0.5021128715686785,0.9970935843998405,-0.876077602522635,1.601376601405132,0.635889158692703,0.8269412040909975,0.0,0.0,0.0,0.0,0.0,1.0,0.0,0.0,Low
-0.6494611026598274,-1.705249120768579,-0.292133973047216,-0.36805120997326823,0.40902220206458406,-0.6124107818122334,0.9214720279702224,-1.4033599561409804,-1.3179610773845587,0.0,0.0,0.0,0.0,1.0,0.0,0.0,0.0,Medium
-0.3351985680401529,-0.13691581271908762,-1.3522103501872016,0.6977389997102423,1.7393196009394847,0.6128644438419865,-0.39213001196712804,0.5509204455746326,0.6124509759434418,0.0,0.0,0.0,0.0,0.0,1.0,0.0,0.0,Medium
-1.1071913161276141,-0.20619961347629417,0.5588116902352216,-1.4204352534972386,0.3347996004106198,-1.9927841372961008,-0.31951884393039004,-0.19559039110555493,-1.4308506711464304,0.0,0.0,1.0,0.0,0.0,0.0,0.0,0.0,Medium
-1.5102671757485007,1.6266718429188942,-0.21280852985987006,2.1120895295418207,0.2777052914460318,0.31042309067417234,-1.5011005783463984,-0.19559039110555493,0.3565678967498667,1.0,0.0,0.0,0.0,0.0,0.0,0.0,0.0,Medium
1.0789828377483819,-0.7604700195339456,1.1068783886205198,-0.16695871758015293,-0.30465665999276614,-0.14711639232328877,-0.25350869116971914,0.8240341663112866,0.4487610649887301,0.0,0.0,0.0,0.0,1.0,0.0,0.0,0.0,Low
0.3206536781226454,0.9779235267377795,-0.6310699575749666,-0.38145737613280944,1.219761389361734,0.5973546308590214,0.28777456146778163,1.4491611271085167,1.483582341139218,0.0,0.0,0.0,0.0,0.0,1.0,0.0,0.0,Low
-0.5469841891968901,0.1024282262603531,0.7679424040927691,-0.5691437023663836,-0.17333974937421345,-0.8915874155056001,-0.24690767589365198,0.8968644918410611,-0.18153916684838683,0.0,0.0,0.0,0.0,0.0,0.0,1.0,0.0,Medium
0.6554115954349076,0.8141618158571101,0.025167799702167273,-0.019490889825201987,0.8201012266096179,0.36470743611454937,0.5452141572343984,-0.4504965304597655,1.000038581192534,0.0,0.0,0.0,1.0,0.0,0.0,0.0,0.0,Low
-0.02093603342047893,-0.44554365245573446,0.47227484312175316,0.5435680888755208,-1.0640109692217867,-0.20915564425514885,-2.702485358590608,-0.9542396153740383,-1.6641558315876304,1.0,0.0,0.0,0.0,0.0,0.0,0.0,0.0,Medium
-1.0730323449733017,-0.11802023069439514,-1.510861236561893,1.944512452547558,1.1912142348794401,0.13981514786155924,-2.8675107404922855,1.388469189167038,-0.17401319393092757,1.0,0.0,0.0,0.0,0.0,0.0,0.0,0.0,Medium
-1.3394723199769385,0.9212367806637021,0.42179501563889654,0.7111451658697836,1.9619874059013782,0.9153057970097995,1.3241339598103143,1.012179173929871,2.2192461938207457,0.0,0.0,0.0,0.0,0.0,0.0,1.0,0.0,Low
1.7348350839111801,0.9905205814209082,-0.8762576910631265,1.9177001202284754,1.2597274056369459,-0.03079279495105272,-0.7683878827029517,1.1881857939601586,2.0499118031779378,0.0,0.0,0.0,0.0,0.0,1.0,0.0,0.0,Low
0.054213703119009,-1.2832477888837763,-0.046946239559056226,-1.9298695675597974,0.1578072426203969,0.14757005435304232,-1.6661259602480756,0.6419583524868505,-1.3875763268710455,0.0,0.0,1.0,0.0,0.0,0.0,0.0,0.0,Medium
-0.8749103122782896,-0.6030068359948401,-0.8257778635802698,0.08775843945112627,0.5460485435795956,2.0320123317832657,-0.3723269661389265,1.024317561518166,0.34151595091495085,0.0,0.0,0.0,0.0,0.0,0.0,1.0,0.0,Medium
1.0584874550557937,0.07723411689409586,0.9770731179503177,-0.2138802991385467,-0.2989472290963073,-0.4573126519825854,-0.854201081291824,-1.5975741575537123,-0.5484303465744681,0.0,0.0,0.0,1.0,0.0,0.0,0.0,0.0,Medium
0.5256075050485199,0.2535928824578939,0.9914959258025626,0.14808618716906125,-0.1676303184777546,-0.061812420916982774,-1.025827478469568,-0.7236102511964195,-0.08370151892143236,1.0,0.0,0.0,0.0,0.0,0.0,0.0,0.0,Medium
-2.0978014796026745,1.1101926009106287,1.2871634867735786,-0.8640793578762864,0.734459763162736,-0.17038111179773685,-0.3855289966910609,2.3838169714072888,0.8457561363846443,0.0,0.0,0.0,0.0,0.0,0.0,1.0,0.0,Medium
0.4436259742781699,-0.11172170335283083,0.4794862470478751,-1.4807630012151731,0.09500350275934998,-0.4805773714570324,0.7102395391360755,-0.4383581428714696,-0.27561382831661296,0.0,0.0,1.0,0.0,0.0,0.0,0.0,0.0,Medium
-2.384736837298899,-0.28808046891662886,0.9987073297286845,0.9189407413426699,0.7173314704733597,-0.976891386911906,0.1755573017746419,0.04717736066035976,-0.20035409914203098,0.0,0.0,0.0,0.0,0.0,0.0,1.0,0.0,Medium
-0.08925397572910379,-0.42034954308947764,-0.5228988986831314,-1.4003260042579273,0.7744257794379477,0.24838383874231332,-0.6693726535619454,1.182116600166011,-0.23610247049995783,0.0,0.0,1.0,0.0,0.0,0.0,0.0,0.0,Medium
1.3044320473668438,-0.7919626562417666,0.09728183896339078,1.039596236778539,-2.639813896644416,-1.6438133451793928,0.08314308790970233,-0.5840187939310183,-1.2332938820631547,0.0,1.0,0.0,0.0,0.0,0.0,0.0,0.0,Medium
1.1951233396730434,1.0472073274949865,-0.6959725929100677,0.731254415109095,-0.7671205626059288,-0.3022145221529368,-1.006024432641367,1.2792237008723766,0.5616506587506004,1.0,0.0,0.0,0.0,0.0,0.0,0.0,0.0,Medium
1.085814631979244,-0.017243793229367484,0.9049590786890942,0.08775843945112627,0.23202984427436155,-1.3801465244689912,-0.8079939743593543,1.6008909719622133,0.7027626509529397,1.0,0.0,0.0,0.0,0.0,0.0,0.0,0.0,Low
0.2181767646597081,0.38586195663074313,-1.1430796363296536,-1.3668105888590747,0.07787521006997374,-1.240558207622308,-0.9070092035003606,0.9090028794293571,-0.949188404429112,0.0,0.0,1.0,0.0,0.0,0.0,0.0,0.0,Medium
-0.6972836622758649,0.927535308005266,-0.17675151022925834,0.24192935028584783,-0.5044867413688242,-1.4189210569264032,2.129457823490499,-0.8935476774325596,-0.09122749183888897,0.0,0.0,0.0,1.0,0.0,0.0,0.0,0.0,Medium
-0.4854980411191278,-1.4848006638138311,-1.4675928130051594,-0.13344330218130038,-0.7442828390200936,-0.5038420909314799,0.7696486766206797,0.3506370503677531,-1.2953831586321836,0.0,0.0,0.0,0.0,1.0,0.0,0.0,0.0,Medium
0.17718599927453355,0.9842220540793443,-3.4218832769843157,-0.019490889825201987,1.2654368365334043,-0.8915874155056001,0.5716182183386671,-1.8585494907020703,-0.9604773638052996,0.0,0.0,0.0,0.0,0.0,1.0,0.0,0.0,Medium
0.5392710935102452,-1.0439037499043355,0.5443888823829767,1.4417812215647696,-0.40171698523256555,0.1087955218956303,0.7828507071728131,0.751203840781512,0.9172528791004954,0.0,0.0,0.0,0.0,1.0,0.0,0.0,0.0,Low
-1.5649215295954004,2.2187334130259315,0.501120458826242,0.10786768869043761,-1.3837390994234795,-0.7132245662015044,-0.2403066606175848,0.010762197895472473,-0.3772144627022971,0.0,1.0,0.0,0.0,0.0,0.0,0.0,0.0,Medium
1.1882915454421814,-0.16210992208534442,-1.3233647344827124,-2.88170736488721,0.4318599256504196,-0.6511853142696454,0.8950679668659537,-1.1302462354043263,-1.2332938820631547,0.0,0.0,1.0,0.0,0.0,0.0,0.0,0.0,Medium
-1.2779861718991763,-0.8297538202911521,-0.5445331104614983,0.7781759966674887,0.8771955355742059,0.6671487892823635,-0.5637564091448719,1.1517706311952718,0.15524812120786402,0.0,0.0,0.0,0.0,0.0,0.0,1.0,0.0,Medium
-2.0021563603706,0.39845901131387085,1.1429354082511316,-0.5758467854461542,-0.8755997496386463,0.062266082946735225,0.26137050036351384,-1.3972907623468325,-1.159915646117938,0.0,0.0,0.0,0.0,0.0,0.0,1.0,0.0,Medium
1.6255263762173808,1.746343862408615,1.2006266396601102,-0.2071772160587761,-0.1904680420635901,-1.5429995607901217,0.8356588293813505,0.5327128641921891,1.4892268208273116,0.0,0.0,0.0,0.0,0.0,0.0,0.0,1.0,Low
0.7168977435126693,0.1024282262603531,-2.0805621467255593,0.08105535637135615,0.42615049475396033,-0.914852134980047,-1.098438646506306,-0.2926974918119209,-0.9717663231814858,0.0,0.0,0.0,0.0,0.0,1.0,0.0,0.0,Medium
-2.159287627680437,0.6881912690258256,0.08285903111114587,0.4162095103598817,0.8600672428848297,1.7140611656324878,0.7960527377249474,0.37491382554434494,0.9906311150457119,0.0,0.0,0.0,0.0,0.0,0.0,1.0,0.0,Low
2.178901708917242,-1.5855771012788589,-0.5373217065353758,0.7111451658697836,0.3005430150318669,0.37246234260603134,-1.9367675865668261,1.5098530650499953,0.364093869667326,1.0,0.0,0.0,0.0,0.0,0.0,0.0,0.0,Medium
0.7920474800521573,0.6315045229517473,0.9049590786890942,-1.8427294875227807,1.9163119587297082,-0.3642537740847969,-0.8277970201875554,-0.6993334760198278,0.2700192081990998,0.0,0.0,1.0,0.0,0.0,0.0,0.0,0.0,Medium
-0.46500265842654054,0.6629971596595684,-1.0421199813639404,-0.6026591177652361,-0.01918511516982606,-1.4576955893838153,0.34718369895238577,-1.1545230105809177,-1.2370568685218843,0.0,0.0,0.0,1.0,0.0,0.0,0.0,0.0,Medium
0.28649470696833296,0.24729435511633005,0.025167799702167273,0.44302184267896316,-0.3389132453715186,-0.9458717609459766,-0.5835594549730735,-2.0042101417616194,-1.05643351850289,0.0,0.0,0.0,1.0,0.0,0.0,0.0,0.0,Medium
0.48461673966334545,-0.7856641289002029,0.6453485373486889,1.4484843046445397,2.4187418776180825,0.6438840698079153,0.2019613628789097,0.44167495727997114,2.0273338844255653,0.0,0.0,0.0,0.0,1.0,0.0,0.0,0.0,Low
0.27966291273747085,-0.8045597109248953,0.7607310001666472,1.890887787909394,0.5803051289583482,-0.852812883048188,-0.5241503174884697,-0.9421012277857423,0.13643318891421718,0.0,0.0,0.0,1.0,0.0,0.0,0.0,0.0,Medium
0.04055011465728383,0.49923544877889897,0.8761134629846044,-0.26080188069694044,1.6022932594244739,-0.28670470916997287,0.8224567988292162,0.569128026957076,1.4817008479098523,0.0,0.0,1.0,0.0,0.0,0.0,0.0,0.0,Low
0.928683364669407,1.6644630069682802,-0.40030503193905126,0.0006183594141098294,-0.3845886925431893,0.5663350048930914,1.1591085779086372,-0.9785163905506297,0.8570450957608292,0.0,0.0,0.0,1.0,0.0,0.0,0.0,0.0,Low
1.5367130512161677,0.9653264720546509,0.06843622325890096,-0.3479419607339569,0.48895423461500764,-0.7132245662015044,2.063447670729828,1.3702616077845946,2.0405043370311153,0.0,0.0,1.0,0.0,0.0,0.0,0.0,0.0,Low
-0.6767882795832773,-0.14951286740221625,-1.6478779111582182,-0.36805120997326823,-0.8242148715705168,0.31817799716565537,-0.4647411800038656,0.5812664145453719,-1.1392192205949285,0.0,0.0,0.0,0.0,0.0,1.0,0.0,0.0,Medium
0.7852156858212942,2.054971702145262,-0.046946239559056226,-1.5544969150926489,0.6202711452335599,1.7295709786154518,0.20856237815497736,0.05931574824865567,1.3537593083130635,0.0,0.0,1.0,0.0,0.0,0.0,0.0,0.0,Low
2.178901708917242,-1.113187550661542,0.9049590786890942,-0.2004741329790055,1.7336101700430262,-0.3875184935592439,-0.029074171783438317,-0.3169742669885123,1.0226164999449092,0.0,0.0,0.0,0.0,1.0,0.0,0.0,0.0,Medium
-1.961165594985425,-0.017243793229367484,0.003533587923800427,0.30896018108355294,2.281715536103071,1.7993651370387937,-0.49774625638420106,0.4295365696916752,0.9022009332655795,0.0,0.0,0.0,0.0,0.0,0.0,1.0,0.0,Medium
0.28649470696833296,0.5433251401698487,-1.4531700051529144,-0.7702361947594989,1.7792856172146965,-0.938116854454494,0.6310273558232703,-0.0499297400460062,0.21169291808879917,0.0,0.0,0.0,0.0,0.0,1.0,0.0,0.0,Medium
-0.2327216545772156,-0.6156038906779686,2.065995110794792,-1.5880123304915013,-0.20759633475296635,-0.20915564425514885,0.7036385238600088,-0.7175410574022716,-0.36968848978483915,0.0,0.0,1.0,0.0,0.0,0.0,0.0,0.0,Medium
-0.2737124199623911,-0.02984084791249611,-0.32097958875170535,0.48994342423735693,-0.4816490177829887,0.03124645698080628,0.14255222539430648,1.2428085381074898,0.3057675795570253,0.0,1.0,0.0,0.0,0.0,0.0,0.0,0.0,Medium
-1.1960046411288263,-0.5589171446038907,0.18381868607685917,0.8720191597842762,0.10642236455226774,1.2642765891265075,0.8224567988292162,1.3338464450197078,0.9831051421282526,0.0,0.0,0.0,0.0,0.0,0.0,1.0,0.0,Low
1.3727499896754687,0.4929369214373342,1.35206612210868,0.014024525573651041,-0.8698903187421875,0.6283742568249515,1.1063004557001006,-0.04386054625185824,1.3123664572670442,0.0,1.0,0.0,0.0,0.0,0.0,0.0,0.0,Low
0.6007572415880079,-0.14951286740221625,-0.11906027882027972,1.6830922124365075,1.231180251154652,0.1708347738274893,1.3901441125709852,-0.11062167798748487,1.7150060083510523,0.0,0.0,0.0,0.0,0.0,1.0,0.0,0.0,Low
-0.6562928968906899,0.8519529799064951,-1.1791366559602654,0.22852318412630662,1.6479687065961441,1.6054924747517338,-0.14789244675264568,-1.5186746382297898,0.3132935524744846,0.0,0.0,0.0,1.0,0.0,0.0,0.0,0.0,Medium
-0.62896571996724,0.6881912690258256,0.16939587822461427,0.737957498188866,-0.5044867413688242,1.6442670072091456,1.5683715250247967,-0.8146481581086376,0.8890304806600264,0.0,0.0,0.0,1.0,0.0,0.0,0.0,0.0,Low
-1.332640525746076,-0.5400215625791978,0.15497307037236938,2.4003221019719523,-0.3446226762679775,-2.5046079657339395,-0.048877217611639386,-1.749304002407409,-1.3649984081186717,0.0,0.0,0.0,1.0,0.0,0.0,0.0,0.0,High
-1.5990805007497129,-1.276949261542212,-0.5661673222398657,0.6575205012316196,0.10642236455226774,-1.3879014309604736,1.1327045168043695,-0.9360320339915948,-1.3179610773845587,0.0,0.0,0.0,0.0,0.0,0.0,1.0,0.0,Medium
-0.936396460356052,-0.0991246486697022,0.017956395776045332,0.6508174181518496,-1.6749200751428783,0.20185439979341935,-0.29971579810218846,-0.08634490281089349,-0.894625100777541,0.0,1.0,0.0,0.0,0.0,0.0,0.0,0.0,Medium
-0.38985292188705306,2.2187334130259315,0.7823652119450141,-0.6696899485629412,-0.08198885503087255,-0.720979472692987,1.1393055320804362,0.22925317448479576,0.9567642369171492,0.0,0.0,1.0,0.0,0.0,0.0,0.0,0.0,Low
2.0012750589148176,1.6644630069682802,0.6814055569793007,0.0006183594141098294,-0.5044867413688242,-1.6593231581623578,2.19546797625117,-0.6568491194607929,1.3499963218543352,0.0,0.0,0.0,0.0,0.0,0.0,0.0,1.0,Medium
1.3044320473668438,-0.8486494023158451,-0.6743383811317009,-0.1468494683408416,0.2491581369637378,0.07002098943821829,-0.1346904162005113,0.4234673758975277,0.10068481755629166,0.0,0.0,0.0,0.0,1.0,0.0,0.0,0.0,Medium
-2.2139419815273365,-1.9634887417727123,0.8905362708368493,-0.622768367004548,-0.4131358470254833,-1.403411243943438,-0.9334132646046288,-0.04386054625185824,-2.3678342993699624,0.0,0.0,0.0,0.0,0.0,0.0,1.0,0.0,High
2.178901708917242,0.03314442550314612,1.1213011964727646,1.2943133938098181,-0.9669506439819868,-0.0773222338999478,-0.2271046300654509,-1.112038654021883,0.6481993473013673,0.0,0.0,0.0,1.0,0.0,0.0,0.0,0.0,Medium
0.7305613319743945,-0.5400215625791978,0.21266430178134796,-1.413732170417468,-1.0754298310147044,0.6516389762993985,0.5650172030625994,0.29601430622042196,-0.3057177199864447,0.0,0.0,1.0,0.0,0.0,0.0,0.0,0.0,Medium
-1.0115461968955395,0.058338534869403366,0.3280467645993062,-1.413732170417468,0.16351667351685575,1.3030511215839196,-0.8740041271200252,0.16249204274916915,-0.501393015840355,0.0,0.0,1.0,0.0,0.0,0.0,0.0,0.0,Medium
-2.049978919986637,2.2187334130259315,-0.8762576910631265,0.2352262672060777,1.9962439912801309,1.5822277552772868,-1.3360751964447213,-0.3594586235475475,0.606806496255348,0.0,0.0,0.0,0.0,0.0,0.0,1.0,0.0,Medium
-0.7860969872770771,-1.7367417574764001,-0.9627945381765949,0.6642235843113898,0.8943238282635823,0.4112368750634433,0.4527999433694588,1.558406615403179,0.25873024882291223,0.0,0.0,0.0,0.0,1.0,0.0,0.0,0.0,Medium
0.42996238581644575,-1.6233682653282442,-0.27049976126884917,1.1870640645334904,-0.2818189364069306,0.6206193503334684,-1.3360751964447213,-1.002793165727221,-0.9228474992180086,0.0,0.0,0.0,0.0,1.0,0.0,0.0,0.0,Medium
0.10886805696590869,-0.6030068359948401,0.5227546706046098,0.3424755964824055,2.4187418776180825,-1.9772743243131363,1.918225334656352,1.3581232201962987,1.7093615286629584,0.0,0.0,0.0,0.0,0.0,0.0,0.0,1.0,Low
-0.38985292188705306,0.6189074682686186,0.8112108276495038,-0.9579225209930734,-1.1610712944615864,-0.6356755012866805,-0.30631681337825567,-0.44442733666561757,-0.9266104856767369,0.0,1.0,0.0,0.0,0.0,0.0,0.0,0.0,Medium
-0.41034830457964033,0.38586195663074313,-1.3522103501872016,0.2352262672060777,-0.17333974937421345,1.5589630358028397,-0.015872141231303958,0.180699624131613,0.11009228370311375,0.0,0.0,0.0,0.0,0.0,1.0,0.0,0.0,Medium
-0.499161629580853,0.4614442847295131,-0.8257778635802698,0.19500776872745407,-0.7385734081236347,-2.1711469866001964,-0.6429685924576771,0.5751972207512244,-1.1693231122647616,0.0,0.0,0.0,0.0,0.0,0.0,0.0,1.0,Medium
-0.4376754815030902,0.17801055435912305,-0.5661673222398657,1.9244032033082465,-0.9384034894996928,-0.8450579765567056,-0.49774625638420106,0.21104559310235235,-0.33205862519754814,0.0,1.0,0.0,0.0,0.0,0.0,0.0,0.0,Medium
-1.2028364353596888,-0.5085289258713767,0.6237143255703221,-2.265023721548323,0.5403391126831364,-0.5503715298803739,-1.6859290060762766,1.8072435609632411,-1.0395000794386084,0.0,0.0,1.0,0.0,0.0,0.0,0.0,0.0,Medium
1.1814597512113192,-0.5085289258713767,0.12612745466788058,-0.4082697084518914,0.015071470208926834,-0.899342321997082,0.7366436002403443,-0.0499297400460062,0.09127735140946958,0.0,0.0,0.0,0.0,1.0,0.0,0.0,0.0,Medium
-0.5469841891968901,0.4803398667542065,-0.11184887489415779,-0.294317296095793,0.3062524459283258,0.5042957529612324,0.030334965701165832,0.453813344868267,0.3170565389332129,0.0,0.0,0.0,0.0,0.0,0.0,1.0,0.0,Low
1.7689940550654926,-0.5274245078960696,-0.9195261146198607,0.44972492575873424,-0.5558716194369533,0.8455116385864585,0.31417862257205037,-0.644710731872497,0.15901110766659232,0.0,0.0,0.0,0.0,0.0,1.0,0.0,0.0,Medium
0.846701833899057,1.7148512257007937,-1.4171129855223028,-0.7769392778392695,0.4718259419256314,-0.914852134980047,-0.06868026343984046,2.1349800258472262,0.9172528791004954,0.0,0.0,0.0,0.0,0.0,1.0,0.0,0.0,Medium
0.9970013069780319,-1.2580536795175195,-0.7680866321712913,-0.19377104989923535,1.0884444787431817,-0.04630260793401775,-1.5803127616592036,1.8982814678754591,0.1608926008959578,1.0,0.0,0.0,0.0,0.0,0.0,0.0,0.0,Medium
-0.02093603342047893,-0.5274245078960696,-0.789720843949658,-0.6294714500843185,-1.2695504814943035,1.5046786903624627,-1.94996961711896,-1.118107847816031,-1.876764566505822,1.0,0.0,0.0,0.0,0.0,0.0,0.0,0.0,High
1.1268053973644185,-0.0991246486697022,0.4073722077866516,0.9390499905819812,1.1626670803971462,-0.814038350590776,1.8456141666196144,-0.7903713829320457,1.3970336525884484,0.0,0.0,0.0,1.0,0.0,0.0,0.0,0.0,Low
1.9876114704530923,1.418820440647275,0.4866976509739981,-0.0932248037026777,-0.4359735706113184,-0.7675089116418815,-0.6165645313534089,-0.6689875070490884,0.4487610649887301,0.0,0.0,0.0,1.0,0.0,0.0,0.0,0.0,Medium
0.5665982704336955,0.6252059956101834,-1.3305761384088344,0.08775843945112627,-0.6871885300555056,-0.2711948961870079,1.013886241835161,-0.07420651522259758,-0.006560296517484881,0.0,0.0,0.0,0.0,0.0,1.0,0.0,0.0,Medium
0.3616444435078209,0.7511765424414678,1.3160091024780682,0.6575205012316196,0.38047504758229006,0.4810310334867854,1.9446293957606209,-1.0816926850511437,1.6416277724058357,0.0,0.0,0.0,1.0,0.0,0.0,0.0,0.0,Low
-0.8885739007400144,2.1116584482193397,-0.7031839968361902,-1.9097603183204857,-0.1333737330990021,-0.821793257082258,-0.0554782328877061,1.4612995146968126,-0.17401319393092757,0.0,0.0,1.0,0.0,0.0,0.0,0.0,0.0,Medium
-1.9065112411385248,-1.0313066952212073,-0.9051033067676157,-0.2004741329790055,1.3910443162554982,-2.0160488567705483,-0.35912493558679265,0.15035365516087368,-1.515517866467833,0.0,0.0,0.0,0.0,0.0,0.0,1.0,0.0,High
0.9560105415928564,0.6566986323180045,0.23429851355971584,-0.0932248037026777,0.10642236455226774,-3.171529924001426,0.14255222539430648,-0.4322889490773216,-0.41672582051895224,0.0,0.0,0.0,0.0,0.0,0.0,0.0,1.0,Medium
1.4205725492915062,-1.2328595701512624,-0.869046287137004,-2.0237127306765843,-0.9441129203961517,-0.5969009688292685,0.6904364933078745,1.2792237008723766,-0.7930244663918569,0.0,0.0,1.0,0.0,0.0,0.0,0.0,0.0,Medium
0.3206536781226454,-0.7793656015586385,-0.7608752282451687,-0.7970485270785813,1.2368896820511104,0.20185439979341935,-0.25350869116971914,-0.25021313525288563,-0.3245326522800902,0.0,0.0,0.0,0.0,0.0,1.0,0.0,0.0,Medium
1.0448238665940695,0.7259824330752106,-2.3690183037704533,0.9524561567415225,-0.3160755217856835,2.342208591442562,-1.0522315395738366,1.273154507078229,0.8909119738893919,0.0,0.0,0.0,0.0,0.0,1.0,0.0,0.0,Medium
2.028602235838267,0.1339208629681742,-0.42193924371741864,0.33577251340263536,-0.17333974937421345,-0.5736362493548215,-0.5769584396970063,0.2778067248379785,0.38479029519033564,1.0,0.0,0.0,0.0,0.0,0.0,0.0,0.0,Medium
-0.8680785180474271,0.5181310308035915,1.5179284124094938,-0.8573762747965158,1.5394895195634266,-0.9226070414715295,-0.854201081291824,-0.6932642822256802,-0.12885735642617996,1.0,0.0,0.0,0.0,0.0,0.0,0.0,0.0,Medium
0.5734300646645576,-1.4973977184969598,0.23429851355971584,0.8921284090235875,-0.9897883675678224,-1.2250483946393431,2.070048686005895,-0.6022263753134622,-0.24739142987614407,0.0,0.0,0.0,0.0,1.0,0.0,0.0,0.0,Medium
0.1430270281202211,1.0472073274949865,0.09007043503726883,-1.333295173460222,0.8943238282635823,1.1557078982457547,-0.4647411800038656,1.0425251429006104,0.9586457301465147,0.0,0.0,1.0,0.0,0.0,0.0,0.0,0.0,Low
0.5461028877411073,-0.3762598516985284,-0.8762576910631265,0.6508174181518496,0.015071470208926834,0.13981514786155924,0.34718369895238577,0.5994739959278154,0.3941977613371577,0.0,0.0,0.0,0.0,0.0,1.0,0.0,0.0,Low
-0.36935753919446535,-0.993515531171822,1.6333108752274512,-1.2461550934232053,-0.5159056031617416,-1.6127937192134632,2.2614781290118406,0.12000768619013434,-0.2530359095642378,0.0,0.0,1.0,0.0,0.0,0.0,0.0,0.0,Medium
-0.499161629580853,-0.817156765608024,0.1982414939291041,-0.6361745331640887,0.4661165110291721,-0.3022145221529368,1.2383207612214424,-0.735748638784715,-0.37909595593166123,0.0,0.0,0.0,1.0,0.0,0.0,0.0,0.0,Medium
-0.57431136612034,0.36066784726448586,0.8256336355017477,0.3692879288014879,-2.833934547124015,1.4969237838709797,1.9710334568648886,0.02290058548376838,0.33398997799749425,0.0,1.0,0.0,0.0,0.0,0.0,0.0,0.0,Medium
-0.007272444958753764,1.632970370260459,0.6020801137919553,0.5033495903968981,-0.8127960097775995,0.5042957529612324,-1.9433686018428933,0.453813344868267,0.28130816757528737,1.0,0.0,0.0,0.0,0.0,0.0,0.0,0.0,Medium
-0.6699564853524151,1.0346102728118578,-1.3882673698178134,-0.7903454439988107,0.09500350275934998,-0.9303619479630121,0.14255222539430648,-1.0634851036686996,-1.1787305784115836,0.0,0.0,0.0,0.0,0.0,1.0,0.0,0.0,Medium
0.68957056658922,0.20950319106694418,0.9121704826152162,-0.4820036223293671,-0.8127960097775995,1.853649482479171,-0.5109482869363354,1.0425251429006104,0.8927934671187574,0.0,1.0,0.0,0.0,0.0,0.0,0.0,0.0,Low
-0.8475831353548393,-1.0502022772458999,-0.4652076672741523,1.1468455660548666,-2.7140364982983805,-0.1781360182892188,-1.494499563070331,-2.0466944983206545,-2.930400774949955,0.0,1.0,0.0,0.0,0.0,0.0,0.0,0.0,High
1.3795817839063307,0.39216048397230696,-1.4748042169312814,-0.2138802991385467,0.08358464096643262,1.9311985473939948,0.2481684698113795,-1.3730139871702411,0.2417968097586309,0.0,0.0,0.0,1.0,0.0,0.0,0.0,0.0,Medium
-0.2258898603463535,0.04574148018627474,-0.22723133771211498,-1.6684493274487477,1.116991633225476,-0.9613815739289415,0.46600197392159315,-1.379083180964389,-0.9190845127592789,0.0,0.0,1.0,0.0,0.0,0.0,0.0,0.0,Medium
-0.10291756419082895,0.4488472300463853,-0.4147278397912962,-0.43508204077097334,-1.0640109692217867,0.8842861710438705,0.2943755767438493,0.556989639368781,-0.004678803288122069,0.0,1.0,0.0,0.0,0.0,0.0,0.0,0.0,Medium
0.08154088004245837,-0.6156038906779686,1.1285126003988866,0.44302184267896316,-1.4807994246632792,1.1169333657883427,-0.5769584396970063,1.1335630498128284,0.2831896608046502,0.0,1.0,0.0,0.0,0.0,0.0,0.0,0.0,Medium
0.614420830049732,-0.88644056636523,-0.8618348832108815,0.26874168260493025,-2.131674546859583,-1.9772743243131363,-1.9169645407386247,1.2549469256957857,-1.98024669412087,0.0,1.0,0.0,0.0,0.0,0.0,0.0,0.0,High
-0.7997605757388022,0.3102796285319723,0.8977476747629712,-0.9042978563549091,0.9742558608140057,0.6749036957738455,2.129457823490499,-1.0695542974628476,0.7667334207513341,0.0,0.0,0.0,1.0,0.0,0.0,0.0,0.0,Medium
-1.6469030603657504,-1.1509787147109276,-1.7632603739761754,1.287610310730048,-1.5550220263172436,-1.0621953583182127,0.2811735461917149,-0.8753400960501162,-2.3226784618652134,0.0,1.0,0.0,0.0,0.0,0.0,0.0,0.0,High
0.8262064512064697,-2.6248341126369557,0.3424695724515511,1.4752966369636222,-0.09340771682379032,-1.6515682516708752,0.7234415696882098,2.3838169714072888,0.5748211113561508,0.0,0.0,0.0,0.0,1.0,0.0,0.0,0.0,Medium
0.293326501199196,-0.5715141992870189,0.8256336355017477,-1.6751524105285178,-1.0640109692217867,1.3108060280754026,-0.867403111843958,-0.3776662049299909,-0.9266104856767369,0.0,0.0,1.0,0.0,0.0,0.0,0.0,0.0,Medium
1.4274043435223682,-0.24399077752567958,0.6958283648315456,0.5837865873541445,1.8135422025934498,0.9850999554331415,0.4131938517130566,-0.30483587940021634,1.9069183177462357,0.0,0.0,0.0,1.0,0.0,0.0,0.0,0.0,Low
0.9218515704385439,-0.6156038906779686,1.2943748906997006,-1.5880123304915013,0.13496951903456175,-0.7132245662015044,-0.5043472716602683,2.3838169714072888,0.535309753539497,0.0,0.0,1.0,0.0,0.0,0.0,0.0,0.0,Medium
1.2702730762125314,-0.7667685468755099,-0.4579962633480304,-0.4082697084518914,-0.27610950551047214,-0.783018724624846,-1.3030701200643857,-0.20165958489970287,-1.0357370929798801,1.0,0.0,0.0,0.0,0.0,0.0,0.0,0.0,Medium
0.07470908581159626,0.20320466372538032,-1.1358682324035312,-1.3399982565399922,1.4195914707377921,0.7369429477057045,1.667386754165803,0.13821526757257777,0.7178145967878555,0.0,0.0,1.0,0.0,0.0,0.0,0.0,0.0,Medium
-0.6767882795832773,-1.5540844645710377,0.6237143255703221,-1.346701339619763,0.9171615518494177,0.44225650102937336,1.0468913182154966,0.8907952980469136,0.14772214829040475,0.0,0.0,0.0,0.0,1.0,0.0,0.0,0.0,Medium
0.23184035312143325,0.3732649019476145,1.0203415415070514,-1.3668105888590747,-1.2067467416332567,-0.03854770144253578,2.2614781290118406,0.21104559310235235,0.4506425582180929,0.0,1.0,0.0,0.0,0.0,0.0,0.0,0.0,Medium
-0.36252574496360324,-2.807491405542318,-0.595012937944355,-0.9177040225144503,1.8192516334899083,-1.7368722230771818,-0.2271046300654509,0.9090028794293571,-1.195664017475865,0.0,0.0,0.0,0.0,1.0,0.0,0.0,0.0,High
-0.6357975141981027,-0.6974847461183034,1.5251398163356158,-0.3412388776541863,-0.5444527576440356,-0.28670470916997287,1.4627552806077238,-0.6568491194607929,-0.14579079549045998,0.0,0.0,0.0,1.0,0.0,0.0,0.0,0.0,Medium
0.09520446850418353,0.16541349967599533,0.15497307037236938,-0.2742080468564812,1.4823952105988387,-0.6744500337440924,-0.6099635160773417,0.8361725538995824,0.5616506587506004,1.0,0.0,0.0,0.0,0.0,0.0,0.0,0.0,Low
-0.16440371226859074,0.22210024575007278,0.28477834104257144,-0.44848820693051455,0.5917239907512659,-0.658940220761128,2.2614781290118406,1.3823999953728905,1.3481148286249724,0.0,0.0,1.0,0.0,0.0,0.0,0.0,0.0,Low
-0.3556939507327406,-0.5463200899207621,0.4578520352695083,-0.3010203791755631,-1.395157961216397,-0.0075280754766057344,-0.7221807757704823,-0.4747733056363569,-1.3010276383202775,0.0,1.0,0.0,0.0,0.0,0.0,0.0,0.0,Medium
-0.07559038726737863,0.6629971596595684,0.8328450394278707,-0.9847348533121554,1.1284104950183935,0.9850999554331415,-0.06207924816377375,-0.49905008081294827,0.6952366780354804,0.0,0.0,1.0,0.0,0.0,0.0,0.0,0.0,Low
0.2181767646597081,1.418820440647275,-0.27049976126884917,0.3961002611205694,0.6773654541981479,0.8455116385864585,-2.6628792669342056,0.830103360105435,0.5635321519799659,1.0,0.0,0.0,0.0,0.0,0.0,0.0,0.0,Medium
-1.3121451430534887,0.675594214342697,1.0347643493592962,0.5301619227159796,0.29483358413540806,0.8300018256034934,-0.3723269661389265,-0.4747733056363569,0.38102730873160734,0.0,0.0,0.0,0.0,0.0,0.0,1.0,0.0,Low
0.7100659492818072,-0.19990108613472984,1.085244176842153,0.3290694303228643,0.40902220206458406,0.5353153789271624,0.030334965701165832,-0.5111884684012442,0.78178536658625,0.0,0.0,0.0,1.0,0.0,0.0,0.0,0.0,Low
-1.3804630853621136,-0.36996132435696405,1.3160091024780682,-0.294317296095793,-0.9441129203961517,-0.04630260793401775,-1.5539087005549348,0.3202910813970138,-1.120404288301283,1.0,0.0,0.0,0.0,0.0,0.0,0.0,0.0,Medium
1.3044320473668438,2.2187334130259315,0.6309257294964451,1.4216719723254583,-0.18475861116713121,0.31817799716565537,-0.009271125955237247,-0.7054026698139757,1.72629496772724,0.0,0.0,0.0,1.0,0.0,0.0,0.0,0.0,Low
-1.4077902622855634,-0.14321434006065195,2.368874075691931,1.9177001202284754,-0.9326940586032343,-0.6124107818122334,0.8554618752095516,-1.0392083284921083,0.2399153165292681,0.0,0.0,0.0,0.0,0.0,0.0,1.0,0.0,Medium
-0.7656016045844898,0.1717120270175592,0.06122481933277902,0.26874168260493025,0.03219976289830348,-0.3177243351359018,0.18215831705070862,-0.48084249943050483,-0.29066577415152883,0.0,0.0,0.0,0.0,0.0,0.0,1.0,0.0,Medium
1.6596853473716933,0.34807079258135726,0.35689238030379494,0.4631310919182745,0.45469764923625433,-1.4654504958752976,-1.7783432199412161,-0.7843021891378982,-0.21540604497694818,1.0,0.0,0.0,0.0,0.0,0.0,0.0,0.0,Medium
-1.6605666488274755,-0.9242317304146155,0.42179501563889654,-1.1590150133861887,0.39760334027166633,2.094051583715125,-1.256863013131916,-0.7660946077554543,-1.1316932476774706,0.0,0.0,0.0,0.0,0.0,0.0,1.0,0.0,Medium
0.4162987973547206,1.9101055732892842,-1.6911463347149518,0.5837865873541445,0.5232108199937601,0.1320602413700773,-0.5571553938688052,-0.04386054625185824,0.5503616993744128,0.0,0.0,0.0,0.0,0.0,1.0,0.0,0.0,Medium
0.6212526242805951,-0.25658783220880776,-1.1142340206251637,-0.24069263145762865,-1.4294145465951498,0.4577663140123384,-2.1083939837445707,0.2595991434555351,-1.4308506711464304,1.0,0.0,0.0,0.0,0.0,0.0,0.0,0.0,Medium
-0.007272444958753764,2.0423746474621334,0.7174625766099124,-1.7622924905655346,1.0085124461927581,-1.147499329724519,-0.8806051423960923,0.16856123654331712,0.19475947902451782,0.0,0.0,1.0,0.0,0.0,0.0,0.0,0.0,Medium
-2.357409660375449,-0.6407980000442255,-0.06858045133742308,1.3345318922884408,-0.11053600951316656,1.5201885033454277,-0.6825746841140797,-1.209145754728249,-0.9002695804656348,0.0,0.0,0.0,0.0,0.0,0.0,1.0,0.0,Medium
0.2455039415831584,-0.7163803281429962,-1.2873077148521006,1.0731116521773916,1.4253009016342506,-0.23242036372959585,1.2977298987060466,0.933279654605948,1.1148096681837698,0.0,0.0,0.0,0.0,0.0,1.0,0.0,0.0,Low
0.7305613319743945,0.5244295581451554,-1.0998112127729194,1.6160613816388025,1.04847846246797,0.5120506594527154,-0.015872141231303958,-0.638641538078349,0.9906311150457119,0.0,0.0,0.0,0.0,0.0,1.0,0.0,0.0,Low
1.6801807300642806,-0.4707377618219917,0.10449324288951271,1.341234975368212,1.2939839910156983,-2.4115490878361503,-0.8806051423960923,0.4113289883092318,0.5541246858331411,0.0,0.0,0.0,0.0,0.0,0.0,0.0,1.0,Medium
-0.6699564853524151,0.001651788795325004,-0.6238585536488442,1.2339856460918832,1.1683765112936046,-0.9846462934033885,1.5155634028162601,-0.38373539872413887,0.572939618126788,0.0,0.0,0.0,0.0,0.0,0.0,1.0,0.0,Medium
0.3479808550460957,0.5433251401698487,-0.5373217065353758,-0.31442654533510433,-1.771980400382678,2.342208591442562,0.13595121011823882,2.013596149964269,0.8457561363846443,0.0,1.0,0.0,0.0,0.0,0.0,0.0,0.0,Medium
0.17718599927453355,1.1920734563509634,-0.8618348832108815,-1.3668105888590747,-1.3209353595624327,-0.3254792416273849,1.0732953793197653,-0.7539562201671589,-0.8061949189974086,0.0,1.0,0.0,0.0,0.0,0.0,0.0,0.0,Medium
2.124247355070342,0.14651791765130195,-0.4435734554957855,1.0664085690976204,0.015071470208926834,0.9230607035012826,-1.1116406770584404,-0.7478870263730109,0.6162139624021727,1.0,0.0,0.0,0.0,0.0,0.0,0.0,0.0,Medium
-0.9500600488177766,-0.10542317601126651,0.27756693711644953,1.4283750554052284,-1.423705115698691,1.5434532228198747,-2.484651854480394,0.7087194842224777,-0.5032745090697192,1.0,0.0,0.0,0.0,0.0,0.0,0.0,0.0,Medium
-0.7041154565067276,1.2172675657172198,-0.1623287023770134,-1.4472475858163205,1.1569576495006877,1.2720314956179906,1.858816197171749,0.05324655445450772,1.1957138770464455,0.0,0.0,1.0,0.0,0.0,0.0,0.0,0.0,Medium
-0.8065923699696649,0.49923544877889897,-1.2151936755908772,-0.5557375362068429,0.3462184622035376,1.4736590643965326,-0.7023777299422809,-0.553672824960279,-0.5578378127212915,0.0,0.0,0.0,0.0,0.0,1.0,0.0,0.0,Medium
0.9765059242854446,0.7007883237089543,0.8977476747629712,-1.2595612595827463,-0.9041469041209403,0.08553080242118331,0.8554618752095516,1.764759204404206,1.0903502562020317,0.0,0.0,1.0,0.0,0.0,0.0,0.0,0.0,Low
-0.2737124199623911,0.8456544525649312,0.508331862752365,0.865316076704505,-1.6406634897641257,1.2875413086009557,0.3537847142284525,-0.2926974918119209,0.4186571733188957,0.0,1.0,0.0,0.0,0.0,0.0,0.0,0.0,Medium
0.30699008966092023,-0.5211259805545053,-1.9074884524986224,1.2004702306930306,2.4187418776180825,-1.2250483946393431,-1.487898547794264,0.7754806159581038,0.10444780401501996,0.0,0.0,0.0,0.0,0.0,1.0,0.0,0.0,Medium
0.12253164542763385,-1.705249120768579,-1.027697173511696,0.12127385484997882,0.043618624691220846,-0.3177243351359018,-0.7221807757704823,-1.203076560934101,-1.6886152435693695,0.0,0.0,0.0,0.0,1.0,0.0,0.0,0.0,Medium
-0.7519380161227647,-1.396621281031932,0.5732344980874655,-1.8829479860014038,-0.2247246274423426,-0.015282981968088798,0.743244615516411,0.9696948173708357,-0.7102387642998169,0.0,0.0,1.0,0.0,0.0,0.0,0.0,0.0,Medium
0.764720303128707,-1.4973977184969598,2.123686342203771,0.1816016025679138,-1.6121163352818317,-1.0854600777926602,-0.10168533982017589,1.4612995146968126,-0.0027973100587565833,0.0,1.0,0.0,0.0,0.0,0.0,0.0,0.0,Medium
0.8262064512064697,0.7637735971245965,-1.3882673698178134,0.19500776872745407,-1.7548521076933017,-1.015665919369318,0.4329968975412577,-0.11669087178163282,-0.7365796695109204,0.0,1.0,0.0,0.0,0.0,0.0,0.0,0.0,Medium
1.9739478819913672,0.7637735971245965,0.2559327253380827,0.4765372580778157,-0.7499922699165525,-1.1630091427074842,0.5914212641668681,-0.2926974918119209,0.6519623337600983,0.0,1.0,0.0,0.0,0.0,0.0,0.0,0.0,Low
-1.1960046411288263,0.8015647611739815,0.4650634391956302,-0.8506731917167452,-0.5729999121263296,0.3491976231315843,-0.3789279814149937,-0.08027570901674554,-0.555956319491926,0.0,0.0,0.0,0.0,0.0,0.0,1.0,0.0,Medium
-0.4854980411191278,-0.5085289258713767,1.1140897925466418,-0.535628286967531,-0.1676303184777546,-0.5193519039144444,0.5452141572343984,-0.07420651522259758,-0.24174695018805162,0.0,0.0,0.0,0.0,0.0,0.0,1.0,0.0,Medium
-1.5649215295954004,-0.42034954308947764,-1.3449989462610792,1.0530024029380802,0.5860145598548074,-1.89197035290683,-0.45153914945173174,1.0668019180772013,-0.8438247835846983,0.0,0.0,0.0,0.0,0.0,0.0,1.0,0.0,Medium
0.293326501199196,1.0912970188859354,-0.5373217065353758,0.12797693792974896,-0.01918511516982606,-1.7601369425516287,0.6640324322036057,-0.5476036311661311,-0.13826482257300204,0.0,0.0,0.0,0.0,0.0,0.0,0.0,1.0,Medium
0.6554115954349076,0.9905205814209082,-1.4892270247835262,0.5234588396362094,0.180644966206232,-1.6127937192134632,-0.35252392031072544,0.07145413583695115,-0.21916903143567648,0.0,0.0,0.0,0.0,0.0,1.0,0.0,0.0,Medium
-0.1370765353451414,0.35436931992292203,0.926593290467461,-1.8293233213632398,0.22632041337790265,-1.4732054023667802,0.3999918211609223,1.6555137161095446,0.17594454673087365,0.0,0.0,1.0,0.0,0.0,0.0,0.0,0.0,Medium
0.11569985119677079,-0.5022303985298128,-0.883469094989249,-0.7501269455201875,-0.11624544040962545,-0.35649886759331384,-0.009271125955237247,-0.7539562201671589,-1.150508179971116,0.0,0.0,0.0,0.0,0.0,1.0,0.0,0.0,Medium
-0.8885739007400144,-0.4959318711882485,0.5227546706046098,-0.7970485270785813,0.3747656166858316,0.6981684152482924,0.7102395391360755,1.1092862746362364,0.4487610649887301,0.0,0.0,0.0,0.0,0.0,0.0,1.0,0.0,Low
0.6212526242805951,-2.4988635658056713,-1.3233647344827124,1.1133301506560143,0.3405090313070787,-0.0773222338999478,0.1491532406703732,-1.6764736768776345,-1.2389383617512484,0.0,0.0,0.0,0.0,1.0,0.0,0.0,0.0,Medium
0.8671972165916443,-0.31957310562445,1.6188880673752062,0.3558817626419467,-0.9555317821890694,-1.2870876465712022,0.26797151563958055,-0.001376189692823002,0.14395916183167645,0.0,1.0,0.0,0.0,0.0,0.0,0.0,0.0,Medium
0.0132229377338335,0.36066784726448586,-0.5373217065353758,-1.5276845827735668,-0.2247246274423426,-0.8838325090141176,0.23496643925924512,-0.36552781734169504,-0.9905812554751313,0.0,0.0,1.0,0.0,0.0,0.0,0.0,0.0,Medium
-1.332640525746076,0.24729435511633005,-0.03973483563293429,-1.1858273457052708,0.9856747226069236,0.8300018256034934,0.4131938517130566,-1.1302462354043263,-0.4280147798951385,0.0,0.0,0.0,0.0,0.0,0.0,1.0,0.0,Medium
-1.742548179597825,-0.14321434006065195,0.2559327253380827,-1.4807630012151731,1.2939839910156983,1.7450807915984168,-0.7155797604944152,0.6298199648985546,-0.0385456814166821,0.0,0.0,0.0,0.0,0.0,0.0,1.0,0.0,Medium
-0.1917308891920411,0.5433251401698487,-0.003677816002322538,1.589249049319721,0.5175013890973016,0.7136782282312575,0.3933908058848556,-1.482259475464903,0.6877107051180238,0.0,0.0,0.0,1.0,0.0,0.0,0.0,0.0,Low
0.3001582954300581,-0.8108582382664596,-1.510861236561893,-0.9579225209930734,0.8086823648167002,2.047522144766231,-0.26010970644578635,1.7101364602568756,0.4957983957228431,0.0,0.0,0.0,0.0,0.0,1.0,0.0,0.0,Medium
-0.5128252180425776,0.2724884644825864,0.4362178234911414,0.737957498188866,-0.9155657659138577,0.42674668804640836,-0.2799127522739874,-0.13489845316407625,-0.0724125595452448,0.0,1.0,0.0,0.0,0.0,0.0,0.0,0.0,Medium
-1.216500023821414,0.6629971596595684,0.025167799702167273,1.1133301506560143,-0.1904680420635901,-0.47282246496554986,1.1393055320804362,0.46595173245656296,0.5917545504204321,0.0,0.0,0.0,0.0,0.0,0.0,1.0,0.0,Low
1.5708720223704802,-0.02984084791249611,0.3857379960082848,-0.8975947732751389,-0.007766253376908292,0.10104061540414724,-1.2832670742361847,-0.3776662049299909,-0.23610247049995783,1.0,0.0,0.0,0.0,0.0,0.0,0.0,0.0,Medium
1.092646426210106,-0.798261183583331,2.354451267839686,0.10116460561066748,-0.5501621885404945,0.37246234260603134,-0.49774625638420106,0.17463043033746506,0.657606813448192,0.0,0.0,0.0,0.0,1.0,0.0,0.0,0.0,Medium
-0.2327216545772156,-0.45184217979729874,-0.3642480123084395,2.071871031063197,-0.10482657861670808,1.1479529917542715,-0.2865137675500546,0.8604493290761743,0.8946749603481202,0.0,0.0,0.0,0.0,0.0,1.0,0.0,0.0,Medium
-0.9637236372795018,-0.5841112539701475,-2.246424437026373,-0.31442654533510433,0.7801352103344061,-0.837303070065223,-0.2271046300654509,1.273154507078229,-0.9134400330711865,0.0,0.0,0.0,0.0,0.0,1.0,0.0,0.0,Medium
-0.00044065072789166643,-1.4281139177397533,0.9914959258025626,1.6964983785960488,-1.9318444654835247,-0.5038420909314799,-0.21390259951331655,0.4962977014273023,-0.446829712188784,0.0,1.0,0.0,0.0,0.0,0.0,0.0,0.0,Medium
-0.3215349795784282,-0.21879666815942278,-0.05415764348517817,-0.05970938830382515,0.0892940718628915,-0.0075280754766057344,-1.3360751964447213,-0.46870411184220895,-0.8551137429608858,1.0,0.0,0.0,0.0,0.0,0.0,0.0,0.0,Medium
1.3795817839063307,0.675594214342697,-0.21280852985987006,-0.5557375362068429,0.9799652917104642,-0.2634399896955248,0.0963451184618367,-0.025652964869414815,0.8118892582560817,0.0,0.0,1.0,0.0,0.0,0.0,0.0,0.0,Low
-1.5990805007497129,-0.3321701603075786,0.5804459020135885,-0.9244071055942209,0.32338073861770206,-1.3568818049945441,0.6442293863754046,1.1639090187835677,-0.4073183543721288,0.0,0.0,0.0,0.0,0.0,0.0,1.0,0.0,Medium
1.5298812569853055,-0.8738435116821018,0.6309257294964451,0.7446605812686361,-1.3551919449411856,0.6981684152482924,0.12935019484217214,-0.5415344373719835,0.1571296144372268,0.0,1.0,0.0,0.0,0.0,0.0,0.0,0.0,Medium
0.42313059158558264,-0.9053361483899229,0.09728183896339078,-0.0932248037026777,-0.2247246274423426,1.2255020566690955,0.3339816684002514,0.544851251780485,0.4148941868601674,0.0,0.0,0.0,0.0,1.0,0.0,0.0,0.0,Low
-2.0773060969100867,-0.6030068359948401,-0.6815497850578228,0.0274306917331913,-1.5093465791455731,1.0083646749075885,-0.14789244675264568,0.30208350001457035,-1.404509765935327,0.0,0.0,0.0,0.0,0.0,0.0,1.0,0.0,Medium
-0.041431416113066194,0.19690613638381643,-0.42915064764354055,0.2888509318442416,-0.5444527576440356,-1.5352446542986393,0.5122090808540629,-0.2562823290470336,-0.5860602111617591,0.0,0.0,0.0,0.0,0.0,0.0,0.0,1.0,Medium
0.48461673966334545,-0.36996132435696405,0.15497307037236938,1.160251732214408,1.219761389361734,0.7291880412142225,0.16895628649857428,0.2595991434555351,1.370692747377345,0.0,0.0,0.0,0.0,1.0,0.0,0.0,0.0,Low
-0.9159010776634642,-0.23769225018411527,0.11891605074175762,-0.535628286967531,1.1455387877077698,0.11655042838711226,-0.0752812787159081,-0.9481704215798904,-0.4411852325006902,0.0,0.0,0.0,1.0,0.0,0.0,0.0,0.0,Medium
-1.400958468054701,-1.7556373395010931,1.2583178710690888,1.9713247848666393,-0.6700602373661294,1.0704039268394476,-0.009271125955237247,1.0061099801357225,0.3998422410252515,0.0,0.0,0.0,0.0,1.0,0.0,0.0,0.0,Medium
-0.7041154565067276,-1.1068890233199777,-0.11906027882027972,-0.2138802991385467,-0.3560415380608953,-0.4883322779485149,-0.0554782328877061,1.2913620884606725,-0.584178717932395,0.0,0.0,0.0,0.0,1.0,0.0,0.0,0.0,Medium
0.5392710935102452,-1.421815390398189,-0.5012646869047641,-0.7367207793606463,-0.030603976962743418,1.0471392073650005,0.06334004208150126,-1.7796499713781484,-1.1298117544481063,0.0,0.0,0.0,1.0,0.0,0.0,0.0,0.0,Medium
-0.7792651930462144,0.35436931992292203,0.6597713452009338,0.496646507317127,-0.4645207250936124,0.8377567320949755,-0.0554782328877061,0.29601430622042196,0.4111312004014391,0.0,0.0,0.0,0.0,0.0,0.0,1.0,0.0,Low
0.0132229377338335,0.35436931992292203,-1.6983577386410742,1.0798147352571617,-0.2875283673033895,-1.0854600777926602,-0.35252392031072544,-0.6993334760198278,-0.8814546481719893,0.0,0.0,0.0,0.0,0.0,1.0,0.0,0.0,Medium
-1.7357163853669626,-0.017243793229367484,-0.14069449059864658,0.7178482489495547,-1.3266447904588916,-0.4340479325081379,-0.7881909285311532,-0.20772877869385084,-1.4383766440638883,0.0,0.0,0.0,0.0,0.0,0.0,1.0,0.0,Medium
0.6964023608200821,-1.421815390398189,-0.27049976126884917,-0.3881604592125801,-1.024044952946575,0.3414427166401024,-1.0522315395738366,1.6130293595505092,-0.584178717932395,0.0,0.0,0.0,0.0,1.0,0.0,0.0,0.0,Medium
-1.2574907892065885,-0.5526186172623264,-1.604609487601484,1.1200332337357852,0.7972635030237825,-0.02303788845957076,0.08314308790970233,0.47202092625071046,-0.23610247049995783,0.0,0.0,0.0,0.0,0.0,1.0,0.0,0.0,Medium
-0.8407513411239773,-1.7934285035504784,-0.739241016466802,2.1657141941799845,-0.13908316399546056,-0.5969009688292685,0.030334965701165832,-1.3365988244053537,-1.1862565513290415,0.0,0.0,0.0,0.0,1.0,0.0,0.0,0.0,Medium
-0.8339195468931146,0.7322809604167754,1.366488929960924,-0.006084723665661253,-1.024044952946575,0.8842861710438705,1.2383207612214424,0.6905119028400333,0.9849866353576181,0.0,1.0,0.0,0.0,0.0,0.0,0.0,0.0,Low
0.8330382454373318,1.5384924601369956,1.2006266396601102,0.5502711719552918,0.07216577917351485,0.16307986733600735,1.8522151818956811,-0.5354652435778355,1.9765335672327211,0.0,0.0,0.0,1.0,0.0,0.0,0.0,0.0,Low
0.4436259742781699,0.03314442550314612,2.368874075691931,-0.9177040225144503,-0.09340771682379032,0.03124645698080628,1.9116243193802853,1.9832501809935297,2.0367413505723873,0.0,0.0,1.0,0.0,0.0,0.0,0.0,0.0,Low
0.5051121223559327,-1.1194860780031064,-0.23444274163823745,1.5423274677613272,1.2597274056369459,-0.2246654572381128,0.802653753001015,0.19890720551405644,1.0339054593210968,0.0,0.0,0.0,0.0,1.0,0.0,0.0,0.0,Low
-0.5333206007351654,-1.7430402848179645,0.49390905490012005,1.8439662063510003,-1.0525921074288689,0.38797215558899634,-0.17429650785691392,-0.29876668560606884,-0.5202079481340005,0.0,0.0,0.0,0.0,1.0,0.0,0.0,0.0,Medium
-1.0047144026646768,0.7259824330752106,-1.2296164834431216,-0.04630322214428394,0.26628642965311405,-0.5658813428633389,-1.006024432641367,-0.8510633208735244,-1.242701348209978,0.0,0.0,0.0,0.0,0.0,1.0,0.0,0.0,Medium
-1.045705168049852,-0.25658783220880776,-0.45078485942190794,-0.47530053924959653,0.5460485435795956,1.1014235528053775,0.7828507071728131,-0.08027570901674554,0.03671404775789723,0.0,0.0,0.0,0.0,0.0,0.0,1.0,0.0,Medium
1.3522546069828814,0.7511765424414678,-0.14069449059864658,-1.4204352534972386,-1.3551919449411856,0.8610214515694236,0.44619892809339207,0.569128026957076,0.2850711540340157,0.0,1.0,0.0,0.0,0.0,0.0,0.0,0.0,Medium
0.7783838915904321,0.9842220540793443,1.4097573535176586,0.9658623229010628,0.2149015515849849,-0.9924011998948711,-0.8013929590832871,-1.7007504520542258,0.2775451811165564,0.0,0.0,0.0,1.0,0.0,0.0,0.0,0.0,Medium
-1.0388733738189893,0.21580171840850892,0.1766072821507362,-0.4820036223293671,-0.48735844867944755,0.1320602413700773,-0.4185340730713963,1.0485943366947579,-0.292547267380893,0.0,0.0,0.0,0.0,0.0,0.0,1.0,0.0,Medium
-0.5811431603512025,-0.7856641289002029,1.7559047419715312,0.38269409496102913,-0.37316983075027155,0.4810310334867854,1.898422288828151,-1.3365988244053537,0.364093869667326,0.0,0.0,0.0,1.0,0.0,0.0,0.0,0.0,Medium
-1.4282856449781507,-0.8108582382664596,0.10449324288951271,-0.294317296095793,-0.17904918027067235,-1.201783675164896,-1.2634640284079832,0.5266436703980416,-1.5475032513670304,0.0,0.0,0.0,0.0,0.0,0.0,1.0,0.0,Medium
1.714339701218593,-1.2076654607850055,-2.2392130331002504,-0.8171577763178927,0.7116220395769004,-1.7368722230771818,1.667386754165803,-1.5793665761712685,-1.1298117544481063,0.0,0.0,0.0,0.0,0.0,1.0,0.0,0.0,High
-1.8313615045990377,0.9212367806637021,1.1357240043250096,0.014024525573651041,0.45469764923625433,-1.1009698907756247,0.6838354780318068,0.19890720551405644,0.26249323528164054,0.0,0.0,0.0,0.0,0.0,0.0,1.0,0.0,Medium
-2.3642414546063115,0.39845901131387085,0.08285903111114587,-1.018250268711008,-0.3103660908892246,-0.34874396110183187,1.3637400514667175,-0.644710731872497,-0.9924627487044955,0.0,0.0,0.0,0.0,0.0,0.0,1.0,0.0,Medium
1.0721510435175188,0.7448780150999031,-0.933948922472105,0.9457530736617514,1.2254708202581925,1.2565216826350256,-1.79154525049335,-0.456565724253913,0.7460369952283245,1.0,0.0,0.0,0.0,0.0,0.0,0.0,0.0,Medium
-0.4786662468882652,0.6252059956101834,1.4097573535176586,-0.04630322214428394,0.09500350275934998,0.3957270620804794,-0.728781791046549,-1.190938173345805,-0.049834640792869665,0.0,0.0,0.0,1.0,0.0,0.0,0.0,0.0,Medium
0.7305613319743945,-0.5841112539701475,0.8256336355017477,0.9926746552201452,0.25486756786019665,-0.7132245662015044,-0.7749888979790188,2.0682188941115993,1.0640093509909285,1.0,0.0,0.0,0.0,0.0,0.0,0.0,0.0,Low
-1.093527727665889,-0.9746199491471295,0.501120458826242,1.6093582985590322,1.3910443162554982,0.5042957529612324,-0.6957767146662136,0.6844427090458858,0.7309850493934086,0.0,0.0,0.0,0.0,0.0,0.0,1.0,0.0,Medium
0.23867214735229533,-1.528890355204781,0.44342922741726337,0.7446605812686361,1.2425991129475695,-1.8376860074664527,-0.2733117369979202,0.5751972207512244,-0.0027973100587565833,0.0,0.0,0.0,0.0,1.0,0.0,0.0,0.0,Medium
-1.2574907892065885,1.5258954054538671,-0.3065567808994609,0.32236634724309415,-1.366610806734103,0.7446978541971875,-0.9928224020892326,0.8543801352820259,-0.2097615652888544,0.0,1.0,0.0,0.0,0.0,0.0,0.0,0.0,Medium
0.4641213569707582,1.9290011553139776,0.10449324288951271,0.28214784876447146,0.5860145598548074,-0.061812420916982774,0.06334004208150126,-0.4262197552831737,1.09411324266076,0.0,0.0,0.0,1.0,0.0,0.0,0.0,0.0,Low
-0.04826321034392829,1.5195968781123033,-0.3642480123084395,1.1535486491346378,0.6659465924052301,0.5818448178760564,-0.6627716382858783,-1.3426680181995017,0.5315467670807686,0.0,0.0,0.0,1.0,0.0,0.0,0.0,0.0,Medium
-2.248100952681649,0.9464308900299584,-1.9146998564247448,-1.8494325706025512,-0.27610950551047214,-2.512362872225422,-1.025827478469568,0.8604493290761743,-2.6011394598111637,0.0,0.0,0.0,0.0,0.0,0.0,1.0,0.0,High
-0.09608576995996589,-1.6044726833035519,0.010744991849922367,-0.3546450438137275,-0.2247246274423426,-0.8450579765567056,-1.864156418530088,-1.6157817389361557,-2.3922937113517015,1.0,0.0,0.0,0.0,0.0,0.0,0.0,0.0,High
-0.5196570122734402,0.4929369214373342,-0.23444274163823745,0.1816016025679138,-0.053441700548578545,0.1320602413700773,0.4924060350258619,0.9696948173708357,0.5616506587506004,0.0,0.0,0.0,0.0,0.0,0.0,1.0,0.0,Low
-0.38985292188705306,1.1920734563509634,0.09728183896339078,-0.414972791531662,-2.0460330834127007,-0.8295481635737405,-0.9532163104328304,-1.1545230105809177,-1.68485225711064,0.0,1.0,0.0,0.0,0.0,0.0,0.0,0.0,High
0.12253164542763385,0.5370266128282839,-0.515687494757009,0.2352262672060777,0.791554072127324,-2.341754929412809,-1.0324284937456352,0.22925317448479576,-0.5051560022990846,0.0,0.0,0.0,0.0,0.0,0.0,0.0,1.0,Medium
-0.6494611026598274,1.0031176361040368,-1.3522103501872016,1.3211257261289007,0.5688862671654303,-0.4495577454911029,-0.728781791046549,0.4113289883092318,0.17218156027214537,0.0,0.0,0.0,0.0,0.0,1.0,0.0,0.0,Medium
0.026886526195558667,0.6818927416842608,-1.013274365659451,0.7647698305079474,-2.177349994031253,0.7059233217397755,0.9874821807308933,1.8375895299339806,0.58234708427361,0.0,1.0,0.0,0.0,0.0,0.0,0.0,0.0,Medium
0.5256075050485199,1.5447909874785595,-1.013274365659451,-1.0383595179503193,-0.9954977984642809,0.07002098943821829,0.8422598446574172,-0.6082955691076097,-0.2624433757110613,0.0,1.0,0.0,0.0,0.0,0.0,0.0,0.0,Medium
0.5119439165867948,-1.1005904959784139,1.1862038318078651,0.8250975782258825,-0.6586413755732116,-1.325862179028614,0.6244263405472036,1.036455949106462,0.39231626810779224,0.0,0.0,0.0,0.0,1.0,0.0,0.0,0.0,Medium
1.1199736031335565,1.2550587297666056,-0.5373217065353758,-0.2071772160587761,-1.1896184489438804,0.5198055659441974,-0.31951884393039004,0.028969779277916333,0.17218156027214537,0.0,1.0,0.0,0.0,0.0,0.0,0.0,0.0,Medium
-0.5128252180425776,0.8393559252233664,-0.16954010630313637,-1.2327489272636645,0.3176713077212436,0.17858968031897127,-1.0588325548499034,-0.11062167798748487,-0.5860602111617591,0.0,0.0,1.0,0.0,0.0,0.0,0.0,0.0,Medium
0.4914485338942075,-1.5666815192541663,1.496294200631127,0.2754447656847004,0.3462184622035376,-0.6744500337440924,-1.2766660589601175,0.3263602751911613,-0.22105052466504063,0.0,0.0,0.0,0.0,1.0,0.0,0.0,0.0,Medium
-0.8680785180474271,0.42995164802169195,0.7246739805360354,0.1816016025679138,1.0598973242608878,-1.364636711486026,0.9280730432462891,-0.40801217390073025,0.3565678967498667,0.0,0.0,0.0,0.0,0.0,0.0,1.0,0.0,Low
-0.6357975141981027,-1.1761728240771843,-1.0709655970684302,-0.17366180065992354,-0.7157356845377997,-0.9303619479630121,0.9214720279702224,-1.4276367313175717,-1.871120086817728,0.0,0.0,0.0,1.0,0.0,0.0,0.0,0.0,High
-0.8270877526622521,0.41105606599699945,-1.6334551033059732,0.10116460561066748,0.13496951903456175,0.24838383874231332,0.22176440870711076,0.6783735152517383,-0.1551982616372834,0.0,0.0,0.0,0.0,0.0,1.0,0.0,0.0,Medium
2.178901708917242,-0.8675449843405375,-0.869046287137004,-0.12674021910153024,0.10642236455226774,-0.12385167284884177,1.0864974098718996,-1.2334225299048402,0.014136129005524767,0.0,0.0,0.0,1.0,0.0,0.0,0.0,0.0,Medium
0.9081879819768197,0.2598914097994587,-2.39065251554882,-1.266264342662517,0.26628642965311405,0.3336878101486193,0.43959791281732535,0.9514872359883924,-0.07805703923333858,0.0,0.0,0.0,0.0,0.0,1.0,0.0,0.0,Medium
-2.494045544992699,0.36066784726448586,1.1213011964727646,0.3961002611205694,0.6602371615087717,-0.8062834440992935,0.36038572950452014,-0.062068127634301674,-0.08746450538016066,0.0,0.0,0.0,0.0,0.0,0.0,1.0,0.0,Medium
-1.0183779911264015,-1.4973977184969598,0.35689238030379494,1.0060808213796864,0.9000332591600415,-2.1168626411598193,1.8192101055153458,-0.6689875070490884,-0.32265115905072606,0.0,0.0,0.0,0.0,1.0,0.0,0.0,0.0,Medium
2.1720699146863796,0.19060760904225169,0.04680201148053412,0.5301619227159796,2.1332703327951426,-0.5115969974229619,-0.5703574244209391,0.4173981821033793,1.7018355557455018,1.0,0.0,0.0,0.0,0.0,0.0,0.0,0.0,Low
1.0243284839014812,-0.21249814081785848,1.6260994713013293,-0.26080188069694044,-0.3845886925431893,0.5973546308590214,1.7796040138589437,-0.8874784836384116,1.024497993174272,0.0,0.0,0.0,1.0,0.0,0.0,0.0,0.0,Low
0.6554115954349076,-0.3321701603075786,-1.013274365659451,-0.4820036223293671,-0.9098563350173988,-0.2634399896955248,1.938028380484553,-2.0527636921148025,-0.9567143773465699,0.0,0.0,0.0,1.0,0.0,0.0,0.0,0.0,Medium
-0.9159010776634642,0.32917521055666477,1.7775389537498982,-0.1535525514206122,0.2891241532389496,0.31042309067417234,-0.10828635509624354,1.5159222588441437,1.0959947358901256,0.0,0.0,0.0,0.0,0.0,0.0,1.0,0.0,Low
-0.46500265842654054,-0.5904097813117118,-1.1358682324035312,1.7434199601544424,0.08358464096643262,-0.11609676635735981,-0.8013929590832871,0.921141267017653,-0.06864957308651383,0.0,0.0,0.0,0.0,0.0,1.0,0.0,0.0,Medium
-0.6084703372746524,0.001651788795325004,-1.7704717779022978,-1.44054450273655,1.57374610494218,-0.620165688303716,-0.2271046300654509,1.3338464450197078,-0.3960293949959426,0.0,0.0,0.0,0.0,0.0,1.0,0.0,0.0,Medium
1.3659181954446056,-1.6170697379866799,-0.32097958875170535,0.7446605812686361,-0.1961774729600486,0.5740899113845744,-1.4152873797575265,-1.0331391346979604,-0.7873799867037631,0.0,0.0,0.0,0.0,1.0,0.0,0.0,0.0,Medium
-0.2395534488080787,2.2187334130259315,0.7174625766099124,0.5502711719552918,-0.26469064371755435,0.023491550489323214,0.2943755767438493,0.07752332963109909,1.207002836422633,0.0,1.0,0.0,0.0,0.0,0.0,0.0,0.0,Low
-0.57431136612034,-0.2943789962581932,-0.8257778635802698,-0.6696899485629412,-0.29323779819984835,-0.47282246496554986,-1.098438646506306,0.37491382554434494,-1.321724063843287,1.0,0.0,0.0,0.0,0.0,0.0,0.0,0.0,Medium
-0.184899094961178,0.29768257384884367,-1.0565427892161852,-0.5825498685259247,-0.5216150340582004,0.5120506594527154,-0.9070092035003606,0.3506370503677531,-0.7478686288871079,0.0,0.0,0.0,0.0,0.0,1.0,0.0,0.0,Medium
0.6485798012040445,-0.6785891640936108,-0.14790589452476954,-1.4003260042579273,1.231180251154652,-1.108724797267107,-0.35252392031072544,0.7936881973405472,-0.21728753820631233,0.0,0.0,1.0,0.0,0.0,0.0,0.0,0.0,Medium
0.23867214735229533,1.4440145500135324,1.9794582636813238,1.8506692894307704,0.9171615518494177,-0.05405751442550081,1.541967463920528,-0.0499297400460062,2.8081535746118407,0.0,0.0,0.0,1.0,0.0,0.0,0.0,0.0,Low
0.6007572415880079,-2.272116581509359,1.3160091024780682,1.106627067576244,0.4318599256504196,1.4814139708880156,0.8224567988292162,-1.7007504520542258,0.4374721056125425,0.0,0.0,0.0,0.0,1.0,0.0,0.0,0.0,Medium
-1.4282856449781507,0.7196839057336467,0.27035553319032757,-0.9780317702323847,-1.4294145465951498,-0.876077602522635,-0.6165645313534089,0.933279654605948,-1.1900195377877711,0.0,1.0,0.0,0.0,0.0,0.0,0.0,0.0,Medium
-0.06192679880565346,-0.18100550411003735,0.4362178234911414,-0.5021128715686785,0.6259805761300183,-0.938116854454494,-1.0654335701259705,0.48415931383900634,-0.3414660913443702,1.0,0.0,0.0,0.0,0.0,0.0,0.0,0.0,Medium
-1.373631291131251,-0.6093053633364043,-0.7464524203929244,-1.1590150133861887,-0.042022838755661186,0.31817799716565537,0.2481684698113795,0.5266436703980416,-0.9792922960989437,0.0,0.0,0.0,0.0,0.0,0.0,1.0,0.0,Medium
0.7715520973595701,0.5244295581451554,-0.9844287499549618,1.6629829631971962,-0.8242148715705168,0.7059233217397755,-0.9070092035003606,0.1442844613667257,0.33210848476812876,0.0,1.0,0.0,0.0,0.0,0.0,0.0,0.0,Medium
1.5367130512161677,-0.7919626562417666,1.6693678948580628,-0.8707824409560565,0.4718259419256314,1.9156887344110298,-2.022580785155698,-0.8025097705203417,0.21545590454752747,1.0,0.0,0.0,0.0,0.0,0.0,0.0,0.0,Medium
-0.041431416113066194,0.08983117157722448,2.368874075691931,2.1254956957013618,0.5631768362689719,0.03900136347228824,0.8818659363138194,0.6723043214575899,2.3565951995643566,0.0,0.0,0.0,0.0,0.0,0.0,1.0,0.0,Low
0.14985882235108322,-0.3258716329660143,1.0275529454331744,-0.0932248037026777,1.2996934219121576,-0.06956732740846473,1.0732953793197653,0.8847261042527652,1.4722933817630304,0.0,0.0,0.0,0.0,1.0,0.0,0.0,0.0,Low
1.1473007800570068,0.24729435511633005,-0.2632883573427267,-0.9244071055942209,1.4367197634271685,1.6210022877346988,0.3999918211609223,-2.6050603273822577,0.2925971269514723,0.0,0.0,0.0,1.0,0.0,0.0,0.0,0.0,Medium
0.5051121223559327,-0.21879666815942278,-0.45078485942190794,-0.4820036223293671,0.9171615518494177,0.8300018256034934,-2.293222411474449,-2.410846125969526,-1.3461834758250262,0.0,0.0,0.0,1.0,0.0,0.0,0.0,0.0,Medium
0.1703542050436705,0.04574148018627474,0.35689238030379494,-0.6763930316427118,-1.9261350345870658,1.7916102305473118,-0.3789279814149937,0.30208350001457035,-0.31324369290390264,0.0,1.0,0.0,0.0,0.0,0.0,0.0,0.0,Medium
-0.8065923699696649,-0.42664807043104197,-0.3570366083823171,0.15478927024883138,0.19206382799914978,-0.23242036372959585,0.12274917956610448,-0.8510633208735244,-0.7760910273275755,0.0,0.0,0.0,1.0,0.0,0.0,0.0,0.0,Medium
-0.5059934238117151,0.20950319106694418,-0.7680866321712913,-0.837267025557204,0.39189390937520785,1.5434532228198747,0.617825325271136,-0.2198671662821463,0.1232627363086668,0.0,0.0,0.0,0.0,0.0,1.0,0.0,0.0,Medium
0.5461028877411073,-0.13061728537752332,0.8184222315756258,-0.5021128715686785,2.2474589507243183,-0.720979472692987,-0.2403066606175848,-0.4201505614890262,0.6877107051180238,0.0,0.0,1.0,0.0,0.0,0.0,0.0,0.0,Medium
1.1131418089026943,-0.3321701603075786,-0.03973483563293429,0.2218201010465365,-0.8813091805351048,-0.2711948961870079,-0.49774625638420106,0.13821526757257777,-0.24550993664677992,0.0,1.0,0.0,0.0,0.0,0.0,0.0,0.0,Medium
0.60758903581887,-0.3951554337232208,-0.5445331104614983,1.3077195599693594,-0.8870186114315637,-0.6666951272526099,0.9676791349026923,-1.0938310726394391,-0.30383622675708055,0.0,0.0,0.0,1.0,0.0,0.0,0.0,0.0,Medium
1.0721510435175188,-1.3525315896409829,-1.1502910402557756,0.3558817626419467,-0.7214451154342585,0.5198055659441974,0.3207796378481171,1.3277772512255595,0.10256631078565714,0.0,0.0,0.0,0.0,1.0,0.0,0.0,0.0,Medium
1.0994782204409692,0.7448780150999031,2.3256056521351973,-0.5423313700473016,1.2597274056369459,-0.8450579765567056,0.3339816684002514,-1.1787997857575097,1.1505580395416952,0.0,0.0,0.0,1.0,0.0,0.0,0.0,0.0,Low
0.2523357358140205,0.35436931992292203,0.40016080386052966,-1.5813092474117307,1.0028030152963,0.8842861710438705,0.44619892809339207,0.544851251780485,0.8457561363846443,0.0,0.0,1.0,0.0,0.0,0.0,0.0,0.0,Low
0.7920474800521573,1.6140747882357664,-0.4147278397912962,-0.019490889825201987,-1.0126260911536575,0.6283742568249515,0.2811735461917149,0.16249204274916915,0.668895772824377,0.0,1.0,0.0,0.0,0.0,0.0,0.0,0.0,Low
0.0063911435029714025,1.0346102728118578,1.4386029692221474,-1.4271383365770092,-0.3274943835786013,-0.16262620530625377,-1.9895757087753627,1.364192413990447,-0.008441789746850366,1.0,0.0,0.0,0.0,0.0,0.0,0.0,0.0,Medium
0.10203626273504562,-0.48963334384668417,1.6910021066364298,1.099923984496473,-0.8070865788811405,-1.325862179028614,-1.8905604796343563,-0.5354652435778355,-0.8268913445204182,1.0,0.0,0.0,0.0,0.0,0.0,0.0,0.0,Medium
2.110583766608617,0.22839877309163756,0.6237143255703221,0.047539940972503594,-1.1039769854969983,1.4271296254476387,0.5650172030625994,0.22925317448479576,1.3010774978908592,0.0,1.0,0.0,0.0,0.0,0.0,0.0,0.0,Low
1.8373119973741174,-0.8045597109248953,-1.3882673698178134,-0.7300176962808762,-1.7891086930720543,0.25613874523379526,-0.03567518705950503,0.20497639930820397,-0.9698848299521217,0.0,1.0,0.0,0.0,0.0,0.0,0.0,0.0,Medium
-0.6426293084289648,0.9338338353468297,-0.7680866321712913,0.556974255035062,-1.0982675546005396,-1.2560680206052726,-0.015872141231303958,-1.385152374758537,-1.3029091315496415,0.0,0.0,0.0,1.0,0.0,0.0,0.0,0.0,Medium
-1.3804630853621136,1.9478967373386702,0.5299660745307317,0.4028033442003405,0.16922610441331465,0.4189917815549264,0.12935019484217214,0.04717736066035976,0.8269412040909975,0.0,0.0,0.0,0.0,0.0,0.0,1.0,0.0,Low
-1.2643225834374512,0.8834456166143162,-0.12627168274640166,0.4631310919182745,1.448138625220086,-1.1630091427074842,0.8356588293813505,-2.2469778935275344,-0.31324369290390264,0.0,0.0,0.0,1.0,0.0,0.0,0.0,0.0,Medium
-1.0320415795881266,-1.5792785739372945,0.21266430178134796,-0.6361745331640887,1.5109423650811327,-0.736489285675952,-0.5439533633166709,0.271737531043831,-0.7873799867037631,0.0,0.0,0.0,0.0,1.0,0.0,0.0,0.0,Medium
0.1566906165819463,-0.16840844942690875,-0.5012646869047641,-2.3119453031067163,0.4147316329610434,0.0467562699637713,-0.16109447730478005,-0.5415344373719835,-1.0658409846497119,0.0,0.0,1.0,0.0,0.0,0.0,0.0,0.0,Medium
-0.014104239189615862,0.4929369214373342,0.9482275022458279,1.408265806165917,0.22061098248144378,0.31042309067417234,-0.06868026343984046,0.4598825386624146,1.321773923413869,1.0,0.0,0.0,0.0,0.0,0.0,0.0,0.0,Low
0.30699008966092023,-0.08022906664500971,0.3424695724515511,0.7446605812686361,-0.5159056031617416,-1.7291173165856992,1.7069928458222052,-1.2698376926697275,-0.17213170070156342,0.0,0.0,0.0,1.0,0.0,0.0,0.0,0.0,Medium
-1.4077902622855634,0.6629971596595684,-0.6527041693533335,1.6093582985590322,1.6822252919748968,1.5589630358028397,0.44619892809339207,-0.8874784836384116,1.0959947358901256,0.0,0.0,0.0,0.0,0.0,0.0,1.0,0.0,Medium
-0.19856268342290317,-1.4533080271060101,-0.14069449059864658,0.4162095103598817,0.1578072426203969,2.287924246002185,-0.4647411800038656,0.9090028794293571,0.43559061238317703,0.0,0.0,0.0,0.0,1.0,0.0,0.0,0.0,Medium
0.5256075050485199,0.31657815587353616,-1.1430796363296536,1.2406887291716542,0.14638838082747951,-1.5197348413156742,1.3835430972949185,-0.28662829801777295,0.34339744414431633,0.0,0.0,0.0,0.0,0.0,1.0,0.0,0.0,Medium
0.5051121223559327,-0.6093053633364043,-1.8209516053851544,0.21511701796676636,-0.7728299935023877,2.14058102266402,-0.5373523480406037,1.2367393443133414,0.04612151390472198,0.0,0.0,0.0,0.0,0.0,1.0,0.0,0.0,Medium
0.4982803281250706,1.072401436861243,-1.1935594638125098,0.047539940972503594,0.6316900070264777,-0.682204940235575,-1.243660982579782,2.3838169714072888,0.7328665426227714,1.0,0.0,0.0,0.0,0.0,0.0,0.0,0.0,Medium
0.22500855889057114,0.4614442847295131,-0.6238585536488442,0.12127385484997882,-0.8584714569492696,0.6361291633164334,-0.2271046300654509,0.3991906007209359,0.0028471696293372005,0.0,1.0,0.0,0.0,0.0,0.0,0.0,0.0,Medium
0.8125428627447445,1.2361631477419133,1.1645696200294984,-1.4807630012151731,0.7458786249556537,-2.3495098359042914,1.7465989374786082,0.3263602751911613,0.9454752775409643,0.0,0.0,0.0,0.0,0.0,0.0,0.0,1.0,Low
1.1814597512113192,-0.08022906664500971,0.27756693711644953,-3.6659680852203596,0.7858446412308655,1.3573354670242967,0.34718369895238577,-1.2394917236989882,-0.4411852325006902,0.0,0.0,1.0,0.0,0.0,0.0,0.0,0.0,Medium
-0.9910508142029517,0.41105606599699945,2.368874075691931,-2.2046959738303884,0.043618624691220846,1.3263158410583678,-2.029181800431765,-1.652196901701043,-1.1316932476774706,0.0,0.0,1.0,0.0,0.0,0.0,0.0,0.0,High
-0.20539447765376626,-0.6407980000442255,-0.5301103026092538,-1.4673568350556323,-1.1153958472899157,0.36470743611454937,-0.5901604702491406,0.9514872359883924,-1.1881380445584058,0.0,0.0,1.0,0.0,0.0,0.0,0.0,0.0,Medium
1.2156187223656316,0.22210024575007278,-0.3858822240868069,0.3558817626419467,-0.39029812343964815,-0.08507714039142976,-0.2205036147893837,-0.9056860650208556,-0.11568690382062691,0.0,0.0,0.0,1.0,0.0,0.0,0.0,0.0,Medium
1.3522546069828814,0.4551457573879492,-0.6599155732794559,1.347938058447982,1.0656067551573463,0.26389365172527834,-0.10168533982017589,-1.3123220492287624,0.8683340551370168,0.0,0.0,0.0,1.0,0.0,0.0,0.0,0.0,Low
-1.5922487065188506,1.1668793469847063,-0.7752980360974137,0.8183944951461123,-0.36175096895735415,-0.6666951272526099,-1.329474181168654,-1.1241770416101784,-1.3386575029075685,0.0,0.0,0.0,0.0,0.0,0.0,1.0,0.0,Medium
0.7442249204361197,0.39216048397230696,-0.292133973047216,1.0328931536987678,-0.33320381447506014,0.3569525296230674,-1.2502619978558493,-1.1545230105809177,-0.2530359095642378,1.0,0.0,0.0,0.0,0.0,0.0,0.0,0.0,Medium
-1.4214538507472885,1.2991484211575555,0.14776166644624744,-0.7568300285999582,0.5232108199937601,-0.8683226960311525,0.08314308790970233,0.4902285076331539,-0.049834640792869665,0.0,0.0,0.0,0.0,0.0,0.0,1.0,0.0,Medium
-0.6494611026598274,-0.6219024180195329,-0.6815497850578228,-0.9847348533121554,0.32338073861770206,-0.852812883048188,-0.7353828063226162,-0.4869116932246524,-1.6001850617892373,0.0,0.0,1.0,0.0,0.0,0.0,0.0,0.0,Medium
1.70750790698773,-0.5211259805545053,-0.5373217065353758,1.7970446247926064,-0.4245547088184007,0.062266082946735225,0.46600197392159315,0.6844427090458858,1.1242171343305918,0.0,0.0,0.0,0.0,0.0,1.0,0.0,0.0,Low
0.48461673966334545,-0.7478729648508174,-0.09021466311578992,-0.6830961147224824,-0.5444527576440356,1.0936686463138956,0.48580501974979423,-1.8949646534669577,-0.8362988106672403,0.0,0.0,0.0,1.0,0.0,0.0,0.0,0.0,Medium
-0.05509500457479136,0.34807079258135726,-0.7031839968361902,1.106627067576244,-0.9840789366713635,0.7291880412142225,2.0172405637973583,1.6190985533446576,1.4327820239463738,0.0,1.0,0.0,0.0,0.0,0.0,0.0,0.0,Low
1.0994782204409692,2.2187334130259315,-0.23444274163823745,-0.9042978563549091,-0.5501621885404945,1.2332569631605785,1.350538020914583,-0.18345200351725902,1.370692747377345,0.0,0.0,1.0,0.0,0.0,0.0,0.0,0.0,Low
-1.5785851180571255,-1.7934285035504784,-0.3354023966039502,0.7580667474281774,-1.0754298310147044,-0.37200868057627884,-0.6165645313534089,0.016831391689620428,-1.825964249312979,0.0,0.0,0.0,0.0,1.0,0.0,0.0,0.0,High
-0.10291756419082895,-0.2754834142335007,1.07803277291603,0.8921284090235875,-0.06486056234149631,-1.2560680206052726,-0.1808975231329811,-0.18345200351725902,-0.015967762664306964,0.0,0.0,0.0,0.0,0.0,0.0,0.0,1.0,Medium
-0.3283667738092908,0.6126089409270548,0.47227484312175316,-0.9713286871526142,-1.0183355220501165,0.6206193503334684,0.9412750737984236,1.273154507078229,0.5259022873926749,0.0,1.0,0.0,0.0,0.0,0.0,0.0,0.0,Low
-0.3215349795784282,1.0409088001534217,-0.9411603263982276,-0.7099084470415644,0.3347996004106198,0.24062893225083137,1.5485684791965957,-0.6871950884315322,0.21733739777689295,0.0,0.0,0.0,0.0,0.0,1.0,0.0,0.0,Medium
0.8057110685138824,-0.048736429937188595,0.19103009000298113,1.4752966369636222,-0.18475861116713121,1.3263158410583678,0.6838354780318068,-0.6932642822256802,1.1392690801655077,0.0,0.0,0.0,1.0,0.0,0.0,0.0,0.0,Low
0.6280844185114572,0.014248843478453628,-0.1623287023770134,1.0798147352571617,-0.013475684273367174,1.5589630358028397,-0.10168533982017589,-0.553672824960279,0.7629704342926031,0.0,0.0,0.0,1.0,0.0,0.0,0.0,0.0,Low
0.3548126492769578,1.0535058548365503,0.47227484312175316,-1.2729674257422872,-0.030603976962743418,-2.434813807310598,-0.04227620233557268,-0.638641538078349,-0.7911429731624914,0.0,0.0,0.0,0.0,0.0,0.0,0.0,1.0,Medium
0.5187757108176578,-1.1257846053446707,0.42179501563889654,1.0597054860178503,-0.9555317821890694,0.5818448178760564,0.13595121011823882,1.5159222588441437,0.6858292118886583,0.0,1.0,0.0,0.0,0.0,0.0,0.0,0.0,Low
-0.49232983534999036,-0.5904097813117118,-1.3594217541133242,0.3558817626419467,-1.2923882050801387,-0.9613815739289415,-1.0192264631935013,-0.05599893384015415,-1.916275924322477,0.0,1.0,0.0,0.0,0.0,0.0,0.0,0.0,High
-0.7860969872770771,2.2187334130259315,-0.8402006714325148,-0.012787806745431382,0.8657766737812882,-0.015282981968088798,0.6706334474796734,0.12000768619013434,0.9172528791004954,0.0,0.0,0.0,0.0,0.0,1.0,0.0,0.0,Low
-0.1917308891920411,-0.2754834142335007,0.6958283648315456,-1.6148246628105833,0.6202711452335599,0.5353153789271624,-1.7783432199412161,-0.21379797248799834,-0.8061949189974086,1.0,0.0,0.0,0.0,0.0,0.0,0.0,0.0,Medium
-0.4376754815030902,0.7952662338324176,1.366488929960924,-0.16695871758015293,0.20919212068852602,-0.28670470916997287,2.070048686005895,-1.5368822196122336,0.6745402525124707,0.0,0.0,0.0,1.0,0.0,0.0,0.0,0.0,Medium
0.48461673966334545,1.771537971774872,-0.7969322478757805,0.44302184267896316,-0.059151131445037426,0.2794034647082434,0.26137050036351384,-0.16524442213481558,0.8137707514854472,0.0,0.0,0.0,0.0,0.0,1.0,0.0,0.0,Low
2.131079149301204,0.2598914097994587,0.6381371334225671,1.3747503907670644,-0.9326940586032343,-0.876077602522635,0.8818659363138194,0.9696948173708357,1.5607235635431627,0.0,1.0,0.0,0.0,0.0,0.0,0.0,0.0,Low
0.7510567146669818,-0.017243793229367484,2.195800381464994,-0.595956034685466,-0.6472225137802943,0.18634458681045432,0.4527999433694588,0.362775437956049,0.8514006160727381,0.0,1.0,0.0,0.0,0.0,0.0,0.0,0.0,Low
-0.1370765353451414,0.6441015776348759,-0.6959725929100677,-0.032897055984742726,1.6194215521138502,-0.6279205947951979,1.205315684841107,0.6844427090458858,1.1260986275599574,0.0,0.0,0.0,0.0,0.0,1.0,0.0,0.0,Low
1.2156187223656316,0.7133853783920819,-1.8714314328680106,-1.594715413571272,-1.343773083148268,1.3418256540413316,-0.7221807757704823,0.4598825386624146,-0.7102387642998169,0.0,0.0,0.0,0.0,0.0,1.0,0.0,0.0,Medium
1.0653192492866568,-1.4973977184969598,0.23429851355971584,1.0865178183369326,-0.3788792616467304,0.7912272931460815,-0.79479194380722,-1.7675115837898525,-0.6180455960609563,0.0,0.0,0.0,1.0,0.0,0.0,0.0,0.0,Medium
-0.8612467238165645,-0.3258716329660143,-0.6527041693533335,-1.7019647428476001,0.28341472234249065,-1.5042250283327097,0.030334965701165832,1.2003241815484544,-1.0921818898608153,0.0,0.0,1.0,0.0,0.0,0.0,0.0,0.0,Medium
0.42996238581644575,-1.0502022772458999,0.010744991849922367,0.034133774812962384,-0.5501621885404945,-0.8915874155056001,0.06334004208150126,1.1214246622245323,-0.2680878553991537,0.0,0.0,0.0,0.0,1.0,0.0,0.0,0.0,Medium
-0.2532170372698029,-0.2628863595503721,0.1982414939291041,0.9792684890606039,-0.8813091805351048,-0.08507714039142976,-0.8409990507396897,0.4113289883092318,-0.3057177199864447,0.0,1.0,0.0,0.0,0.0,0.0,0.0,0.0,Medium
-0.7997605757388022,-1.2643522068590833,0.4578520352695083,0.2352262672060777,-0.4359735706113184,1.1867275242116835,-2.7486924655230776,-1.0756234912569957,-1.731889587844753,1.0,0.0,0.0,0.0,0.0,0.0,0.0,0.0,High
0.5597664762028324,0.007950316136889764,0.49390905490012005,0.1145707717702087,0.5917239907512659,-1.2948425530626846,-0.6957767146662136,1.467368708490961,0.5691766316680597,1.0,0.0,0.0,0.0,0.0,0.0,0.0,0.0,Low
-1.2438272007448639,-2.209131308093717,0.6165029216442002,-0.26750496377671057,-0.2704000746140133,0.5973546308590214,0.7036385238600088,0.5327128641921891,-0.6199270892903204,0.0,0.0,0.0,0.0,1.0,0.0,0.0,0.0,Medium
0.9560105415928564,1.4692086593797886,-0.42193924371741864,1.0194869875392276,-1.1953278798403388,0.37246234260603134,0.2745725309156482,-1.8706878782903664,0.09127735140946958,0.0,0.0,0.0,1.0,0.0,0.0,0.0,0.0,Medium
-0.6084703372746524,-2.75080465946824,-1.2079822716647546,0.4564280088385044,0.06645634827705597,1.2875413086009557,0.21516339343104407,-2.0527636921148025,-1.7714009456614082,0.0,0.0,0.0,0.0,1.0,0.0,0.0,0.0,High
-1.4419492334398758,-0.05503495727875291,-1.6334551033059732,0.6240050858327671,0.8258106575060764,-0.5193519039144444,1.4297502042273882,-1.0695542974628476,-0.5540748262625619,0.0,0.0,0.0,0.0,0.0,1.0,0.0,0.0,Medium
-2.2549327469125116,0.35436931992292203,0.8544792512062376,0.6307081689125372,0.03790919379476196,-1.0621953583182127,0.6706334474796734,0.26566833724968264,-0.10816093090317032,0.0,0.0,0.0,0.0,0.0,0.0,1.0,0.0,Medium
-0.6221339257363775,-0.6093053633364043,0.9482275022458279,0.6575205012316196,-2.1031273923772886,0.6749036957738455,0.46600197392159315,-0.462634918048061,-0.5766527450149357,0.0,1.0,0.0,0.0,0.0,0.0,0.0,0.0,Medium
-0.8065923699696649,-0.036139375254059976,-1.1286568284774088,-0.5222221208079902,1.3225311454979924,-1.0466855453352482,-0.03567518705950503,0.028969779277916333,-0.6161641028315907,0.0,0.0,0.0,0.0,0.0,1.0,0.0,0.0,Medium
-1.4419492334398758,-0.048736429937188595,0.4794862470478751,1.656279880117426,0.934289844538794,-0.6356755012866805,-1.0390295090217023,2.2502947079360354,0.9172528791004954,0.0,0.0,0.0,0.0,0.0,0.0,1.0,0.0,Medium
-0.02093603342047893,0.9212367806637021,1.3304319103303122,-0.9780317702323847,-1.880459587415395,-0.3254792416273849,-1.2832670742361847,-1.2455609174931357,-1.3856948336416814,0.0,1.0,0.0,0.0,0.0,0.0,0.0,0.0,Medium
1.7280032896803181,0.04574148018627474,0.7246739805360354,-1.7756986567250754,-0.1333737330990021,0.7602076671801514,0.6376283710993379,-1.3244604368170583,0.11573676339120753,0.0,0.0,1.0,0.0,0.0,0.0,0.0,0.0,Medium
-1.2301636122831388,1.6896571163345364,0.6741941530531788,1.5624367170006386,0.7858446412308655,1.8458945759876877,-0.9664183409849643,-2.920658404677947,0.38290880196097016,0.0,0.0,0.0,1.0,0.0,0.0,0.0,0.0,Medium
-0.20539447765376626,-0.11802023069439514,-0.292133973047216,-0.9512194379133029,0.3290901695141609,1.0626490203479655,1.9908365026930905,-0.0499297400460062,0.6030435097966197,0.0,0.0,1.0,0.0,0.0,0.0,0.0,0.0,Medium
-1.0047144026646768,0.2913840465072798,-1.5180726404880156,-0.8573762747965158,0.3747656166858316,-2.574402124157281,-0.5901604702491406,-0.7964405767261937,-2.177803483204146,0.0,0.0,0.0,0.0,0.0,0.0,0.0,1.0,High
0.6280844185114572,0.7196839057336467,0.06122481933277902,0.7513636643484072,1.4652669179094624,-0.5581264363718564,-0.9730193562610314,-0.7721638015496023,0.5560061790625066,1.0,0.0,0.0,0.0,0.0,0.0,0.0,0.0,Low
-0.6904518680450024,-1.2517551521759551,1.6693678948580628,-0.12674021910153024,-0.6757696682625882,-0.47282246496554986,-0.6561706230098115,0.21711478689649988,-0.7760910273275755,0.0,0.0,0.0,0.0,1.0,0.0,0.0,0.0,Medium
2.178901708917242,-0.5400215625791978,0.9914959258025626,-0.03960013906451333,1.1797953730865223,0.9308156099927645,-1.540706670002801,-1.3730139871702411,0.544717219686319,1.0,0.0,0.0,0.0,0.0,0.0,0.0,0.0,Medium
-0.06875859303651653,0.8456544525649312,2.0299380911641802,-0.9847348533121554,-0.6415130828838354,0.4189917815549264,0.6376283710993379,-1.5004670568473464,0.11761825662057301,0.0,0.0,0.0,1.0,0.0,0.0,0.0,0.0,Medium
1.2292823108273558,-1.4092183357150607,0.652559941274812,1.1334393998953256,-0.1276643022025432,-0.2711948961870079,1.4429522347795216,-0.7539562201671589,0.5936360436497976,0.0,0.0,0.0,0.0,1.0,0.0,0.0,0.0,Medium
-1.9201748296002499,0.02684589816158225,-0.21280852985987006,1.2809072276502769,-0.2247246274423426,0.9153057970097995,1.0204872571112287,-0.20165958489970287,0.19852246548324612,0.0,0.0,0.0,0.0,0.0,0.0,1.0,0.0,Medium
0.2523357358140205,0.6566986323180045,-1.4892270247835262,-0.3010203791755631,0.20348268979206754,0.4732761269953034,1.3373359903624487,0.29601430622042196,0.5597691655212349,0.0,0.0,0.0,0.0,0.0,1.0,0.0,0.0,Low
1.2224505165964936,0.09612969891878834,-0.45078485942190794,-0.3881604592125801,-1.0697204001182454,-0.3642537740847969,-0.4647411800038656,-0.11062167798748487,-0.5860602111617591,0.0,1.0,0.0,0.0,0.0,0.0,0.0,0.0,Medium
-0.46500265842654054,-0.6282009453610973,-0.8546234792847597,-1.0785780164289425,-0.3788792616467304,-1.0621953583182127,0.18215831705070862,-0.1773828097231115,-1.5343327987614785,0.0,0.0,1.0,0.0,0.0,0.0,0.0,0.0,Medium
0.7100659492818072,0.9653264720546509,0.6309257294964451,0.3692879288014879,0.2719958605495729,0.6904135087568105,-1.3228731658925867,-0.01351457728111891,0.7855483530449783,1.0,0.0,0.0,0.0,0.0,0.0,0.0,0.0,Low
-0.9227328718943268,-0.5463200899207621,-0.47241907120027476,0.5033495903968981,1.4367197634271685,-0.11609676635735981,0.8818659363138194,-0.04386054625185824,0.3546864035205039,0.0,0.0,0.0,0.0,0.0,0.0,1.0,0.0,Medium
0.7100659492818072,0.5118325034620276,-0.34982520445619514,2.4003221019719523,-0.9326940586032343,-1.3103523660456498,2.2614781290118406,-0.6022263753134622,0.9548827436877864,0.0,1.0,0.0,0.0,0.0,0.0,0.0,0.0,Medium
1.5230494627544435,0.052040007527838605,-0.6887611889839452,-1.0450626010300899,-2.0003576362410302,0.42674668804640836,-1.79154525049335,-0.8146481581086376,-1.6961412164868275,0.0,1.0,0.0,0.0,0.0,0.0,0.0,0.0,High
-0.30787139111670303,-0.88644056636523,0.501120458826242,-1.1523119303064182,1.9905345603836724,1.6287571942261807,-1.4482924561378618,-0.7175410574022716,-0.1589612480960117,1.0,0.0,0.0,0.0,0.0,0.0,0.0,0.0,Medium
-0.9705554315103644,1.7967320811411285,-1.0709655970684302,-2.0103065645170433,-2.034614221619783,2.342208591442562,-0.8806051423960923,-0.5293960497836876,-1.3649984081186717,0.0,1.0,0.0,0.0,0.0,0.0,0.0,0.0,High
0.0063911435029714025,-2.385490073657515,-0.17675151022925834,1.160251732214408,-0.14479259489191945,0.3336878101486193,2.0766497012819625,0.035038973072063856,0.25496726236418393,0.0,0.0,0.0,0.0,1.0,0.0,0.0,0.0,Medium
1.318095635828569,0.4866383940957703,-1.1070226166990418,0.8385037443854236,-0.2190151965458841,-1.1785189556904485,1.0930984251479663,1.8679354989047199,1.2333437416337338,0.0,0.0,0.0,0.0,0.0,1.0,0.0,0.0,Low
-0.36252574496360324,1.5762836241863807,0.8833248669107273,-0.2272864652980879,1.7393196009394847,-0.9691364804204241,-0.03567518705950503,-0.16524442213481558,1.018853513486181,0.0,0.0,0.0,0.0,0.0,0.0,0.0,1.0,Low
-1.7288845911361004,-0.16840844942690875,-0.03252343170681132,0.8921284090235875,0.3176713077212436,-0.581391155846304,-0.7221807757704823,0.84224174769373,-0.33205862519754814,0.0,0.0,0.0,0.0,0.0,0.0,1.0,0.0,Medium
-0.19856268342290317,0.41105606599699945,1.1573582161033764,-0.24739571453739925,-0.5101961722652827,-0.821793257082258,0.003930904596897114,-1.9495873976142883,-0.8381803038966045,0.0,0.0,0.0,1.0,0.0,0.0,0.0,0.0,Medium
-0.2532170372698029,-0.4959318711882485,-2.7800683275594267,-0.5021128715686785,0.02078090110538572,-1.5895289997390163,2.023841579073426,1.0850094994596446,-0.6876608455474431,0.0,0.0,0.0,0.0,0.0,1.0,0.0,0.0,Medium
-1.1140231103584768,0.007950316136889764,1.1140897925466418,-1.500872250454485,-1.5150560100420318,0.10104061540414724,-2.1083939837445707,-0.8814092898442637,-2.230485293626353,1.0,0.0,0.0,0.0,0.0,0.0,0.0,0.0,High
0.5051121223559327,-0.5904097813117118,-1.1430796363296536,-0.2876142130160224,-0.2532717819246366,1.5279434098369098,2.0766497012819625,1.8800738864930158,1.3067219775789505,0.0,0.0,0.0,0.0,0.0,1.0,0.0,0.0,Medium
-0.6357975141981027,-0.004646738546238861,-1.9219112603508672,0.9792684890606039,-0.2190151965458841,0.8842861710438705,-0.79479194380722,-0.22593636007629425,-0.6970683116942652,0.0,0.0,0.0,0.0,0.0,1.0,0.0,0.0,Medium
1.6118627877556557,-0.7352759101676888,1.5611968359662276,-0.5624406192866134,-1.0126260911536575,-0.3254792416273849,0.6112243099950693,1.6433753285212487,0.9304233317060457,0.0,1.0,0.0,0.0,0.0,0.0,0.0,0.0,Medium
-1.5990805007497129,-0.8675449843405375,0.7030397687576686,-0.05970938830382515,1.6822252919748968,-3.0629612331206726,0.043536996253300195,-0.4869116932246524,-1.0752484507965354,0.0,0.0,0.0,0.0,0.0,0.0,0.0,1.0,Medium
0.9355151589002692,-0.06133348462031722,-0.789720843949658,-2.0706343122349784,-0.2818189364069306,-0.86056778953967,-0.4185340730713963,-0.49298088701880033,-1.4026282727059614,0.0,0.0,1.0,0.0,0.0,0.0,0.0,0.0,Medium
0.28649470696833296,0.4236531206801281,-0.15511729845089148,-0.0932248037026777,-0.08198885503087255,0.25613874523379526,0.4527999433694588,-0.20165958489970287,0.30012309986893154,0.0,0.0,0.0,0.0,0.0,1.0,0.0,0.0,Low
-1.0320415795881266,-0.5022303985298128,-0.09021466311578992,-1.0249533517907785,0.7173314704733597,1.3108060280754026,0.2019613628789097,-0.2926974918119209,-0.27937681477534126,0.0,0.0,0.0,0.0,0.0,0.0,1.0,0.0,Medium
-0.38985292188705306,-0.5274245078960696,-0.2632883573427267,0.7915821628270299,-0.9155657659138577,0.11655042838711226,0.6442293863754046,-2.0649020797030984,-1.050789038814796,0.0,0.0,0.0,1.0,0.0,0.0,0.0,0.0,Medium
1.0243284839014812,0.6818927416842608,-0.739241016466802,1.106627067576244,-0.5729999121263296,0.03900136347228824,-0.9334132646046288,-1.9556565914084363,-0.5597193059506557,0.0,0.0,0.0,1.0,0.0,0.0,0.0,0.0,Medium
0.22500855889057114,0.6818927416842608,0.032379203628289215,0.8921284090235875,-0.48735844867944755,-0.33323414811886687,0.23496643925924512,-1.118107847816031,0.004728662858702686,0.0,0.0,0.0,1.0,0.0,0.0,0.0,0.0,Medium
-0.2327216545772156,-0.9872170038302577,1.8568643969372447,-0.24069263145762865,0.3005430150318669,-0.5426166233888919,-0.5769584396970063,0.8179649725171391,0.14395916183167645,0.0,0.0,0.0,0.0,1.0,0.0,0.0,0.0,Medium
0.7783838915904321,0.4614442847295131,0.5516002863090986,1.6964983785960488,0.06074691738059749,-0.10058695337439479,-0.5307513327645365,-2.9874195364135736,-0.13638332934363656,0.0,0.0,0.0,1.0,0.0,0.0,0.0,0.0,Medium
0.60758903581887,0.889744143955881,0.6886169609054237,0.0006183594141098294,-0.6300942210909176,0.18634458681045432,0.24156745453531278,1.218531762930898,1.1204541478718635,0.0,1.0,0.0,0.0,0.0,0.0,0.0,0.0,Low
-0.5264888065043029,0.19690613638381643,-0.9051033067676157,0.7848790797472598,-2.1373839777560413,0.37246234260603134,-0.9598173257088971,-0.9663780029623342,-1.6114740211654235,0.0,1.0,0.0,0.0,0.0,0.0,0.0,0.0,Medium
-0.30787139111670303,0.07723411689409586,0.3064125528209393,1.3010164768895882,-0.1961774729600486,0.6904135087568105,-0.5109482869363354,0.6540967400751465,0.6801847322005645,1.0,0.0,0.0,0.0,0.0,0.0,0.0,0.0,Low
-0.06192679880565346,0.7196839057336467,-1.2224050795169992,0.04083685789273251,-0.9954977984642809,-0.11609676635735981,-1.7123330671805452,0.7754806159581038,-0.8908621143188113,1.0,0.0,0.0,0.0,0.0,0.0,0.0,0.0,Medium
-0.41034830457964033,0.9842220540793443,0.7895766158711359,-0.1602556345003828,1.2882745601192398,-0.4573126519825854,-2.0687878920881677,-0.8571325146676724,-0.24927292310550955,1.0,0.0,0.0,0.0,0.0,0.0,0.0,0.0,Medium
0.3958034146621333,0.8582515072480598,-0.22723133771211498,1.8171538740319177,0.42044106385750185,0.09328570891266527,-0.5373523480406037,-0.3473202359592516,0.8965564535774857,1.0,0.0,0.0,0.0,0.0,0.0,0.0,0.0,Low
1.7006761127568677,-0.8423508749742807,-0.3426138005300727,0.007321442493879959,-1.6692106442464196,0.31817799716565537,0.07654207263363562,0.9879023987532791,-0.019730749123037933,0.0,1.0,0.0,0.0,0.0,0.0,0.0,0.0,Medium
-0.9227328718943268,0.15911497233443056,-0.06858045133742308,-1.4941691673747144,-2.348632920925017,0.12430533487859532,-0.6759736688380126,-1.2212841423165444,-2.448738508232637,0.0,1.0,0.0,0.0,0.0,0.0,0.0,0.0,High
-1.3531359084386636,0.7385794877583393,-0.883469094989249,1.2540948953311954,0.45469764923625433,2.225884994070326,0.4527999433694588,-1.2576993050814316,0.49767988895220594,0.0,0.0,0.0,1.0,0.0,0.0,0.0,0.0,Medium
-0.31470318534756564,-0.798261183583331,0.14776166644624744,-0.3412388776541863,-1.2352938961155506,-1.015665919369318,0.043536996253300195,-1.5126054444356423,-1.8654756071296343,0.0,0.0,0.0,1.0,0.0,0.0,0.0,0.0,High
-0.04826321034392829,-0.3447672149907072,1.07803277291603,-0.2742080468564812,-0.3560415380608953,2.342208591442562,-0.8343980354636226,-0.19559039110555493,0.30012309986893154,1.0,0.0,0.0,0.0,0.0,0.0,0.0,0.0,Medium
0.7305613319743945,1.3369395852069403,-0.5373217065353758,-2.593474792457078,-0.49877731047236534,-0.14711639232328877,1.4297502042273882,-0.9906547781389256,-0.4600001647943357,0.0,0.0,1.0,0.0,0.0,0.0,0.0,0.0,Medium
-0.4308436872722281,-1.3210389529331616,0.44342922741726337,-0.5691437023663836,0.10642236455226774,0.4810310334867854,0.36038572950452014,1.29743128225482,0.1232627363086668,0.0,0.0,0.0,0.0,1.0,0.0,0.0,0.0,Medium
-0.3215349795784282,0.4236531206801281,1.4818713927788822,1.3010164768895882,-1.3152259286659738,-0.6356755012866805,-0.12148838564837743,-0.6204339566959056,-0.0310197084992255,0.0,1.0,0.0,0.0,0.0,0.0,0.0,0.0,Medium
1.8304802031432554,-0.7478729648508174,0.4362178234911414,2.259557357296772,0.5460485435795956,0.38797215558899634,2.0568466554537617,0.5084360890155973,2.5579149751063595,0.0,0.0,0.0,0.0,1.0,0.0,0.0,0.0,Low
0.04055011465728383,0.20950319106694418,-2.4339209391055543,0.4698341749980456,-0.8299243024669757,0.1087955218956303,-0.5967614855252074,-0.4322889490773216,-1.2257679091456968,0.0,0.0,0.0,0.0,0.0,1.0,0.0,0.0,Medium
-1.1550138757436512,-0.2628863595503721,-0.3426138005300727,0.24192935028584783,1.43101033253071,0.1087955218956303,0.14255222539430648,1.5159222588441437,0.7385110223108652,0.0,0.0,0.0,0.0,0.0,0.0,1.0,0.0,Medium
-1.4419492334398758,0.17801055435912305,0.7751538080188921,1.656279880117426,0.9285804136423356,0.6438840698079153,0.22176440870711076,1.0061099801357225,1.4497154630106552,0.0,0.0,0.0,0.0,0.0,0.0,1.0,0.0,Low
0.3548126492769578,-0.6219024180195329,0.44342922741726337,-0.6093622008450067,-0.2704000746140133,-1.031175732352283,-1.3228731658925867,1.6069601657563617,-0.45247419187687776,1.0,0.0,0.0,0.0,0.0,0.0,0.0,0.0,Medium
1.3454228127520182,-1.113187550661542,1.3376433142564352,0.8385037443854236,0.2719958605495729,0.16307986733600735,-0.015872141231303958,0.04717736066035976,0.9511197572290554,0.0,0.0,0.0,0.0,1.0,0.0,0.0,0.0,Low
-0.5879749545820651,-0.3510657423322711,0.5660230941613436,-0.7501269455201875,-0.6129659284015414,-2.047068482736478,0.7828507071728131,0.7754806159581038,-0.7064757778410886,0.0,0.0,0.0,0.0,0.0,0.0,0.0,1.0,Medium
-1.8996794469076626,1.0031176361040368,0.7607310001666472,-0.4283789576912032,-0.9954977984642809,0.1708347738274893,-0.6693726535619454,0.751203840781512,-0.48634107000543914,0.0,0.0,0.0,0.0,0.0,0.0,1.0,0.0,Medium
0.764720303128707,-1.5162933005216523,0.9626503100980728,1.884184704829623,0.07787521006997374,-0.798528537607811,1.5155634028162601,2.2927790644950705,1.8899848786819542,0.0,0.0,0.0,0.0,1.0,0.0,0.0,0.0,Low
1.249777693519944,0.8771470892727523,-0.010889219928444478,2.3399943542540176,-0.37316983075027155,0.2716485582167603,-3.2041625195717063,0.5630588331629285,0.5804655910442446,1.0,0.0,0.0,0.0,0.0,0.0,0.0,0.0,Medium
2.0695930012234425,-0.06763201196188108,0.2559327253380827,0.4162095103598817,0.3290901695141609,-1.1164797037585896,-0.8277970201875554,2.3049174520833664,1.3123664572670442,1.0,0.0,0.0,0.0,0.0,0.0,0.0,0.0,Low
0.6349162127423204,-1.7493388121595288,1.063609965063786,0.7781759966674887,-1.1953278798403388,-1.0466855453352482,-0.4713421952799328,-1.1423846229926222,-1.2351753752925188,0.0,0.0,0.0,0.0,1.0,0.0,0.0,0.0,Medium
0.054213703119009,-0.798261183583331,1.4602371810005152,0.034133774812962384,-1.6349540588676668,-0.05405751442550081,0.3999918211609223,-0.20165958489970287,-0.41672582051895224,0.0,1.0,0.0,0.0,0.0,0.0,0.0,0.0,Medium
-1.0183779911264015,-0.47703628916355556,-1.3522103501872016,-0.39486354229235066,-1.343773083148268,-0.658940220761128,0.7564466460685453,-0.1409676469582242,-1.6472223925233502,0.0,1.0,0.0,0.0,0.0,0.0,0.0,0.0,Medium
2.178901708917242,-0.6093053633364043,-1.0565427892161852,-0.7099084470415644,0.03790919379476196,1.2720314956179906,-0.7617868674268845,-0.7964405767261937,-0.24927292310550955,0.0,0.0,0.0,0.0,0.0,1.0,0.0,0.0,Medium
0.8808608050533694,2.143151084927161,0.2487213214119597,0.6843328335507021,2.09901374741639,1.2487667761435437,-1.9961767240514299,0.2778067248379785,2.0649637490128536,1.0,0.0,0.0,0.0,0.0,0.0,0.0,0.0,Low
0.30699008966092023,0.24099582777476528,-2.260847244878618,0.5837865873541445,-1.85762186382956,-1.0079110128778361,-0.08188229399197482,1.0607327242830538,-1.0263296268330568,0.0,1.0,0.0,0.0,0.0,0.0,0.0,0.0,Medium
1.010664895439757,-1.440710972422882,0.025167799702167273,0.1614923533286015,0.7173314704733597,-0.3177243351359018,0.3537847142284525,-1.791788358966444,-0.49386704292289707,0.0,0.0,0.0,1.0,0.0,0.0,0.0,0.0,Medium
-1.1550138757436512,-1.4910991911553955,-0.8474120753586372,-0.6830961147224824,0.11784122634518551,1.6830415396665577,-0.14789244675264568,1.091078693253793,-0.5409043736570102,0.0,0.0,0.0,0.0,1.0,0.0,0.0,0.0,Medium
-0.8817421065091517,-1.1950684061018773,0.8833248669107273,1.347938058447982,1.7564478936288617,1.3108060280754026,1.2185177153932414,2.062149700317452,2.366002665711179,0.0,0.0,0.0,0.0,1.0,0.0,0.0,0.0,Low
1.154132574287869,-1.0753963866121568,0.3929493999344067,-0.48870670540913774,0.05503748648413861,-0.4030283065422089,-0.5967614855252074,0.05324655445450772,-0.3395845981150061,0.0,0.0,0.0,0.0,1.0,0.0,0.0,0.0,Medium
-1.6810620315200628,-0.3762598516985284,0.7823652119450141,-1.802510989044158,-1.1724901562545038,-2.1091077346683367,-0.5043472716602683,1.0789403056654971,-1.98024669412087,0.0,0.0,1.0,0.0,0.0,0.0,0.0,0.0,High
-0.4308436872722281,-0.7604700195339456,-1.381055965891691,0.04083685789273251,1.2711462674298637,0.4112368750634433,0.5584161877865327,0.44167495727997114,0.14960364151977024,0.0,0.0,0.0,0.0,0.0,1.0,0.0,0.0,Medium
0.764720303128707,0.9842220540793443,-1.4748042169312814,1.2675010614907358,0.42615049475396033,-0.658940220761128,-1.1776508298191113,0.2535299496613876,0.24932278267609018,0.0,0.0,0.0,0.0,0.0,1.0,0.0,0.0,Medium
-0.936396460356052,0.2724884644825864,-1.4387471973006696,-1.386919838098386,0.3119618768247847,1.8071200435302757,-0.728781791046549,-0.1773828097231115,-0.8287728377497824,0.0,0.0,0.0,0.0,0.0,1.0,0.0,0.0,Medium
0.6349162127423204,0.4929369214373342,0.508331862752365,0.0274306917331913,1.4938140723917563,-1.7756467555345938,-0.4119330577953291,1.5401990340207348,1.1054022020369476,0.0,0.0,0.0,0.0,0.0,0.0,0.0,1.0,Low
1.7621622608346306,-0.8801420390236662,-0.3858822240868069,0.13468002100952003,1.4424291943236276,-0.658940220761128,1.4231491889513206,0.4113289883092318,1.2596846468448373,0.0,0.0,0.0,0.0,1.0,0.0,0.0,0.0,Low
-0.9568918430486393,0.32917521055666477,-1.4315357933745476,1.0328931536987678,-0.7214451154342585,-1.05444045182673,-2.0621868768121008,-0.6993334760198278,-1.933209363386757,1.0,0.0,0.0,0.0,0.0,0.0,0.0,0.0,High
1.8373119973741174,1.1731778743262709,0.3208353606731832,1.1870640645334904,1.5223612268740505,0.5663350048930914,-0.5769584396970063,-0.456565724253913,2.0085189521319182,1.0,0.0,0.0,0.0,0.0,0.0,0.0,0.0,Low
0.17718599927453355,-1.2265610428096985,-1.2728849069998558,-0.46189437309005577,1.0313501697785938,-0.5658813428633389,-0.10828635509624354,-0.10455248419333692,-0.8005504393093148,0.0,0.0,0.0,0.0,0.0,1.0,0.0,0.0,Medium
1.7689940550654926,0.49923544877889897,0.9410160983197059,1.2473918122514245,1.0827350478467226,0.015736643997841252,0.8752649210377527,1.29743128225482,2.806272081382478,0.0,0.0,0.0,0.0,0.0,0.0,0.0,1.0,Low
0.5597664762028324,-0.6722906367520466,0.09728183896339078,0.12127385484997882,0.6259805761300183,-0.9613815739289415,0.22176440870711076,1.5098530650499953,0.6463178540720045,0.0,0.0,0.0,0.0,1.0,0.0,0.0,0.0,Low
0.8262064512064697,-0.48963334384668417,-0.5589559183137431,0.4832403411575868,-0.4816490177829887,-1.4499406828923327,0.43959791281732535,1.2428085381074898,0.08939585818010409,0.0,0.0,0.0,0.0,0.0,0.0,0.0,1.0,Medium
1.2156187223656316,1.9982849560711837,0.652559941274812,0.5837865873541445,-0.9783695057749046,-0.06956732740846473,-1.8047472810454843,-0.25021313525288563,0.4186571733188957,1.0,0.0,0.0,0.0,0.0,0.0,0.0,0.0,Medium
-1.2369954065140012,0.12132380828504559,0.3929493999344067,-1.4070290873376974,1.1912142348794401,0.7446978541971875,0.2481684698113795,-0.22593636007629425,-0.029138215269860015,0.0,0.0,1.0,0.0,0.0,0.0,0.0,0.0,Medium
-0.10291756419082895,-0.7478729648508174,-0.6022243418704774,1.6428737139578848,0.6716560233016895,1.8458945759876877,-0.7155797604944152,1.4006075767553339,1.1900693973583518,1.0,0.0,0.0,0.0,0.0,0.0,0.0,0.0,Medium
0.16352241081280838,0.39845901131387085,1.5251398163356158,-0.9042978563549091,-1.457961701077444,-0.643430407778163,0.34058268367631905,1.0485943366947579,0.11761825662057301,0.0,1.0,0.0,0.0,0.0,0.0,0.0,0.0,Medium
-1.134518493051064,0.7196839057336467,-0.025312027780689382,-1.4606537519758618,-2.257282026581676,0.07777589592970025,-1.4284894103096604,0.7087194842224777,-1.7826899050375957,0.0,1.0,0.0,0.0,0.0,0.0,0.0,0.0,High
0.19768138196712082,-1.7178461754517076,-0.8978919028414933,1.0664085690976204,-1.5207654409384908,-0.8915874155056001,1.2713258376017778,0.22318398069064826,-0.849469263272792,0.0,1.0,0.0,0.0,0.0,0.0,0.0,0.0,Medium
-0.07559038726737863,1.7652394444333073,1.3881231417392919,-1.96338498295865,-0.6986073918484234,-0.10834185986587674,0.036935980977232545,1.103217080842089,0.5164948212458528,0.0,0.0,1.0,0.0,0.0,0.0,0.0,0.0,Medium
-0.7451062218919021,1.3369395852069403,-1.157502444181898,-1.8896510690811743,-1.1896184489438804,2.342208591442562,-0.10828635509624354,0.3506370503677531,-0.48069659031734535,0.0,0.0,1.0,0.0,0.0,0.0,0.0,0.0,Medium
0.7783838915904321,0.41105606599699945,1.4530257770743924,1.4752966369636222,0.7002031777839834,-1.5042250283327097,-0.15449346202871286,0.7572730345756604,1.483582341139218,0.0,0.0,0.0,0.0,0.0,0.0,0.0,1.0,Low
-0.11658115265255316,-0.35736426967383544,-0.2560769534166043,-0.535628286967531,-0.20759633475296635,0.7912272931460815,1.3241339598103143,-0.001376189692823002,0.18158902641896743,0.0,0.0,1.0,0.0,0.0,0.0,0.0,0.0,Medium
-2.302755306528549,-1.3147404255915975,0.29920114889481636,0.12127385484997882,2.030500576658884,-1.6980976906197698,0.030334965701165832,1.5523374216090307,-0.2097615652888544,0.0,0.0,0.0,0.0,0.0,0.0,1.0,0.0,Medium
0.3206536781226454,1.563686569503252,-0.6454927654272111,-0.09992788678244782,0.25486756786019665,0.07777589592970025,-0.9004081882242934,-1.197007367139953,-0.20788007205949025,0.0,0.0,0.0,1.0,0.0,0.0,0.0,0.0,Medium
-2.1797830103730242,0.8834456166143162,1.5539854320401056,0.2352262672060777,1.3739160235661219,-0.10834185986587674,-0.24690767589365198,0.6844427090458858,0.8796230145132043,0.0,0.0,0.0,0.0,0.0,0.0,1.0,0.0,Low
-2.7741491084580607,0.9149382533221373,0.6381371334225671,2.212635775738378,-0.17904918027067235,1.4193747189561556,-0.5967614855252074,1.3277772512255595,1.0301424728623658,0.0,0.0,0.0,0.0,0.0,0.0,1.0,0.0,Medium
-0.10974935842169105,-1.5414874098879094,-0.3642480123084395,1.5624367170006386,-1.3209353595624327,-0.759754005150399,0.6310273558232703,1.0789403056654971,-0.3151251861332668,0.0,1.0,0.0,0.0,0.0,0.0,0.0,0.0,Medium
0.8125428627447445,0.6063104135854909,-0.5373217065353758,1.4417812215647696,-0.5787093430227884,0.5198055659441974,-0.2865137675500546,-1.1787997857575097,0.1966409722538833,0.0,0.0,0.0,1.0,0.0,0.0,0.0,0.0,Medium
1.0721510435175188,-0.09282612132813833,-0.292133973047216,-0.23398954837785804,-0.7671205626059288,0.42674668804640836,-0.20730158423724937,-0.10455248419333692,-0.14390930226109583,0.0,1.0,0.0,0.0,0.0,0.0,0.0,0.0,Medium
0.5734300646645576,0.6441015776348759,-0.32819099267782775,-0.8506731917167452,1.8649270806615785,-0.8683226960311525,0.06994105735756798,1.2367393443133414,1.0414314322385534,0.0,0.0,1.0,0.0,0.0,0.0,0.0,0.0,Low
-0.4376754815030902,-0.5211259805545053,-0.7176068046884346,-1.1053903487480243,-0.4816490177829887,1.7373258851069349,0.8290578141052829,0.3991906007209359,-0.18906513976584477,0.0,0.0,1.0,0.0,0.0,0.0,0.0,0.0,Medium
-0.2395534488080787,1.7841350264579998,0.16218447429849234,-0.7702361947594989,-1.5321843027314084,1.0393843008735186,0.426395882265191,-0.7539562201671589,-0.08934599860952347,0.0,1.0,0.0,0.0,0.0,0.0,0.0,0.0,Medium
0.5734300646645576,0.052040007527838605,1.35206612210868,0.5301619227159796,-1.6463729206605844,-1.2560680206052726,-0.1346904162005113,0.28994511242627447,-0.15143527517855376,0.0,1.0,0.0,0.0,0.0,0.0,0.0,0.0,Medium
2.178901708917242,-1.4029198083734964,0.07564762718502392,-0.5557375362068429,-1.3152259286659738,-1.7678918490431113,0.2745725309156482,0.38705221313264,-0.7742095340982114,0.0,1.0,0.0,0.0,0.0,0.0,0.0,0.0,Medium
-0.7587698103536272,-0.20619961347629417,-0.13348308667252462,-0.18706796681946475,0.26628642965311405,0.6361291633164334,0.6376283710993379,0.726927065604921,0.364093869667326,0.0,0.0,0.0,0.0,0.0,0.0,1.0,0.0,Low
0.5665982704336955,1.2235660930587846,-0.4075164358651737,-0.414972791531662,-0.3103660908892246,1.1401980852627895,-0.6759736688380126,1.29743128225482,0.8532821093021009,1.0,0.0,0.0,0.0,0.0,0.0,0.0,0.0,Low
1.6118627877556557,-0.09282612132813833,-0.3858822240868069,-1.1523119303064182,1.4024631780484158,-0.4650675584740679,0.3801887753327212,0.16856123654331712,0.6275029217783576,0.0,0.0,1.0,0.0,0.0,0.0,0.0,0.0,Medium
-1.1481820815127892,0.2913840465072798,-0.42915064764354055,1.2473918122514245,1.1855048039829816,-0.3022145221529368,0.9676791349026923,1.5462682278148832,1.3518778150837008,0.0,0.0,0.0,0.0,0.0,0.0,1.0,0.0,Low
1.7826576435272177,1.7904335537995646,0.28477834104257144,0.1145707717702087,1.0827350478467226,-0.6279205947951979,0.023733950425098186,-1.1848689795516572,1.2201732890281836,0.0,0.0,0.0,1.0,0.0,0.0,0.0,0.0,Low
0.061045497349871095,0.8645500345896237,-1.0565427892161852,-1.1657180964659595,1.8420893570757437,0.18634458681045432,0.26137050036351384,0.3263602751911613,0.6256214285489948,0.0,0.0,1.0,0.0,0.0,0.0,0.0,0.0,Medium
0.061045497349871095,-0.5841112539701475,2.368874075691931,1.4350781384849984,-1.0754298310147044,2.342208591442562,0.5056080655779962,-0.49905008081294827,1.333062882790054,0.0,1.0,0.0,0.0,0.0,0.0,0.0,0.0,Medium
-0.24638524303894077,-0.5715141992870189,-0.4868418790525197,-1.6349339120498951,1.3682065926696627,-0.03079279495105272,-1.0192264631935013,1.182116600166011,-0.3809774491610254,0.0,0.0,1.0,0.0,0.0,0.0,0.0,0.0,Medium
0.23184035312143325,0.6818927416842608,-1.1430796363296536,1.9378093694677867,0.9457087063317118,-0.3254792416273849,-0.5769584396970063,0.31422188760286623,0.8476376296140071,0.0,0.0,0.0,0.0,0.0,1.0,0.0,0.0,Low
0.18401779350539565,1.6455674249435877,0.7030397687576686,-0.37475429305303887,0.9799652917104642,-0.5115969974229619,-0.25350869116971914,-0.650779925666645,0.68206622542993,0.0,0.0,0.0,1.0,0.0,0.0,0.0,0.0,Low
-0.16440371226859074,0.4236531206801281,-1.4315357933745476,0.3022570980037828,0.26628642965311405,-0.852812883048188,-0.9334132646046288,-1.0513467160804042,-1.1486266867417518,0.0,0.0,0.0,0.0,0.0,1.0,0.0,0.0,Medium
-1.175509258436239,1.2172675657172198,-0.32819099267782775,-0.6562837824034005,1.6194215521138502,1.0626490203479655,0.1029461337379034,-0.38373539872413887,0.5898730571910693,0.0,0.0,0.0,0.0,0.0,0.0,1.0,0.0,Medium
-1.1276866988202014,1.5447909874785595,1.3448547181825572,0.26874168260493025,1.0313501697785938,-0.4030283065422089,0.6376283710993379,-0.18345200351725902,1.1806619312115296,0.0,0.0,0.0,0.0,0.0,0.0,1.0,0.0,Low
-0.6153021315055149,-0.17470697676847305,0.06843622325890096,-0.05970938830382515,0.23202984427436155,-1.4654504958752976,0.31417862257205037,0.5934048021336678,-0.2831398012340709,0.0,0.0,0.0,0.0,0.0,0.0,0.0,1.0,Medium
-1.1891728468979637,-0.17470697676847305,-1.0998112127729194,-0.13344330218130038,-1.2181656034261745,-0.3254792416273849,2.2086700068033043,0.37491382554434494,-0.5484303465744681,0.0,1.0,0.0,0.0,0.0,0.0,0.0,0.0,Medium
-1.1618456699745139,-0.2754834142335007,0.8184222315756258,-0.5490344531270722,-0.4359735706113184,0.24062893225083137,-0.4581401647277989,-1.6279201265244516,-1.329250036760745,0.0,0.0,0.0,1.0,0.0,0.0,0.0,0.0,Medium
1.7348350839111801,1.8786129365814632,0.010744991849922367,-0.2138802991385467,0.7630069176450299,-0.061812420916982774,0.46600197392159315,-0.5840187939310183,1.4628859156162082,0.0,0.0,0.0,1.0,0.0,0.0,0.0,0.0,Low
-1.482939998825051,-0.35736426967383544,0.3352581685254281,1.4283750554052284,-1.8404935711401837,-1.8376860074664527,-1.2700650436840504,0.035038973072063856,-1.7883343847256896,0.0,1.0,0.0,0.0,0.0,0.0,0.0,0.0,High
1.2224505165964936,-0.6911862187767395,1.0275529454331744,0.12127385484997882,0.6145617143371014,-0.18589092478070077,0.46600197392159315,-1.379083180964389,0.3678568561260543,0.0,0.0,0.0,1.0,0.0,0.0,0.0,0.0,Low
-0.45817086419567793,-0.5841112539701475,-0.3858822240868069,0.19500776872745407,2.4187418776180825,1.2255020566690955,-0.1412914314765785,-0.11062167798748487,0.8419931499259133,0.0,0.0,0.0,0.0,1.0,0.0,0.0,0.0,Medium
-0.29420780265497837,-0.9683214218055652,0.15497307037236938,0.29555401492401173,1.0827350478467226,0.3957270620804794,-0.6231655466294761,0.22925317448479576,0.12514422953803228,0.0,0.0,0.0,0.0,1.0,0.0,0.0,0.0,Medium
0.32748547235350844,0.2724884644825864,0.49390905490012005,0.02072760865342117,-1.5036371482491142,2.342208591442562,-0.2271046300654509,-2.5322300018524837,-0.5879417043911233,0.0,0.0,0.0,1.0,0.0,0.0,0.0,0.0,Medium
0.8193746569756066,-0.21249814081785848,1.359277526034802,-0.4015666253721208,0.7972635030237825,0.4655212205038204,0.0963451184618367,-0.28055910422362496,0.900319440036214,0.0,0.0,1.0,0.0,0.0,0.0,0.0,0.0,Low
-0.08242218149824072,0.7448780150999031,0.13333885859400252,-0.622768367004548,-0.3674603998538126,-0.2634399896955248,-0.7551858521508178,-0.11062167798748487,-0.46752613771179363,1.0,0.0,0.0,0.0,0.0,0.0,0.0,0.0,Medium
2.178901708917242,-0.42664807043104197,0.9410160983197059,-0.19377104989923535,1.630840413906768,0.4577663140123384,0.8950679668659537,-0.09848329039918896,1.920088770351786,0.0,0.0,0.0,0.0,1.0,0.0,0.0,0.0,Low
-0.5469841891968901,-0.9053361483899229,0.7679424040927691,0.42961567651942195,-0.1276643022025432,1.1246882722798246,-1.0720345854020377,-1.1605922043750656,-0.6688459132537976,0.0,0.0,0.0,1.0,0.0,0.0,0.0,0.0,Medium
-1.8245297103681752,1.456611604696661,-0.17675151022925834,-1.0986872656682543,-0.7614111317094703,-1.240558207622308,-1.1644487992669768,-0.6811258946373843,-1.8955794987994674,0.0,0.0,0.0,0.0,0.0,0.0,1.0,0.0,High
1.4410679319840936,0.001651788795325004,-0.010889219928444478,1.0127839044594564,-0.9384034894996928,1.1712177112287196,0.40659283643698996,1.5159222588441437,1.549434604166975,0.0,1.0,0.0,0.0,0.0,0.0,0.0,0.0,Low
0.6485798012040445,-0.8045597109248953,-3.0108332531953423,-1.44054450273655,-0.4816490177829887,-0.37200868057627884,-1.3756812881011238,0.7754806159581038,-2.0649138894422743,0.0,0.0,0.0,0.0,0.0,1.0,0.0,0.0,High
0.8603654223607822,0.3039811011904075,0.28477834104257144,-0.810454693238122,-0.1961774729600486,-0.09283204688291283,-0.022473156507370667,-0.32911265457680816,-0.02725672204049453,0.0,0.0,1.0,0.0,0.0,0.0,0.0,0.0,Medium
0.8262064512064697,0.20320466372538032,0.8112108276495038,-1.1456088472266475,-0.0991171477202492,-0.682204940235575,1.099699440424034,-0.9603088091681863,-0.004678803288122069,0.0,0.0,1.0,0.0,0.0,0.0,0.0,0.0,Medium
-0.08925397572910379,-0.7415744375092531,-0.3570366083823171,-0.26750496377671057,-0.1333737330990021,-0.3875184935592439,0.043536996253300195,0.6055431897219637,-0.4411852325006902,0.0,0.0,0.0,0.0,1.0,0.0,0.0,0.0,Medium
-1.626407677673163,0.7700721244661604,-1.8570086250157662,-1.0785780164289425,0.22061098248144378,-1.2328033011308257,0.8950679668659537,-0.9299628401974469,-1.5813701294955917,0.0,0.0,0.0,0.0,0.0,1.0,0.0,0.0,Medium
0.5734300646645576,-1.188769878760313,-1.6839349307888298,0.1145707717702087,1.4081726089448743,0.2949132776912073,-0.19409955368511547,-0.8510633208735244,-0.484459576776075,0.0,0.0,0.0,0.0,0.0,1.0,0.0,0.0,Medium
0.9423469531311321,-0.42034954308947764,-0.8546234792847597,0.04083685789273251,0.17493553530977352,-0.34098905461034884,-0.21390259951331655,-2.010279335555767,-0.9830552825576734,0.0,0.0,0.0,1.0,0.0,0.0,0.0,0.0,Medium
-0.73827442766104,0.24729435511633005,0.37131518815603987,0.32236634724309415,-0.9612412130855283,0.9618352359586946,-0.2733117369979202,2.3838169714072888,0.7949558191918004,0.0,1.0,0.0,0.0,0.0,0.0,0.0,0.0,Medium
-1.3599677026695258,-0.8612464569989732,-2.5132463822929,0.8988314921033577,-1.2124561725297156,0.10104061540414724,0.1557542559464399,-0.32911265457680816,-1.8353717154598026,0.0,0.0,0.0,0.0,0.0,1.0,0.0,0.0,High
0.11569985119677079,1.1038940735690639,-1.2945191187782226,-0.9981410194716966,1.2654368365334043,-0.3022145221529368,0.4527999433694588,-0.11669087178163282,0.22486337069434956,0.0,0.0,0.0,0.0,0.0,1.0,0.0,0.0,Medium
-0.8749103122782896,-0.798261183583331,0.8256336355017477,0.8116914120663412,0.2605769987566556,0.7059233217397755,1.3043309139821133,0.556989639368781,0.9567642369171492,0.0,0.0,0.0,0.0,0.0,0.0,1.0,0.0,Low
-0.6426293084289648,0.10872675360191697,-1.813740201459032,0.4564280088385044,0.0892940718628915,1.3883550929902266,0.617825325271136,-0.001376189692823002,0.06493644619836615,0.0,0.0,0.0,0.0,0.0,1.0,0.0,0.0,Medium
0.2455039415831584,0.4425487027048206,-2.0300823192427027,-0.7099084470415644,0.3290901695141609,-0.14711639232328877,-0.6759736688380126,-0.21379797248799834,-0.894625100777541,0.0,0.0,0.0,0.0,0.0,1.0,0.0,0.0,Medium
-0.5196570122734402,1.5951792062110732,-2.0084481074643357,-0.012787806745431382,0.14638838082747951,0.36470743611454937,0.26137050036351384,0.06538494204280319,0.04612151390472198,0.0,0.0,0.0,0.0,0.0,1.0,0.0,0.0,Medium
2.131079149301204,1.7085526983592298,1.1573582161033764,-1.0584687671896311,0.42615049475396033,-1.2328033011308257,-0.048877217611639386,-0.4322889490773216,0.9943941015044402,0.0,0.0,1.0,0.0,0.0,0.0,0.0,0.0,Medium
0.1566906165819463,0.6566986323180045,-0.4868418790525197,1.0731116521773916,-0.23614348923526035,1.0781588333309307,0.802653753001015,0.40525979451508426,1.1900693973583518,0.0,0.0,0.0,0.0,0.0,1.0,0.0,0.0,Low
0.08154088004245837,0.5559221948529764,0.039590607554412176,-0.7903454439988107,0.8771955355742059,-0.4650675584740679,-0.4713421952799328,1.4188151581377775,0.572939618126788,0.0,0.0,1.0,0.0,0.0,0.0,0.0,0.0,Low
-1.373631291131251,2.2187334130259315,-0.804143651801903,0.8318006613056526,-1.1325241399792925,0.015736643997841252,-0.6957767146662136,-0.09848329039918896,-0.3621625168673799,0.0,1.0,0.0,0.0,0.0,0.0,0.0,0.0,Medium
0.47778494543248234,2.2187334130259315,-0.6382813615010892,0.8854253259438174,-1.0811392619111628,-0.5503715298803739,1.3373359903624487,-0.6022263753134622,0.7253405697053148,0.0,1.0,0.0,0.0,0.0,0.0,0.0,0.0,Medium
1.3044320473668438,-0.11802023069439514,0.003533587923800427,0.060946107132043854,-0.8185054406740583,0.1087955218956303,0.5122090808540629,-0.7539562201671589,0.014136129005524767,0.0,1.0,0.0,0.0,0.0,0.0,0.0,0.0,Medium
-2.1046332738335374,0.8078632885155453,1.5323512202617389,-1.8829479860014038,0.6545277306123124,-0.821793257082258,-1.7519391588369475,-1.7857191651722961,-1.878646059735186,0.0,0.0,0.0,0.0,0.0,0.0,1.0,0.0,High
-1.6400712661348877,1.3180440031822478,-0.7031839968361902,0.43631875959919303,0.25486756786019665,0.7214331347227394,-1.567110731107069,-0.2562823290470336,-0.4825780835467095,1.0,0.0,0.0,0.0,0.0,0.0,0.0,0.0,Medium
-0.8270877526622521,-0.9305302577561798,-0.11184887489415779,-0.964625604072844,1.04847846246797,-0.015282981968088798,-0.8872061576721595,0.6783735152517383,-0.6330975418958721,1.0,0.0,0.0,0.0,0.0,0.0,0.0,0.0,Medium
0.10203626273504562,0.3354737378982286,0.7895766158711359,0.12127385484997882,0.6202711452335599,-1.0466855453352482,0.6640324322036057,-0.7843021891378982,0.3302269915387633,0.0,0.0,0.0,1.0,0.0,0.0,0.0,0.0,Low
-0.6562928968906899,-0.35736426967383544,0.5732344980874655,0.13468002100952003,-0.6472225137802943,-0.34098905461034884,0.4726029891976608,0.3263602751911613,-0.20035409914203098,0.0,1.0,0.0,0.0,0.0,0.0,0.0,0.0,Medium
0.10203626273504562,-0.6219024180195329,2.368874075691931,-0.42167587461143263,-1.4294145465951498,-1.1940287686734137,-0.7617868674268845,0.271737531043831,-0.6895423387768073,0.0,1.0,0.0,0.0,0.0,0.0,0.0,0.0,Medium
0.4436259742781699,-0.13691581271908762,0.8472678472801156,-0.8707824409560565,-1.452252270180985,-1.8609507269409002,0.802653753001015,1.6190985533446576,-0.1777761803896572,0.0,1.0,0.0,0.0,0.0,0.0,0.0,0.0,Medium
-0.5128252180425776,-1.528890355204781,-0.24165414556435988,0.8385037443854236,-1.4865088555597379,0.12430533487859532,-0.3459229050346583,0.9939715925474267,-0.8438247835846983,0.0,1.0,0.0,0.0,0.0,0.0,0.0,0.0,Medium
-0.9500600488177766,-0.02984084791249611,0.3208353606731832,1.0664085690976204,1.1112822023290165,0.2871583711997253,0.6376283710993379,0.7694114221639563,1.2107658228813614,0.0,0.0,0.0,0.0,0.0,0.0,1.0,0.0,Low
-1.1276866988202014,-0.4644392344804274,0.16939587822461427,0.5301619227159796,-0.6415130828838354,1.0781588333309307,0.34718369895238577,-1.197007367139953,-0.5973491705379453,0.0,0.0,0.0,1.0,0.0,0.0,0.0,0.0,Medium
0.07470908581159626,-1.188769878760313,-1.799317393606787,-1.4673568350556323,0.2491581369637378,-0.09283204688291283,0.4131938517130566,-0.820717351902785,-1.6152370076241531,0.0,0.0,0.0,0.0,0.0,1.0,0.0,0.0,Medium
-0.29420780265497837,0.29768257384884367,1.207838043586233,0.7245513320293248,-0.11053600951316656,0.43450159453789144,-0.728781791046549,0.5812664145453719,0.7102886238703989,1.0,0.0,0.0,0.0,0.0,0.0,0.0,0.0,Low
1.0243284839014812,-0.31327457828288613,0.8761134629846044,0.5368650057957507,-1.6178257661782904,0.16307986733600735,-0.5901604702491406,0.21104559310235235,-0.0347826949579538,0.0,1.0,0.0,0.0,0.0,0.0,0.0,0.0,Medium
-1.3941266738238383,-1.0690978592705929,-0.24165414556435988,-1.3534044226995334,0.1578072426203969,1.1557078982457547,-0.15449346202871286,0.4356057634858236,-0.9040325669243631,0.0,0.0,0.0,0.0,0.0,0.0,1.0,0.0,Medium
-1.052536962280714,0.42995164802169195,-0.42193924371741864,1.039596236778539,0.29483358413540806,0.5042957529612324,0.18875933232677533,-0.12276006557578034,0.3189380321625757,0.0,0.0,0.0,0.0,0.0,0.0,1.0,0.0,Low
0.3206536781226454,0.12132380828504559,0.5155432666784868,0.12797693792974896,-0.01918511516982606,1.6985513526495228,0.07654207263363562,-0.7600254139613064,0.6086879894847135,0.0,0.0,0.0,1.0,0.0,0.0,0.0,0.0,Low
0.6964023608200821,-0.5400215625791978,1.3881231417392919,0.9457530736617514,0.2605769987566556,-2.2486960515150205,-0.19409955368511547,0.10786929860183843,0.22110038423562126,0.0,0.0,0.0,0.0,0.0,0.0,0.0,1.0,Medium
0.7237295377435324,-2.0012799058220976,1.2366836592907218,1.3747503907670644,-0.27610950551047214,1.4736590643965326,-0.8211960049114887,0.28994511242627447,0.5409542332275907,0.0,0.0,0.0,0.0,1.0,0.0,0.0,0.0,Medium
1.482058697369268,-0.7226788554845606,0.6381371334225671,-0.3412388776541863,0.7401691940591945,0.6904135087568105,-0.3261198592064572,0.3506370503677531,0.862689575448923,0.0,0.0,0.0,0.0,1.0,0.0,0.0,0.0,Low
1.3317592242902931,0.001651788795325004,-0.1839629141553813,-0.6294714500843185,0.3062524459283258,0.03900136347228824,-0.6429685924576771,-2.0466944983206545,-0.7064757778410886,0.0,0.0,0.0,1.0,0.0,0.0,0.0,0.0,Medium
0.846701833899057,-0.11172170335283083,0.42900641956501845,0.22852318412630662,1.1626670803971462,-0.852812883048188,-0.06207924816377375,-0.7843021891378982,0.364093869667326,0.0,0.0,0.0,1.0,0.0,0.0,0.0,0.0,Low
-0.5538159834277526,1.418820440647275,-0.7464524203929244,-0.5691437023663836,0.5460485435795956,0.5353153789271624,0.7168405544121422,-0.037791352457710294,0.5240207941633094,0.0,0.0,0.0,0.0,0.0,1.0,0.0,0.0,Low
1.2976002531359807,-0.4959318711882485,-0.08300325918966797,1.287610310730048,-0.33320381447506014,0.5430702854186444,0.6904364933078745,-0.12276006557578034,0.9116083994124016,0.0,1.0,0.0,0.0,0.0,0.0,0.0,0.0,Low
0.9560105415928564,-0.9305302577561798,1.4674485849266372,-0.3345357945744157,-0.4930678795759064,0.11655042838711226,-0.49774625638420106,2.3838169714072888,0.9210158655592237,0.0,0.0,0.0,0.0,1.0,0.0,0.0,0.0,Medium
1.6870125242951426,-0.8423508749742807,0.28477834104257144,-1.2997797580613695,-1.0012072293607397,0.31042309067417234,-0.1280894009244446,1.6312369409329528,0.17218156027214537,0.0,0.0,1.0,0.0,0.0,0.0,0.0,0.0,Medium
-0.5538159834277526,-0.5463200899207621,-0.09021466311578992,-1.3198890073006808,0.14067894993102065,-1.2715778335882377,-0.6693726535619454,0.36884463175019655,-1.3104351044671008,0.0,0.0,1.0,0.0,0.0,0.0,0.0,0.0,Medium
-1.8313615045990377,0.8834456166143162,-1.6767235268627074,1.9244032033082465,0.5860145598548074,-1.6670780646538403,-0.11488737037231025,-1.5308130258180856,-1.0696039711084415,0.0,0.0,0.0,0.0,0.0,0.0,1.0,0.0,Medium
0.5802618588954197,-0.16840844942690875,-1.013274365659451,0.0006183594141098294,0.6716560233016895,1.2952962150924376,-0.550554378592738,0.4356057634858236,0.4487610649887301,0.0,0.0,0.0,0.0,0.0,1.0,0.0,0.0,Low
0.6759069781274949,0.06463706221096722,-0.9411603263982276,-1.0651718502694016,-1.343773083148268,1.0238744878905535,0.3801887753327212,-0.2926974918119209,-0.6443865012720583,0.0,1.0,0.0,0.0,0.0,0.0,0.0,0.0,Medium
0.4641213569707582,-1.3084418982500332,0.3929493999344067,0.6105989196732259,-0.9441129203961517,1.7373258851069349,-0.09508432454410917,-0.7114718636081236,-0.1589612480960117,0.0,0.0,0.0,0.0,1.0,0.0,0.0,0.0,Medium
0.3206536781226454,-1.0942919686368497,1.6116766634490842,-0.42167587461143263,0.991384153503382,-0.4805773714570324,0.6706334474796734,-0.20165958489970287,0.5033243686402997,0.0,0.0,0.0,0.0,1.0,0.0,0.0,0.0,Low
0.3206536781226454,-0.7793656015586385,-1.301730522704345,-0.1602556345003828,0.19777325889560865,-0.08507714039142976,-0.20730158423724937,0.6480275462809989,-0.4280147798951385,0.0,0.0,0.0,0.0,0.0,1.0,0.0,0.0,Medium
-0.499161629580853,-0.048736429937188595,-0.5589559183137431,2.0316525325845745,0.4661165110291721,0.44225650102937336,-0.6693726535619454,-0.5961571815193142,0.1966409722538833,1.0,0.0,0.0,0.0,0.0,0.0,0.0,0.0,Medium
-0.6699564853524151,-0.3825583790400922,2.368874075691931,1.099923984496473,-1.0982675546005396,-0.03854770144253578,-0.79479194380722,-0.1409676469582242,-0.015967762664306964,0.0,1.0,0.0,0.0,0.0,0.0,0.0,0.0,Medium
-1.066200550742439,0.1717120270175592,-0.6454927654272111,0.1614923533286015,0.40902220206458406,-0.37200868057627884,-2.4450457628239914,0.9879023987532791,-0.8889806210894472,1.0,0.0,0.0,0.0,0.0,0.0,0.0,0.0,Medium
0.026886526195558667,-0.44554365245573446,0.06122481933277902,-0.6160652839247773,-0.4816490177829887,-0.27894980267848984,-0.2271046300654509,-0.5354652435778355,-0.9247289924473727,0.0,1.0,0.0,0.0,0.0,0.0,0.0,0.0,Medium
-1.7835389449830001,0.29768257384884367,0.42900641956501845,2.4003221019719523,-2.0174859289304066,1.2797864021094727,-0.63636757718161,0.00469300410132452,-0.18906513976584477,0.0,1.0,0.0,0.0,0.0,0.0,0.0,0.0,Medium
1.3522546069828814,0.4488472300463853,-1.0204857695855736,1.6227644647185735,-0.8641808878457286,-0.9924011998948711,1.5947755861290653,-0.5233268559895397,0.5785840978148817,0.0,1.0,0.0,0.0,0.0,0.0,0.0,0.0,Medium
0.3548126492769578,0.039442952844710874,1.0275529454331744,0.007321442493879959,0.03219976289830348,0.03124645698080628,0.7300425849642765,-0.01351457728111891,0.7516814749164182,0.0,1.0,0.0,0.0,0.0,0.0,0.0,0.0,Low
0.5461028877411073,-1.3525315896409829,1.5611968359662276,0.4095064272801106,-0.4188452779219422,0.21736421277638326,0.7894517224488807,-0.6750567008432363,0.24932278267609018,0.0,0.0,0.0,0.0,1.0,0.0,0.0,0.0,Medium
0.10886805696590869,0.6000118862439262,-0.8329892675063922,-1.3399982565399922,-1.0583015383253278,0.12430533487859532,0.6772344627557401,1.1335630498128284,-0.19847260591266683,0.0,1.0,0.0,0.0,0.0,0.0,0.0,0.0,Medium
-1.291649760360901,-0.710081800801432,0.8400564433539927,-0.8707824409560565,-0.7499922699165525,-1.8531958204494179,-0.29311478282612174,-1.1363154291984743,-2.157107057681136,0.0,0.0,0.0,0.0,0.0,0.0,1.0,0.0,High
0.8330382454373318,0.6441015776348759,-0.4147278397912962,-3.8871698268527863,-0.8127960097775995,2.187110461612914,1.6541847236136686,1.182116600166011,0.4036052274839798,0.0,0.0,1.0,0.0,0.0,0.0,0.0,0.0,Medium
1.5162176685235804,-1.0439037499043355,-0.515687494757009,0.8921284090235875,2.2874249669995304,-0.2711948961870079,0.8290578141052829,0.26566833724968264,1.5343826583320592,0.0,0.0,0.0,0.0,1.0,0.0,0.0,0.0,Low
-0.3351985680401529,-1.0627993319290285,0.6237143255703221,-0.13344330218130038,-0.024894546066284533,1.0548941138564836,-0.7881909285311532,0.2474607558672392,-0.23045799081186405,0.0,0.0,0.0,0.0,1.0,0.0,0.0,0.0,Medium
-0.7314426334301773,0.6315045229517473,-0.8762576910631265,0.8921284090235875,1.0142218770892175,0.6749036957738455,0.05013801152936691,-0.9967239719330735,0.2662562217403715,0.0,0.0,0.0,1.0,0.0,0.0,0.0,0.0,Medium
-0.2532170372698029,-0.004646738546238861,-0.739241016466802,-0.2004741329790055,-0.07627942413441408,-2.458078526785045,0.7564466460685453,-1.9981409479674712,-1.6810892706519116,0.0,0.0,0.0,1.0,0.0,0.0,0.0,0.0,Medium
0.5461028877411073,-1.132083132686235,0.1766072821507362,0.02072760865342117,0.2777052914460318,-0.4340479325081379,2.2614781290118406,0.47202092625071046,0.8024817921092596,0.0,0.0,0.0,0.0,1.0,0.0,0.0,0.0,Low
1.7006761127568677,-0.6219024180195329,-0.42915064764354055,0.05424302405227372,0.2777052914460318,0.44225650102937336,-0.9664183409849643,0.6965810966341817,0.4073682139427108,1.0,0.0,0.0,0.0,0.0,0.0,0.0,0.0,Medium
2.178901708917242,1.2487602024250408,-0.7320296125406794,0.05424302405227372,0.17493553530977352,-0.2634399896955248,-0.728781791046549,0.5327128641921891,0.9360678113941395,1.0,0.0,0.0,0.0,0.0,0.0,0.0,0.0,Low
0.21134497042884598,-0.710081800801432,-0.5589559183137431,-1.3399982565399922,1.4253009016342506,0.9773450489416596,-0.3459229050346583,0.17463043033746506,-0.015967762664306964,0.0,0.0,1.0,0.0,0.0,0.0,0.0,0.0,Medium
-0.46500265842654054,0.4677428120710778,-0.9916401538810842,0.05424302405227372,-0.04773226965212007,-0.05405751442550081,1.7333969069264739,-1.3062528554346144,-0.21540604497694818,0.0,0.0,0.0,1.0,0.0,0.0,0.0,0.0,Medium
-0.2737124199623911,-1.6296667926698085,-0.6166471497227218,0.6240050858327671,0.17493553530977352,-0.3797635870677608,1.8258111207914134,0.4356057634858236,0.09127735140946958,0.0,0.0,0.0,0.0,1.0,0.0,0.0,0.0,Medium
-0.007272444958753764,0.32917521055666477,0.1982414939291041,-1.5209814996937963,1.4138820398413336,0.3491976231315843,0.4329968975412577,-1.2273533361106923,0.017899115464253067,0.0,0.0,1.0,0.0,0.0,0.0,0.0,0.0,Medium
-0.1439083295760035,1.488104241404482,1.1285126003988866,0.42961567651942195,-1.4294145465951498,1.3495805605328146,-2.2272122587137777,0.3991906007209359,0.20604843840070539,1.0,0.0,0.0,0.0,0.0,0.0,0.0,0.0,Medium
-1.2301636122831388,0.6000118862439262,-0.8762576910631265,-1.8628387367620924,0.46040708013271364,-1.9540096048386888,-0.29971579810218846,0.8968644918410611,-1.3010276383202775,0.0,0.0,1.0,0.0,0.0,0.0,0.0,0.0,Medium
-0.17123550649945382,0.007950316136889764,-0.11184887489415779,0.7446605812686361,-0.1619208875812961,0.13981514786155924,0.4792040044737275,0.8604493290761743,0.6481993473013673,0.0,1.0,0.0,0.0,0.0,0.0,0.0,0.0,Low
0.9081879819768197,-1.3021433709084689,0.8689020590584824,-1.413732170417468,0.9000332591600415,0.24062893225083137,-0.5241503174884697,0.22925317448479576,-0.04042717464604758,0.0,0.0,1.0,0.0,0.0,0.0,0.0,0.0,Medium
0.47778494543248234,1.6896571163345364,1.5179284124094938,0.5904896704339145,0.9285804136423356,0.0467562699637713,0.2745725309156482,1.6919288788744313,2.6482266501158573,1.0,0.0,0.0,0.0,0.0,0.0,0.0,0.0,Low
1.5025540800618553,0.39216048397230696,-1.5469182561925048,-0.9042978563549091,0.48895423461500764,-0.4805773714570324,1.291128883429979,0.13821526757257777,0.4111312004014391,0.0,0.0,0.0,0.0,0.0,1.0,0.0,0.0,Medium
-0.6699564853524151,-0.5967083086532762,1.3015862946258234,-0.46189437309005577,-0.5615810503334122,0.2794034647082434,1.7465989374786082,-0.735748638784715,-0.0009158168293910974,0.0,0.0,0.0,1.0,0.0,0.0,0.0,0.0,Medium
-1.7767071507521375,0.08983117157722448,0.8184222315756258,0.8116914120663412,0.5574674053725134,0.4577663140123384,-3.0457381529460963,-0.34125104216510366,-0.8758101684838955,1.0,0.0,0.0,0.0,0.0,0.0,0.0,0.0,Medium
-0.6904518680450024,-0.11172170335283083,-0.789720843949658,1.287610310730048,-1.0583015383253278,-0.5503715298803739,0.5650172030625994,0.6055431897219637,-0.2530359095642378,0.0,1.0,0.0,0.0,0.0,0.0,0.0,0.0,Medium
-0.00044065072789166643,0.03314442550314612,0.6092915177180772,-0.5825498685259247,-1.2410033270120095,0.8455116385864585,0.2943755767438493,-0.274489910429477,-0.24927292310550955,0.0,1.0,0.0,0.0,0.0,0.0,0.0,0.0,Medium
0.532439299279383,-0.21249814081785848,0.9626503100980728,0.08105535637135615,0.5289202508902194,0.6981684152482924,-0.1346904162005113,-1.5186746382297898,0.2399153165292681,0.0,0.0,0.0,1.0,0.0,0.0,0.0,0.0,Medium
-0.21905806611549045,1.8282247178489495,0.10449324288951271,0.4765372580778157,0.6031428525441836,1.4193747189561556,-1.3096711353404529,0.00469300410132452,1.0226164999449092,1.0,0.0,0.0,0.0,0.0,0.0,0.0,0.0,Low
1.1063100146718312,-0.42034954308947764,-0.6599155732794559,-0.4015666253721208,0.4147316329610434,0.15532496084452427,-0.2205036147893837,-0.3169742669885123,-0.11568690382062691,0.0,0.0,0.0,0.0,0.0,1.0,0.0,0.0,Medium
-0.2873760084241158,-0.25658783220880776,1.373700333887047,-1.2528581765029758,0.09500350275934998,2.187110461612914,-0.7749888979790188,0.9575564297825399,0.610569482714079,0.0,0.0,1.0,0.0,0.0,0.0,0.0,0.0,Medium
-0.62896571996724,-1.5729800465957307,0.010744991849922367,-0.622768367004548,0.6259805761300183,1.4891688773794978,0.6442293863754046,0.3384986627794572,0.051765993592815765,0.0,0.0,0.0,0.0,1.0,0.0,0.0,0.0,Medium
0.20451317619798293,0.02684589816158225,-0.6310699575749666,-0.16695871758015293,-0.1676303184777546,0.1087955218956303,-1.4812975325181972,0.21104559310235235,-0.6669644200244335,1.0,0.0,0.0,0.0,0.0,0.0,0.0,0.0,Medium
-0.9773872257412269,-0.18100550411003735,-0.595012937944355,-0.13344330218130038,-2.582719587679828,-0.19364583127218382,-1.3954843339293248,-0.5961571815193142,-2.49577583896675,0.0,1.0,0.0,0.0,0.0,0.0,0.0,0.0,High
-2.459886573838386,0.36696637460604975,-0.5373217065353758,-0.8975947732751389,-0.4416830015077773,-2.0160488567705483,-1.6925300213523438,-0.36552781734169504,-2.738488465554773,0.0,0.0,0.0,0.0,0.0,0.0,1.0,0.0,High
0.07470908581159626,-1.2454566248343908,-0.018100623854566417,0.8183944951461123,1.7678667554217786,-1.3879014309604736,0.043536996253300195,-1.3730139871702411,-0.36780699655547366,0.0,0.0,0.0,1.0,0.0,0.0,0.0,0.0,Medium
-0.1370765353451414,0.5244295581451554,1.6837907027103078,-0.0932248037026777,-0.39029812343964815,-0.5969009688292685,1.376942082018851,-0.7600254139613064,0.5202578077045811,0.0,0.0,0.0,1.0,0.0,0.0,0.0,0.0,Medium
-0.9227328718943268,0.41735459333856423,0.7390967883882803,-0.5088159546484491,0.5460485435795956,1.0626490203479655,-1.098438646506306,-0.39587378631243436,-0.09687197152698275,1.0,0.0,0.0,0.0,0.0,0.0,0.0,0.0,Medium
-1.5580897353645382,-0.8738435116821018,0.054013415406657085,0.9792684890606039,1.7050630155607323,-1.6515682516708752,-0.7551858521508178,-2.1680783742036116,-1.4082727523940552,0.0,0.0,0.0,1.0,0.0,0.0,0.0,0.0,High
-0.5469841891968901,1.3117454758406832,-0.6959725929100677,1.6830922124365075,-1.71488609141809,-0.914852134980047,1.1261035015283019,0.2595991434555351,0.18347051964833025,0.0,1.0,0.0,0.0,0.0,0.0,0.0,0.0,Medium
-1.9475020065236996,0.7259824330752106,0.003533587923800427,-0.9042978563549091,0.9856747226069236,0.16307986733600735,0.2019613628789097,1.1092862746362364,0.2417968097586309,0.0,0.0,0.0,0.0,0.0,0.0,1.0,0.0,Medium
-0.014104239189615862,-0.7730670742170742,0.5804459020135885,-1.1322026810671069,0.5232108199937601,0.9850999554331415,-1.0786356006781048,-1.4458443127000156,-0.9322549653648307,0.0,0.0,0.0,1.0,0.0,0.0,0.0,0.0,Medium
-0.6084703372746524,-1.2265610428096985,0.9193818865413391,-0.9042978563549091,1.5223612268740505,-0.10058695337439479,0.8488608599334839,0.5084360890155973,0.4111312004014391,0.0,0.0,0.0,0.0,1.0,0.0,0.0,0.0,Medium
-0.38985292188705306,1.5007012960876098,-0.10463747096803483,1.6361706308781139,-1.6520823515570433,-1.9229899788727594,-0.16769549258084676,0.22318398069064826,-0.27185084185788333,0.0,1.0,0.0,0.0,0.0,0.0,0.0,0.0,Medium
0.6622433896657697,-1.2202625154681341,-0.3642480123084395,-0.47530053924959653,2.4187418776180825,0.7989821996375635,-1.1710498145430441,-0.7782329953437502,0.006610156088065498,1.0,0.0,0.0,0.0,0.0,0.0,0.0,0.0,Medium
0.8671972165916443,1.456611604696661,1.784750357676021,0.9189407413426699,-0.29323779819984835,-0.7519990986589165,1.1525075626325705,-0.46870411184220895,1.6265758265709198,0.0,0.0,0.0,1.0,0.0,0.0,0.0,0.0,Low
-0.7177790449684522,0.7889677064908528,0.3208353606731832,-0.2876142130160224,-0.20188690385650748,-0.5581264363718564,1.1855126390129058,-0.6204339566959056,-0.019730749123037933,0.0,0.0,0.0,0.0,0.0,0.0,1.0,0.0,Medium
-0.7109472507375897,-0.14321434006065195,-0.4147278397912962,-0.6897991978022531,-0.6300942210909176,-1.2560680206052726,1.1129014709761673,-1.476190281670755,-1.4910584544860939,0.0,0.0,0.0,1.0,0.0,0.0,0.0,0.0,Medium
1.0311602781323443,1.1290881829353212,-0.32819099267782775,0.10786768869043761,-2.091708530584371,-0.9458717609459766,-0.6033625008012745,0.8907952980469136,-0.3113621996745385,0.0,1.0,0.0,0.0,0.0,0.0,0.0,0.0,Medium
-0.7792651930462144,-2.385490073657515,0.5660230941613436,0.4162095103598817,1.2540179747404865,0.4034819685719614,1.1393055320804362,-1.5429514134063815,-0.3809774491610254,0.0,0.0,0.0,0.0,1.0,0.0,0.0,0.0,Medium
0.026886526195558667,-0.8612464569989732,-0.8185664596541479,1.6227644647185735,-0.5444527576440356,1.0161195813990715,-0.477943210556,-0.4747733056363569,-0.2812583080047054,0.0,0.0,0.0,0.0,0.0,1.0,0.0,0.0,Medium
-0.7860969872770771,0.7322809604167754,0.16218447429849234,-1.1657180964659595,-1.6406634897641257,-1.1785189556904485,-0.854201081291824,-2.3501541880280477,-2.6011394598111637,0.0,0.0,0.0,1.0,0.0,0.0,0.0,0.0,High
-1.0320415795881266,1.0220132181287291,-0.6454927654272111,-0.032897055984742726,1.8249610643863667,-0.8450579765567056,0.1491532406703732,0.8058265849288432,0.6651327863656487,0.0,0.0,0.0,0.0,0.0,0.0,1.0,0.0,Medium
0.10886805696590869,-1.2328595701512624,1.4818713927788822,-1.266264342662517,1.4367197634271685,-0.08507714039142976,0.2481684698113795,-0.5233268559895397,0.06681793942773163,0.0,0.0,0.0,0.0,1.0,0.0,0.0,0.0,Medium
0.6759069781274949,1.0157146907871655,0.5876573059397103,0.1816016025679138,1.2368896820511104,0.3336878101486193,0.7102395391360755,1.12749385601868,2.1684458766279042,0.0,0.0,1.0,0.0,0.0,0.0,0.0,0.0,Low
-0.5948067488129276,-0.36996132435696405,-0.869046287137004,-0.2004741329790055,-1.3780296685270208,-0.5115969974229619,-1.4482924561378618,0.6723043214575899,-1.675444790963818,0.0,1.0,0.0,0.0,0.0,0.0,0.0,0.0,Medium
-1.0593687565115766,0.4362501753632567,-0.16954010630313637,-0.9445163548335322,-2.337214059132099,-2.0160488567705483,0.2745725309156482,-0.2441439414587377,-2.1589885509105002,0.0,1.0,0.0,0.0,0.0,0.0,0.0,0.0,High
0.7715520973595701,0.2661899371410225,1.1573582161033764,-0.622768367004548,-0.1276643022025432,0.5585800984016094,-0.12148838564837743,-0.2198671662821463,0.5127318347871218,0.0,0.0,1.0,0.0,0.0,0.0,0.0,0.0,Low
-3.006430112307385,-1.0942919686368497,-0.869046287137004,-0.3412388776541863,-0.6015470666086236,-2.039313576244995,-0.8806051423960923,0.13214607377842982,-2.9755566124547026,0.0,0.0,0.0,0.0,0.0,0.0,1.0,0.0,High
0.42996238581644575,1.8282247178489495,0.7102511726837906,0.8854253259438174,0.39189390937520785,-0.9303619479630121,-1.0588325548499034,0.9514872359883924,1.2446327010099214,1.0,0.0,0.0,0.0,0.0,0.0,0.0,0.0,Low
1.4274043435223682,1.0535058548365503,0.9987073297286845,-0.2809111299362518,0.009362039312467952,-0.620165688303716,-1.2106559061994466,-2.331946606645604,-0.4073183543721288,0.0,0.0,0.0,1.0,0.0,0.0,0.0,0.0,Medium
-0.6016385430437903,-0.26918488689193637,-0.595012937944355,-0.11333405294198903,2.0190817148659663,-0.8062834440992935,1.013886241835161,1.4491611271085167,0.9680531962933367,0.0,0.0,0.0,0.0,0.0,1.0,0.0,0.0,Medium
-0.4513390699648154,1.072401436861243,-0.27771116519497163,1.1468455660548666,0.3405090313070787,0.6904135087568105,0.36698674478058685,-0.2623515228411815,0.9360678113941395,0.0,0.0,0.0,0.0,0.0,0.0,1.0,0.0,Low
-3.327524441157922,0.2913840465072798,0.5876573059397103,1.2071733137728018,0.8372295192989943,1.6752866331750758,-0.10168533982017589,-1.6825428706717824,-0.2567988960229675,0.0,0.0,0.0,0.0,0.0,0.0,1.0,0.0,Medium
1.2019551339039065,0.5370266128282839,0.21987570570747092,-2.177883641511306,1.8763459424544964,-0.6744500337440924,-0.49774625638420106,-0.7903713829320457,0.006610156088065498,0.0,0.0,1.0,0.0,0.0,0.0,0.0,0.0,Medium
-0.16440371226859074,-0.653395054727354,0.2487213214119597,2.0450586987441155,1.830670495282826,0.023491550489323214,-0.19409955368511547,1.2003241815484544,1.6547982250113888,0.0,0.0,0.0,0.0,1.0,0.0,0.0,0.0,Low
-2.2139419815273365,-0.3006775235997575,1.9578240519029568,1.7032014616758189,0.5917239907512659,0.38021724909751436,-0.08848330926804153,1.218531762930898,1.1618469989178828,0.0,0.0,0.0,0.0,0.0,0.0,1.0,0.0,Low
-0.24638524303894077,1.1101926009106287,-0.09021466311578992,2.0986833633822792,0.04932805558767973,-0.20915564425514885,-0.029074171783438317,0.04110816686621181,1.000038581192534,0.0,0.0,0.0,0.0,0.0,0.0,1.0,0.0,Low
0.614420830049732,-0.3951554337232208,1.3376433142564352,0.9926746552201452,-0.49877731047236534,-0.37200868057627884,2.2614781290118406,-0.274489910429477,1.2295807551750055,0.0,1.0,0.0,0.0,0.0,0.0,0.0,0.0,Low
0.20451317619798293,0.10872675360191697,-1.0781770009945522,0.6307081689125372,1.2711462674298637,0.11655042838711226,0.6706334474796734,-0.7843021891378982,0.4751019701998335,0.0,0.0,0.0,0.0,0.0,1.0,0.0,0.0,Low
-0.1917308891920411,-0.7604700195339456,-0.4147278397912962,0.8452068274651937,1.2425991129475695,-0.837303070065223,-0.8608020965678908,-0.8085789643144896,-0.5503118398038322,1.0,0.0,0.0,0.0,0.0,0.0,0.0,0.0,Medium
1.1404689858261436,0.001651788795325004,2.368874075691931,0.14808618716906125,0.7002031777839834,-1.108724797267107,0.5122090808540629,-0.9117552588150031,1.000038581192534,0.0,0.0,0.0,1.0,0.0,0.0,0.0,0.0,Low
0.27966291273747085,-0.5526186172623264,-1.2656735030737334,-1.085281099508713,0.12355065724164399,-0.5658813428633389,0.9610781196266246,-1.3123220492287624,-1.1900195377877711,0.0,0.0,0.0,1.0,0.0,0.0,0.0,0.0,Medium
-0.854414929585702,-0.8738435116821018,-0.32097958875170535,1.4752966369636222,0.17493553530977352,0.38797215558899634,1.4297502042273882,-1.3365988244053537,-0.02725672204049453,0.0,0.0,0.0,1.0,0.0,0.0,0.0,0.0,Medium
0.368476237738683,-0.2943789962581932,0.27035553319032757,0.14138310408929017,-0.5901282048157063,-0.9070972284885646,-0.4581401647277989,-0.18345200351725902,-0.5973491705379453,0.0,1.0,0.0,0.0,0.0,0.0,0.0,0.0,Medium
-1.414622056516426,-0.2943789962581932,1.35206612210868,-1.413732170417468,0.40902220206458406,0.45001140752085533,-1.0390295090217023,0.21711478689649988,-0.6330975418958721,0.0,0.0,0.0,0.0,0.0,0.0,1.0,0.0,Medium
0.4436259742781699,-0.13061728537752332,-0.49405328297864215,-0.46189437309005577,2.1503986254845184,0.2716485582167603,1.1987146695650404,-1.967794978996732,0.4130126936308019,0.0,0.0,0.0,1.0,0.0,0.0,0.0,0.0,Medium
0.5597664762028324,-0.9683214218055652,1.1213011964727646,0.737957498188866,-0.3274943835786013,-1.3956563374519562,-1.5935147922113375,0.20497639930820397,-0.5917046908498529,1.0,0.0,0.0,0.0,0.0,0.0,0.0,0.0,Medium
0.5734300646645576,-0.7478729648508174,0.15497307037236938,1.1200332337357852,1.1912142348794401,1.8071200435302757,0.888466951589887,0.46595173245656296,1.8975108515994108,0.0,0.0,0.0,0.0,1.0,0.0,0.0,0.0,Low
-0.7451062218919021,-0.6219024180195329,0.7535195962405242,0.617302002752997,1.33395000729091,-0.7132245662015044,0.7366436002403443,-1.0756234912569957,0.15336662797849854,0.0,0.0,0.0,1.0,0.0,0.0,0.0,0.0,Medium
1.9534524992987798,-0.7163803281429962,-1.3666331580394462,0.007321442493879959,0.5574674053725134,1.2642765891265075,-0.1874985384090483,-0.15310603454651966,0.4487610649887301,0.0,0.0,0.0,0.0,0.0,1.0,0.0,0.0,Medium
-0.08925397572910379,-0.19990108613472984,-0.3570366083823171,-1.507575333534255,0.3462184622035376,-0.34874396110183187,0.5716182183386671,-0.1409676469582242,-0.5653637856387494,0.0,0.0,1.0,0.0,0.0,0.0,0.0,0.0,Medium
-0.26004883150066593,-0.5904097813117118,0.11891605074175762,-0.06641247138359528,0.3576373239964549,-0.8450579765567056,0.3207796378481171,0.06538494204280319,-0.2643248689404254,0.0,0.0,0.0,0.0,1.0,0.0,0.0,0.0,Medium
0.5734300646645576,-1.5036962458385241,2.368874075691931,-0.2004741329790055,0.02078090110538572,-0.24793017671256087,-0.8211960049114887,-0.6871950884315322,-0.2869027876927992,0.0,0.0,0.0,0.0,1.0,0.0,0.0,0.0,Medium
0.4982803281250706,0.9779235267377795,0.3136239567470613,-0.3010203791755631,0.2777052914460318,-1.093214984284142,-0.5307513327645365,0.37491382554434494,0.2719007014284626,1.0,0.0,0.0,0.0,0.0,0.0,0.0,0.0,Medium
-0.8749103122782896,0.6629971596595684,-0.16954010630313637,-1.6416369951296652,0.03790919379476196,-0.21691055074663082,-0.6429685924576771,0.38705221313264,-0.8137208919148665,0.0,0.0,1.0,0.0,0.0,0.0,0.0,0.0,Medium
-0.5196570122734402,1.6455674249435877,-0.3065567808994609,0.7245513320293248,0.3062524459283258,0.6051095373505034,0.5848202488908005,1.0546635304889054,1.5155677260384124,0.0,0.0,0.0,0.0,0.0,0.0,1.0,0.0,Low
0.6280844185114572,-1.7934285035504784,2.0227266872380585,1.0664085690976204,-0.8242148715705168,-0.37200868057627884,0.003930904596897114,-1.209145754728249,-0.3395845981150061,0.0,0.0,0.0,0.0,1.0,0.0,0.0,0.0,Medium
-0.7314426334301773,-0.9998140585133863,-0.47241907120027476,1.0194869875392276,-0.24185292013171925,-0.5969009688292685,-0.09508432454410917,1.0546635304889054,-0.32641414550945436,0.0,0.0,0.0,0.0,1.0,0.0,0.0,0.0,Medium
-0.26688062573152804,0.15911497233443056,-0.1623287023770134,-0.23398954837785804,-0.9041469041209403,-1.7291173165856992,-0.08188229399197482,-0.8632017084618203,-1.4270876846877008,0.0,1.0,0.0,0.0,0.0,0.0,0.0,0.0,Medium
1.5435448454470309,1.2298646204003485,-0.2560769534166043,0.9323469075022102,0.4661165110291721,0.5430702854186444,0.9016689821420214,-0.36552781734169504,1.7714508052319902,0.0,0.0,0.0,1.0,0.0,0.0,0.0,0.0,Low
-0.7451062218919021,-2.0012799058220976,0.7751538080188921,-1.594715413571272,-0.3103660908892246,-1.2948425530626846,0.12274917956610448,1.321708057431412,-1.274686733109174,0.0,0.0,0.0,0.0,1.0,0.0,0.0,0.0,Medium
1.167796162749594,0.2598914097994587,0.4578520352695083,0.5435680888755208,0.11213179544872663,1.0393843008735186,0.6904364933078745,2.177464382406261,2.290742936536597,0.0,1.0,0.0,0.0,0.0,0.0,0.0,0.0,Low
-1.0252097853572641,1.9227026279724129,-0.08300325918966797,-0.06641247138359528,-0.5101961722652827,-0.4418028389996209,-0.10828635509624354,0.26566833724968264,0.03483255452853442,0.0,0.0,0.0,0.0,0.0,0.0,1.0,0.0,Medium
0.32748547235350844,0.42995164802169195,-1.2079822716647546,1.5557336339208685,0.7744257794379477,1.3030511215839196,-0.21390259951331655,0.10786929860183843,1.1054022020369476,0.0,0.0,0.0,0.0,0.0,1.0,0.0,0.0,Low
0.4982803281250706,0.6944897963673895,-0.39309362801292885,1.1803609814537193,-0.5044867413688242,-0.1393614858318068,0.3207796378481171,2.092495669288191,1.3913891729003545,0.0,1.0,0.0,0.0,0.0,0.0,0.0,0.0,Low
2.178901708917242,-0.08652759398657402,0.3929493999344067,-1.0115471856312372,-1.0411732456359515,-0.5503715298803739,0.6376283710993379,0.4234673758975277,0.28695264726338116,0.0,1.0,0.0,0.0,0.0,0.0,0.0,0.0,Medium
-0.6153021315055149,-0.28808046891662886,1.943401244050712,-0.0932248037026777,-0.7214451154342585,1.7605906045813817,-1.1974538756473123,1.036455949106462,0.49391690249347764,1.0,0.0,0.0,0.0,0.0,0.0,0.0,0.0,Medium
-0.39668471611791567,-0.20619961347629417,-0.22723133771211498,2.004840200265492,-0.5044867413688242,1.2875413086009557,0.6640324322036057,-1.8767570720845141,0.10821079047375093,0.0,0.0,0.0,1.0,0.0,0.0,0.0,0.0,Medium
-2.1456240392187116,2.2187334130259315,0.21987570570747092,1.0731116521773916,0.5232108199937601,0.1087955218956303,-0.7683878827029517,-0.729679444990567,0.23050785038244334,0.0,0.0,0.0,0.0,0.0,0.0,1.0,0.0,Medium
0.47095315120162023,-0.25658783220880776,2.123686342203771,-0.3345357945744157,0.7801352103344061,-0.04630260793401775,0.08974410318576904,-0.5900879877251662,0.7516814749164182,0.0,0.0,0.0,1.0,0.0,0.0,0.0,0.0,Low
0.6349162127423204,-0.02984084791249611,-1.6478779111582182,0.2486324333656189,-1.252422188804927,0.4034819685719614,-1.1248427076105743,1.1881857939601586,-0.5766527450149357,0.0,0.0,0.0,0.0,0.0,1.0,0.0,0.0,Medium
-0.3215349795784282,0.5433251401698487,-1.0998112127729194,-0.2205833822183173,-1.2295844652190917,0.31042309067417234,1.6409826930615343,0.6116123835161112,0.06493644619836615,0.0,1.0,0.0,0.0,0.0,0.0,0.0,0.0,Medium
1.8099848204506672,-0.06763201196188108,1.5828310477445944,-0.9042978563549091,0.13496951903456175,0.00022683101487622702,-0.8608020965678908,-1.1605922043750656,0.09692183109756336,0.0,0.0,0.0,1.0,0.0,0.0,0.0,0.0,Medium
0.08837267427332143,1.0786999642028077,-0.13348308667252462,1.2071733137728018,-0.2989472290963073,-1.8531958204494179,-0.9994234173652997,0.37491382554434494,-0.08370151892143236,0.0,0.0,0.0,0.0,0.0,0.0,0.0,1.0,Medium
0.48461673966334545,-0.9305302577561798,-0.09742606704191288,-0.2272864652980879,1.6080026903209323,0.4577663140123384,-0.8476000660157569,-0.1773828097231115,0.13831468214358267,1.0,0.0,0.0,0.0,0.0,0.0,0.0,0.0,Medium
0.061045497349871095,-0.7667685468755099,0.12612745466788058,0.1614923533286015,-1.0982675546005396,-0.1393614858318068,-0.6297665619055428,-0.9603088091681863,-1.2577532940448939,0.0,1.0,0.0,0.0,0.0,0.0,0.0,0.0,Medium
0.7032341550509452,-1.415516863056625,2.1453205539821387,-0.4685974561698259,0.7401691940591945,-1.3413719920115792,0.1029461337379034,0.46595173245656296,0.364093869667326,0.0,0.0,0.0,0.0,1.0,0.0,0.0,0.0,Medium
-0.7587698103536272,0.17801055435912305,1.6837907027103078,0.17489851948814272,1.8763459424544964,-0.24017527022107782,-0.5967614855252074,-0.553672824960279,0.6877107051180238,0.0,0.0,0.0,0.0,0.0,0.0,1.0,0.0,Medium
-0.12341294688341622,0.6818927416842608,0.6958283648315456,0.9055345751831287,-0.6358036519873765,0.10104061540414724,0.9148710126941548,0.1564228489550212,0.9116083994124016,0.0,1.0,0.0,0.0,0.0,0.0,0.0,0.0,Low
-0.5196570122734402,2.2187334130259315,0.16939587822461427,0.0006183594141098294,-0.6072564975050825,0.3957270620804794,-1.7585401741130147,-0.14703684075237217,-0.10816093090317032,1.0,0.0,0.0,0.0,0.0,0.0,0.0,0.0,Medium
0.6759069781274949,-1.113187550661542,-0.40030503193905126,1.3613442246075234,-0.37316983075027155,-1.4576955893838153,-0.6231655466294761,-0.07420651522259758,-0.6820163658593493,0.0,0.0,0.0,0.0,1.0,0.0,0.0,0.0,Medium
-0.4308436872722281,-0.0991246486697022,2.368874075691931,-1.1187965149075656,0.14067894993102065,-0.10058695337439479,-1.8245503268736856,-1.2273533361106923,-0.9040325669243631,1.0,0.0,0.0,0.0,0.0,0.0,0.0,0.0,Medium
1.3044320473668438,-0.4833348165051199,-0.8329892675063922,1.160251732214408,0.38618447847874937,0.2328740257593483,-0.24690767589365198,0.9939715925474267,0.9304233317060457,0.0,0.0,0.0,0.0,0.0,1.0,0.0,0.0,Low
0.22500855889057114,0.9653264720546509,-0.9988515578072067,1.287610310730048,-1.0468826765324104,-2.1401273606342666,-0.7485848368747506,-1.7189580334366696,-1.4496656034400746,0.0,0.0,0.0,1.0,0.0,0.0,0.0,0.0,High
-0.9090692834326021,0.014248843478453628,2.051572302942547,1.3077195599693594,0.14067894993102065,0.8144920126205285,-1.1446457534387757,-0.3776662049299909,0.5710581248974225,1.0,0.0,0.0,0.0,0.0,0.0,0.0,0.0,Medium
-1.0252097853572641,-0.3447672149907072,0.5299660745307317,1.4283750554052284,-1.7320143841074664,0.22511911926786635,0.7366436002403443,1.9650425996110854,0.5710581248974225,0.0,1.0,0.0,0.0,0.0,0.0,0.0,0.0,Medium
-0.9090692834326021,0.41735459333856423,1.1789924278817432,-1.5477938320128781,-0.1676303184777546,-1.4964701218412273,-0.2799127522739874,-0.6629183132549409,-1.195664017475865,0.0,0.0,1.0,0.0,0.0,0.0,0.0,0.0,Medium
-1.0730323449733017,1.0849984915443716,-1.9002770485725005,2.2193388588181486,0.8315200884025358,1.2177471501776136,0.8422598446574172,-0.13489845316407625,1.1543210260004262,0.0,0.0,0.0,0.0,0.0,1.0,0.0,0.0,Medium
-0.38985292188705306,-1.8753093589908132,1.2006266396601102,0.1816016025679138,-1.7263049532110077,-1.5817740932475337,-0.029074171783438317,-2.6475446839412933,-2.6067839394992576,0.0,0.0,0.0,1.0,0.0,0.0,0.0,0.0,High
-1.8586886815224877,-0.6030068359948401,-0.09742606704191288,1.093220901416703,-1.3551919449411856,0.32593290365713734,-2.075388907364235,-0.6082955691076097,-1.9482613092216743,1.0,0.0,0.0,0.0,0.0,0.0,0.0,0.0,High
-0.6221339257363775,-0.6659921094104823,-0.292133973047216,-1.3802167550186155,1.4938140723917563,-0.2246654572381128,2.2614781290118406,-2.0831096610855417,-0.4976300293816267,0.0,0.0,0.0,1.0,0.0,0.0,0.0,0.0,Medium
1.167796162749594,-0.21249814081785848,0.9049590786890942,-1.2528581765029758,-0.5387433267475767,0.17858968031897127,-0.29311478282612174,-1.118107847816031,-0.5277339210514584,0.0,0.0,0.0,1.0,0.0,0.0,0.0,0.0,Medium
1.2634412819816683,-0.8360523476327164,-1.1863480598863874,1.093220901416703,-0.09340771682379032,-0.759754005150399,0.056739026805433614,-1.2637684988755795,-0.6199270892903204,0.0,0.0,0.0,1.0,0.0,0.0,0.0,0.0,Medium
1.7280032896803181,-0.7415744375092531,-0.4075164358651737,0.9457530736617514,-0.8870186114315637,-0.4495577454911029,1.079896394595832,0.30815269380871785,0.5183763144752156,0.0,1.0,0.0,0.0,0.0,0.0,0.0,0.0,Medium
-0.49232983534999036,0.02684589816158225,1.222260851438477,2.4003221019719523,0.5631768362689719,0.09328570891266527,0.003930904596897114,1.0789403056654971,1.7601618458558026,0.0,0.0,0.0,0.0,0.0,0.0,1.0,0.0,Low
-0.5674795718894778,-0.3258716329660143,-1.0853884049206746,1.2138763968525719,0.13496951903456175,-0.3022145221529368,0.4329968975412577,0.7087194842224777,0.14772214829040475,0.0,0.0,0.0,0.0,0.0,1.0,0.0,0.0,Medium
1.3932453723680558,0.3102796285319723,0.12612745466788058,-1.2863735919018284,1.0884444787431817,0.4732761269953034,-0.8872061576721595,-2.265185474909978,-0.41672582051895224,0.0,0.0,0.0,1.0,0.0,0.0,0.0,0.0,Medium
0.4641213569707582,-0.44554365245573446,-2.0084481074643357,-0.5289252038877609,-0.4359735706113184,-0.5503715298803739,-0.867403111843958,-0.462634918048061,-1.6810892706519116,0.0,0.0,0.0,0.0,0.0,1.0,0.0,0.0,Medium
-1.0730323449733017,0.9464308900299584,-1.7272033543455636,-1.1254995979873361,-0.4816490177829887,-0.10058695337439479,1.1723106084607715,2.2138795451711486,0.07246241911582542,0.0,0.0,0.0,0.0,0.0,1.0,0.0,0.0,Medium
-1.5239307642102258,0.1528164449928667,1.2366836592907218,0.4631310919182745,1.1569576495006877,-0.814038350590776,1.7399979222025406,0.5327128641921891,1.1543210260004262,0.0,0.0,0.0,0.0,0.0,0.0,1.0,0.0,Low
1.0994782204409692,1.777836499116436,1.1573582161033764,-1.1053903487480243,0.8829049664706644,-0.03079279495105272,-0.5373523480406037,-0.8025097705203417,0.8833860009719327,0.0,0.0,1.0,0.0,0.0,0.0,0.0,0.0,Low
-0.2327216545772156,0.32917521055666477,-0.3642480123084395,-0.810454693238122,0.13496951903456175,0.5042957529612324,0.056739026805433614,-0.41408136769487824,-0.292547267380893,0.0,0.0,1.0,0.0,0.0,0.0,0.0,0.0,Medium
1.8304802031432554,-0.15581139474378056,-0.5012646869047641,-0.36805120997326823,-1.1039769854969983,0.7059233217397755,1.581573555576931,1.036455949106462,1.0038015676512624,0.0,1.0,0.0,0.0,0.0,0.0,0.0,0.0,Medium
-0.8065923699696649,-1.415516863056625,0.6958283648315456,2.319885105014706,-0.7328639772271763,1.0471392073650005,2.24167508318364,-0.7903713829320457,0.7422740087695935,0.0,0.0,0.0,0.0,1.0,0.0,0.0,0.0,Medium
0.7988792742830194,1.0975955462275,0.23429851355971584,-0.6495806993236298,-0.7385734081236347,1.1091784592968597,-1.3492772269968556,-0.49298088701880033,-0.10627943767380482,1.0,0.0,0.0,0.0,0.0,0.0,0.0,0.0,Medium
-1.6878938257509255,0.2913840465072798,-0.4652076672741523,-0.6294714500843185,0.43756935654687806,-0.061812420916982774,0.14255222539430648,0.6723043214575899,-0.3715699830142033,0.0,0.0,0.0,0.0,0.0,0.0,1.0,0.0,Medium
0.054213703119009,-0.31327457828288613,2.080417918647037,0.9524561567415225,-1.2410033270120095,-0.17038111179773685,0.9874821807308933,0.6480275462809989,0.9548827436877864,0.0,1.0,0.0,0.0,0.0,0.0,0.0,0.0,Low
-1.0798641392041644,0.34807079258135726,-0.16954010630313637,-0.19377104989923535,0.14638838082747951,-0.28670470916997287,-0.5769584396970063,-0.4262197552831737,-0.7629205747220238,0.0,0.0,0.0,0.0,0.0,0.0,1.0,0.0,Medium
0.22500855889057114,0.39845901131387085,0.9842845218764397,-0.13344330218130038,-0.39029812343964815,0.26389365172527834,-0.5835594549730735,-1.0756234912569957,-0.2041170856007606,0.0,0.0,0.0,1.0,0.0,0.0,0.0,0.0,Medium
0.8535336281299191,0.4866383940957703,0.7895766158711359,-0.1535525514206122,-1.5321843027314084,-1.5042250283327097,-0.7683878827029517,1.661582909903692,-0.0385456814166821,0.0,1.0,0.0,0.0,0.0,0.0,0.0,0.0,Medium
1.5230494627544435,-0.2754834142335007,1.0996669846943978,0.33577251340263536,-2.1602217013418765,-0.5348617168974095,0.2943755767438493,-0.5900879877251662,-0.2774953215459771,0.0,1.0,0.0,0.0,0.0,0.0,0.0,0.0,Medium
0.5119439165867948,0.8330573978818026,1.3809117378131688,0.2754447656847004,0.5517579744760541,0.07777589592970025,0.3933908058848556,0.37491382554434494,1.5701310296899846,0.0,0.0,1.0,0.0,0.0,0.0,0.0,0.0,Low
0.1703542050436705,-1.0627993319290285,-0.2849225691210936,0.034133774812962384,0.7458786249556537,2.1483359291555018,-0.2205036147893837,-2.010279335555767,-0.31700667936263227,0.0,0.0,0.0,1.0,0.0,0.0,0.0,0.0,Medium
0.1566906165819463,0.8141618158571101,-0.1623287023770134,-1.3198890073006808,0.28341472234249065,0.5353153789271624,0.7498456307924777,0.016831391689620428,0.3941977613371577,0.0,0.0,1.0,0.0,0.0,0.0,0.0,0.0,Low
0.6212526242805951,0.5748177768776698,-0.9844287499549618,-0.294317296095793,-0.4816490177829887,0.8067371061290465,-0.30631681337825567,-0.5051192746070963,-0.25491740279360336,0.0,0.0,0.0,0.0,0.0,1.0,0.0,0.0,Medium
0.5051121223559327,0.5244295581451554,-1.1502910402557756,-0.4954097884889083,1.3682065926696627,0.9928548619246235,-0.9136102187764278,0.7451346469873644,0.6481993473013673,0.0,0.0,0.0,0.0,0.0,1.0,0.0,0.0,Low
0.9355151589002692,-0.9242317304146155,-0.8257778635802698,-0.18706796681946475,-0.5672904812298707,-0.04630260793401775,1.4297502042273882,-1.482259475464903,-0.6707274064831618,0.0,0.0,0.0,1.0,0.0,0.0,0.0,0.0,Medium
-0.041431416113066194,0.20320466372538032,-1.3305761384088344,0.20841393488699528,0.3462184622035376,1.8458945759876877,1.330734975086382,0.07145413583695115,0.9040824264949423,0.0,0.0,0.0,0.0,0.0,1.0,0.0,0.0,Low
0.34114906081523266,0.8204603431986739,1.5395626241878608,-0.5624406192866134,-1.3494825140447266,-0.9226070414715295,-1.560509715831002,-0.14703684075237217,-0.7196462304466403,0.0,1.0,0.0,0.0,0.0,0.0,0.0,0.0,Medium
-1.2984815545917636,-0.9620228944640009,-0.5733787261659876,0.3491786795621766,0.015071470208926834,1.0781588333309307,-1.5011005783463984,0.5084360890155973,-0.8758101684838955,1.0,0.0,0.0,0.0,0.0,0.0,0.0,0.0,Medium
-1.0866959334350264,-0.7541714921923817,-0.3642480123084395,0.44972492575873424,0.5860145598548074,-1.6283035321964283,0.2019613628789097,1.1881857939601586,-0.3358216116562778,0.0,0.0,0.0,0.0,0.0,0.0,1.0,0.0,Medium
-0.3010395968858405,0.6189074682686186,0.3136239567470613,0.858612993624735,0.9799652917104642,-0.4650675584740679,-0.9334132646046288,0.29601430622042196,0.5748211113561508,1.0,0.0,0.0,0.0,0.0,0.0,0.0,0.0,Low
-1.134518493051064,1.5069998234291746,0.7318853844621573,1.4283750554052284,-0.7043168227448823,1.2487667761435437,-0.5307513327645365,-0.274489910429477,0.7046441441823051,0.0,0.0,0.0,0.0,0.0,0.0,1.0,0.0,Medium
-1.414622056516426,1.1416852376184499,0.22708710963359288,0.2754447656847004,0.3690561857893723,0.9928548619246235,-0.29311478282612174,-0.11062167798748487,0.41677568008953286,0.0,0.0,0.0,0.0,0.0,0.0,1.0,0.0,Medium
0.7032341550509452,-0.3510657423322711,-0.5661673222398657,-0.18706796681946475,-0.4188452779219422,-1.1940287686734137,-0.36572595086285936,-0.23200555387044222,-0.894625100777541,0.0,0.0,0.0,0.0,0.0,1.0,0.0,0.0,Medium
-0.6767882795832773,-0.4707377618219917,0.010744991849922367,-1.085281099508713,-1.2410033270120095,0.20960930628490132,0.9478760890744903,0.5812664145453719,-0.6707274064831618,0.0,1.0,0.0,0.0,0.0,0.0,0.0,0.0,Medium
0.3138218838917833,0.6504001049764397,-2.405075323401065,0.496646507317127,-0.9783695057749046,0.4112368750634433,-0.7815899132550861,0.2474607558672392,-0.7196462304466403,0.0,0.0,0.0,0.0,0.0,1.0,0.0,0.0,Medium
1.7348350839111801,0.24099582777476528,1.3376433142564352,1.1133301506560143,0.28341472234249065,0.00022683101487622702,0.5782192336147338,-1.3365988244053537,1.3198924301845034,0.0,0.0,0.0,1.0,0.0,0.0,0.0,0.0,Low
0.1908495877362587,1.1857749290093986,-0.8329892675063922,-1.0115471856312372,0.3290901695141609,0.3957270620804794,0.18875933232677533,-0.6568491194607929,-0.049834640792869665,0.0,0.0,1.0,0.0,0.0,0.0,0.0,0.0,Medium
1.4137407550606431,0.07723411689409586,-0.5373217065353758,0.33577251340263536,-0.6015470666086236,-0.1781360182892188,0.8224567988292162,-1.6097125451420078,-0.17401319393092757,0.0,0.0,0.0,1.0,0.0,0.0,0.0,0.0,Medium
-0.10291756419082895,-0.09282612132813833,0.44342922741726337,-0.5021128715686785,1.545198950459886,0.5430702854186444,-0.7683878827029517,0.5327128641921891,0.6312659082370886,1.0,0.0,0.0,0.0,0.0,0.0,0.0,0.0,Low
-0.8407513411239773,-2.2595195268262307,-1.8714314328680106,1.354641141527753,-0.7214451154342585,0.5663350048930914,-0.3789279814149937,0.8118957787229907,-1.2144789497695092,0.0,0.0,0.0,0.0,1.0,0.0,0.0,0.0,Medium
-0.6631246911215525,-0.9116346757314873,-0.292133973047216,1.093220901416703,-1.1610712944615864,0.6749036957738455,0.9478760890744903,0.05931574824865567,-0.19282812622457304,0.0,1.0,0.0,0.0,0.0,0.0,0.0,0.0,Medium
1.9671160877605052,1.5510895148201242,-0.9555831342504725,0.9792684890606039,0.7515880558521122,0.062266082946735225,1.04029030293943,-0.5658112125485749,1.7676878187732592,0.0,0.0,0.0,0.0,0.0,1.0,0.0,0.0,Low
-0.08242218149824072,0.04574148018627474,0.3857379960082848,-0.991437936391926,-0.5844187739192473,2.342208591442562,-0.7155797604944152,-0.2562823290470336,-0.11756839704999239,0.0,0.0,1.0,0.0,0.0,0.0,0.0,0.0,Medium
-0.15757191803772866,-0.48963334384668417,-0.07579185526354604,-1.1724211795457296,-0.5387433267475767,0.24838383874231332,1.31093192925818,-0.2926974918119209,-0.4656446444824295,0.0,0.0,1.0,0.0,0.0,0.0,0.0,0.0,Medium
1.4205725492915062,0.16541349967599533,-0.2488655494904818,-0.2071772160587761,-1.1153958472899157,1.1091784592968597,0.16235527122250756,1.8800738864930158,1.0602463645322002,0.0,1.0,0.0,0.0,0.0,0.0,0.0,0.0,Low
0.4436259742781699,0.09612969891878834,0.5804459020135885,-1.4874660842949436,-0.9269846277067755,-0.03854770144253578,0.3801887753327212,-2.8174821101774334,-1.4948214409448235,0.0,0.0,0.0,1.0,0.0,0.0,0.0,0.0,Medium
-0.7041154565067276,0.007950316136889764,0.4073722077866516,0.38939717804079926,1.2711462674298637,0.015736643997841252,0.8158557835531485,-0.6811258946373843,0.5861100707323383,0.0,0.0,0.0,1.0,0.0,0.0,0.0,0.0,Low
0.5529346819719703,-0.4959318711882485,-1.4675928130051594,-0.032897055984742726,1.2996934219121576,-0.3254792416273849,1.0666943640436986,-0.3776662049299909,0.18535201287769573,0.0,0.0,0.0,0.0,0.0,1.0,0.0,0.0,Medium
0.6690751838966328,-0.6470965273857897,-0.7320296125406794,0.047539940972503594,0.8372295192989943,0.4112368750634433,-1.098438646506306,0.8786569104586177,0.18535201287769573,1.0,0.0,0.0,0.0,0.0,0.0,0.0,0.0,Medium
0.9628423358237195,-1.7115476481101433,0.7679424040927691,-1.9164634014002562,-1.4122862539057737,1.3883550929902266,0.06334004208150126,1.6433753285212487,-0.23045799081186405,0.0,0.0,1.0,0.0,0.0,0.0,0.0,0.0,Medium
1.2634412819816683,-0.5337230352376339,0.8977476747629712,-1.8963541521609448,0.991384153503382,-1.1397444232330365,0.5980222794429348,0.44167495727997114,0.3095305660157536,0.0,0.0,1.0,0.0,0.0,0.0,0.0,0.0,Medium
0.6554115954349076,-1.7934285035504784,-0.6166471497227218,0.05424302405227372,-0.9441129203961517,-0.41853811952517284,-0.5637564091448719,0.37491382554434494,-1.197545510705229,0.0,0.0,0.0,0.0,1.0,0.0,0.0,0.0,Medium
-0.6494611026598274,0.3228766832151009,0.8544792512062376,-2.6538025401750125,0.44898821833979585,1.0161195813990715,0.8224567988292162,-1.1787997857575097,-0.4261332866657743,0.0,0.0,1.0,0.0,0.0,0.0,0.0,0.0,Medium
0.7032341550509452,-0.28808046891662886,0.7030397687576686,-0.05970938830382515,0.32338073861770206,-0.03854770144253578,0.6244263405472036,0.6965810966341817,0.9567642369171492,0.0,0.0,0.0,0.0,1.0,0.0,0.0,0.0,Low
-1.7083892084435126,1.0535058548365503,-1.1502910402557756,0.5837865873541445,2.4187418776180825,1.3340707475498497,1.225118730669308,0.10786929860183843,1.5136862328090497,0.0,0.0,0.0,0.0,0.0,0.0,1.0,0.0,Low
0.1908495877362587,-0.7415744375092531,0.2559327253380827,0.1816016025679138,0.20919212068852602,-0.5503715298803739,-0.04227620233557268,-0.28055910422362496,-0.2680878553991537,0.0,0.0,0.0,0.0,1.0,0.0,0.0,0.0,Medium
0.3206536781226454,-1.8060255582336067,-0.37867082016068443,-0.78364236091904,0.7515880558521122,-1.5817740932475337,-0.5703574244209391,0.09573091101354253,-1.2991461450909132,0.0,0.0,0.0,0.0,1.0,0.0,0.0,0.0,Medium
0.1430270281202211,1.4503130773550963,-0.2488655494904818,2.2260419418979196,0.7972635030237825,-1.89197035290683,-0.08188229399197482,0.3263602751911613,1.1430320666242386,0.0,0.0,0.0,0.0,0.0,0.0,0.0,1.0,Low
0.9696741300545816,1.3873278039394539,-0.018100623854566417,0.007321442493879959,-0.6015470666086236,-0.04630260793401775,-0.35252392031072544,0.830103360105435,0.78178536658625,0.0,1.0,0.0,0.0,0.0,0.0,0.0,0.0,Low
-1.7630435622904128,0.2535928824578939,-0.4868418790525197,1.649576797037655,2.4187418776180825,0.015736643997841252,-0.1346904162005113,0.016831391689620428,0.8683340551370168,0.0,0.0,0.0,0.0,0.0,0.0,1.0,0.0,Medium
1.6733489358334175,-0.16210992208534442,-0.58059013009211,-0.9512194379133029,0.8201012266096179,0.20185439979341935,0.23496643925924512,-0.5111884684012442,0.2775451811165564,0.0,0.0,1.0,0.0,0.0,0.0,0.0,0.0,Medium
0.3616444435078209,-0.05503495727875291,0.4650634391956302,0.9122376582628988,-0.8927280423280226,-0.27894980267848984,1.350538020914583,1.4430919333143692,1.1637284921472484,0.0,1.0,0.0,0.0,0.0,0.0,0.0,0.0,Low
-0.57431136612034,-0.10542317601126651,-0.061369047411301135,-0.2876142130160224,-0.5615810503334122,0.18634458681045432,-0.9334132646046288,0.3506370503677531,-0.7290536965934624,1.0,0.0,0.0,0.0,0.0,0.0,0.0,0.0,Medium
-0.26688062573152804,1.0598043821781142,-1.1070226166990418,0.5167557565564393,-1.0012072293607397,-1.2250483946393431,-1.2106559061994466,-2.155939986615316,-1.9275648836986632,0.0,0.0,0.0,1.0,0.0,0.0,0.0,0.0,High
0.3958034146621333,-0.15581139474378056,-0.739241016466802,1.4484843046445397,-0.7442828390200936,0.26389365172527834,-0.8343980354636226,0.16856123654331712,-0.1138054105912641,0.0,1.0,0.0,0.0,0.0,0.0,0.0,0.0,Medium
0.12936343965849595,0.12762233562660946,2.1453205539821387,-1.2595612595827463,0.4661165110291721,1.1014235528053775,-1.3228731658925867,-1.6704044830834865,-0.24174695018805162,0.0,0.0,0.0,1.0,0.0,0.0,0.0,0.0,Medium
-0.06875859303651653,-0.8297538202911521,-0.16954010630313637,-0.11333405294198903,1.7907044790076143,-1.8531958204494179,0.5518151725104651,1.4734379022851085,0.5146133280164873,0.0,0.0,0.0,0.0,0.0,0.0,0.0,1.0,Medium
-0.9978826084338143,2.023479065437441,-0.42193924371741864,1.2004702306930306,0.02078090110538572,-1.1707640491989662,0.023733950425098186,1.3338464450197078,0.8739785348251106,0.0,0.0,0.0,0.0,0.0,0.0,1.0,0.0,Medium
1.5503766396778929,-0.8927390937067944,-0.37867082016068443,-0.5088159546484491,-1.2067467416332567,-0.05405751442550081,-1.2172569214755138,1.8800738864930158,-0.3207696658213606,0.0,1.0,0.0,0.0,0.0,0.0,0.0,0.0,Medium
0.8330382454373318,0.11502528094348083,-0.32097958875170535,-0.78364236091904,0.8829049664706644,0.49654084646975044,0.8092547682770818,-0.6750567008432363,0.49015391603474934,0.0,0.0,1.0,0.0,0.0,0.0,0.0,0.0,Low
-0.3488621565018781,0.001651788795325004,-0.5373217065353758,-1.1187965149075656,-1.8347841402437248,-0.9226070414715295,-0.21390259951331655,-0.6022263753134622,-2.032928504543077,0.0,1.0,0.0,0.0,0.0,0.0,0.0,0.0,High
1.5503766396778929,-1.384024226348804,-1.2440392912953664,0.5033495903968981,-2.217316010306465,0.4034819685719614,-0.06207924816377375,1.2428085381074898,-0.5427858668863743,0.0,1.0,0.0,0.0,0.0,0.0,0.0,0.0,Medium
-1.3189769372843514,1.0786999642028077,1.3087976985519454,-0.2742080468564812,1.9277308205226258,-1.2095385816563782,-0.8409990507396897,0.3384986627794572,0.5371912467688624,0.0,0.0,0.0,0.0,0.0,0.0,1.0,0.0,Medium
-0.31470318534756564,-0.5526186172623264,-1.381055965891691,-0.441785123850744,1.6536781374926026,1.1401980852627895,1.5551694944726624,0.12000768619013434,0.7084071306410334,0.0,0.0,0.0,0.0,0.0,1.0,0.0,0.0,Medium
0.928683364669407,0.09612969891878834,1.1501468121772536,-0.1602556345003828,1.4652669179094624,2.241394807053291,1.7598009680307425,-1.0938310726394391,2.160919903710445,0.0,0.0,0.0,1.0,0.0,0.0,0.0,0.0,Low
-0.62896571996724,0.3354737378982286,0.6092915177180772,-0.026193972904972593,-0.43026413971485955,-1.7756467555345938,-1.1908528603712452,-0.01351457728111891,-1.0470260523560664,1.0,0.0,0.0,0.0,0.0,0.0,0.0,0.0,Medium
0.5597664762028324,0.2913840465072798,0.3424695724515511,-0.6026591177652361,-0.40171698523256555,-1.201783675164896,-1.3096711353404529,-1.3123220492287624,-1.3029091315496415,0.0,0.0,0.0,1.0,0.0,0.0,0.0,0.0,Medium
-1.5717533238262629,0.41735459333856423,-0.6454927654272111,1.1803609814537193,-0.8584714569492696,-1.1707640491989662,-1.1776508298191113,0.8240341663112866,-0.9905812554751313,0.0,0.0,0.0,0.0,0.0,0.0,1.0,0.0,Medium
0.18401779350539565,-0.4959318711882485,0.29198974496869445,-0.1468494683408416,1.345368869083828,-0.6899598467270575,1.330734975086382,-0.46870411184220895,0.5597691655212349,0.0,0.0,0.0,1.0,0.0,0.0,0.0,0.0,Medium
0.7852156858212942,-0.06763201196188108,0.3929493999344067,-0.8238608593976633,-1.4294145465951498,-1.7058525971112524,-0.9466152951567632,-1.3305296306112062,-1.8748830732764576,0.0,1.0,0.0,0.0,0.0,0.0,0.0,0.0,High
0.4572895627398951,-0.6596935820689184,-3.0036218492692197,-1.112093431827795,1.4881046414952979,1.1634628047372366,-1.0522315395738366,0.8604493290761743,-0.5352598939689164,0.0,0.0,0.0,0.0,0.0,1.0,0.0,0.0,Medium
-0.06192679880565346,-0.31957310562445,-1.0853884049206746,-0.019490889825201987,-1.0183355220501165,-1.7213624100942169,0.21516339343104407,0.13214607377842982,-1.314198090925829,0.0,1.0,0.0,0.0,0.0,0.0,0.0,0.0,Medium
-2.494045544992699,0.6441015776348759,-0.6022243418704774,0.0274306917331913,0.2891241532389496,-1.6825878776368048,-0.6957767146662136,-0.4201505614890262,-1.6077110347066952,0.0,0.0,0.0,0.0,0.0,0.0,1.0,0.0,Medium
0.1703542050436705,-1.843816722282992,-0.34982520445619514,-0.12003713602175964,1.7907044790076143,-1.5817740932475337,0.36038572950452014,0.8604493290761743,-0.06676807985715101,0.0,0.0,0.0,0.0,1.0,0.0,0.0,0.0,Medium
-0.2395534488080787,-0.8612464569989732,0.7174625766099124,-2.0304158137563553,-0.47023015599007134,-0.876077602522635,0.7366436002403443,-0.22593636007629425,-1.167441619035396,0.0,0.0,1.0,0.0,0.0,0.0,0.0,0.0,Medium
-1.3189769372843514,0.996819108762472,0.025167799702167273,-1.1590150133861887,0.39189390937520785,-1.2870876465712022,-0.477943210556,-1.0877618788452916,-1.3010276383202775,0.0,0.0,0.0,0.0,0.0,0.0,1.0,0.0,Medium
1.1268053973644185,1.6140747882357664,-0.8185664596541479,0.5770835042743734,0.07216577917351485,0.7214331347227394,-1.7453381435608808,0.7815498097522513,0.8551636025314664,1.0,0.0,0.0,0.0,0.0,0.0,0.0,0.0,Low
0.8057110685138824,-1.3777256990072397,2.368874075691931,-1.0517656841098606,-0.8299243024669757,-1.3568818049945441,1.0732953793197653,-2.841758885354025,-1.3066721180083711,0.0,0.0,0.0,1.0,0.0,0.0,0.0,0.0,High
-1.6195758834423006,-1.157277242052492,0.5371774784568537,0.28214784876447146,1.1912142348794401,1.5124335968539446,0.24156745453531278,2.2806406769067746,1.203239849963902,0.0,0.0,0.0,0.0,0.0,0.0,1.0,0.0,Medium
-0.04826321034392829,-0.05503495727875291,-2.859393770746773,-0.12674021910153024,-1.7948181239685133,-1.147499329724519,-0.9796203715370986,-0.2684207166353295,-2.5541021290770507,0.0,0.0,0.0,0.0,0.0,1.0,0.0,0.0,High
-1.1003595218967515,-0.02984084791249611,0.6020801137919553,0.5368650057957507,0.6316900070264777,0.12430533487859532,0.21516339343104407,-0.001376189692823002,0.36973834935541977,0.0,0.0,0.0,0.0,0.0,0.0,1.0,0.0,Low
-1.4077902622855634,0.9464308900299584,-1.236827887369244,-1.802510989044158,-0.6757696682625882,-0.4573126519825854,0.21516339343104407,0.36884463175019655,-1.3649984081186717,0.0,0.0,1.0,0.0,0.0,0.0,0.0,0.0,Medium
1.2907684589051185,-0.40145396106478515,0.6814055569793007,0.9122376582628988,0.38618447847874937,-2.2719607709894674,0.1755573017746419,-0.35338942975339954,0.23238934361180882,0.0,0.0,0.0,0.0,0.0,0.0,0.0,1.0,Medium
0.27966291273747085,-1.1635757693940563,0.7967880197972589,-0.5892529516056954,-0.8413431642598934,-0.39527340005072586,-1.2700650436840504,-0.7782329953437502,-1.506110400321011,1.0,0.0,0.0,0.0,0.0,0.0,0.0,0.0,Medium
-0.8202559584313895,0.7322809604167754,-0.3426138005300727,1.354641141527753,1.2083425275688162,0.8067371061290465,-0.6495696077337443,-0.019583771075266862,0.8570450957608292,0.0,0.0,0.0,0.0,0.0,0.0,1.0,0.0,Low
0.1908495877362587,-1.2013669334434411,0.42179501563889654,1.515515135442245,-0.14479259489191945,-0.5891460623377859,-0.7023777299422809,-0.40801217390073025,-0.36028102363801573,0.0,0.0,0.0,0.0,1.0,0.0,0.0,0.0,Medium
-0.7860969872770771,0.04574148018627474,0.7823652119450141,-0.1468494683408416,1.630840413906768,-0.47282246496554986,-0.8145949896354214,0.21104559310235235,0.2700192081990998,1.0,0.0,0.0,0.0,0.0,0.0,0.0,0.0,Medium
0.8740290108225073,0.29768257384884367,1.1717810239556214,0.02072760865342117,-0.18475861116713121,-1.5662642802645688,-0.2799127522739874,-0.11669087178163282,0.10444780401501996,0.0,0.0,0.0,0.0,0.0,0.0,0.0,1.0,Medium
-0.21905806611549045,0.9149382533221373,1.3015862946258234,1.8573723725105413,1.57374610494218,0.7912272931460815,0.7102395391360755,-1.8464111031137747,1.7676878187732592,0.0,0.0,0.0,1.0,0.0,0.0,0.0,0.0,Low
-0.2737124199623911,-0.6848876914351751,1.3087976985519454,0.5100526734766683,-2.28582918106397,-0.7675089116418815,-0.30631681337825567,0.00469300410132452,-1.0263296268330568,0.0,1.0,0.0,0.0,0.0,0.0,0.0,0.0,Medium
0.2523357358140205,0.6189074682686186,-0.046946239559056226,-0.2004741329790055,-0.8698903187421875,-0.4883322779485149,0.5980222794429348,-0.7660946077554543,-0.3583995304086516,0.0,1.0,0.0,0.0,0.0,0.0,0.0,0.0,Medium
-0.9910508142029517,-0.8360523476327164,-1.9291226642769896,1.1267363168155553,-0.7100262536413408,2.256904620036256,-0.7221807757704823,-0.5779496001368704,-0.9755293096402154,0.0,0.0,0.0,0.0,0.0,1.0,0.0,0.0,Medium
0.5392710935102452,0.7070868510505182,0.7318853844621573,-3.3643293466306865,-1.1039769854969983,-0.08507714039142976,0.5848202488908005,0.4902285076331539,-0.5747712517855715,0.0,0.0,1.0,0.0,0.0,0.0,0.0,0.0,Medium
1.6460217589099682,0.959027944713087,-2.0949849545778036,-0.16695871758015293,0.9685464299175465,0.4034819685719614,0.8224567988292162,1.2792237008723766,1.49298980728604,0.0,0.0,0.0,0.0,0.0,1.0,0.0,0.0,Low
-0.5469841891968901,1.8975085186061567,-0.933948922472105,1.1535486491346378,-2.068870806998536,-0.15487129881477182,-0.9334132646046288,0.7997573911346956,-0.3019547335277164,0.0,1.0,0.0,0.0,0.0,0.0,0.0,0.0,Medium
-1.722052796905238,0.18430908170068783,0.6092915177180772,-2.104149727633831,0.14067894993102065,-0.5348617168974095,-1.67932799080021,-0.11669087178163282,-1.8109123034780634,0.0,0.0,1.0,0.0,0.0,0.0,0.0,0.0,High
1.003833101208894,-0.4707377618219917,2.368874075691931,-0.8506731917167452,-1.2467127579084685,0.7757174801631165,0.10954714901397106,1.5098530650499953,0.9906311150457119,0.0,1.0,0.0,0.0,0.0,0.0,0.0,0.0,Medium
-0.5059934238117151,-1.4344124450813176,-0.03973483563293429,0.3491786795621766,-1.5949880425924552,-1.0854600777926602,-1.0522315395738366,0.21711478689649988,-1.876764566505822,0.0,1.0,0.0,0.0,0.0,0.0,0.0,0.0,High
-0.5469841891968901,0.5874148315607975,-0.3642480123084395,0.1614923533286015,0.152097811723938,1.1557078982457547,1.2581238070496434,-0.06813732142844962,0.8043632853386251,0.0,0.0,0.0,0.0,0.0,0.0,1.0,0.0,Low
0.09520446850418353,-1.2328595701512624,-1.5829752758231166,0.6843328335507021,-1.0411732456359515,-0.12385167284884177,-1.4086863644814591,-0.062068127634301674,-1.6961412164868275,0.0,0.0,0.0,0.0,0.0,1.0,0.0,0.0,Medium
-1.6605666488274755,-0.11172170335283083,1.6910021066364298,-1.5544969150926489,-0.6472225137802943,-0.4573126519825854,-0.7815899132550861,-1.7978575527605918,-1.987772667038328,0.0,0.0,0.0,1.0,0.0,0.0,0.0,0.0,High
1.1063100146718312,0.29768257384884367,0.3280467645993062,-1.4606537519758618,0.28341472234249065,-0.04630260793401775,-1.3360751964447213,0.8179649725171391,0.02918807484044063,0.0,0.0,1.0,0.0,0.0,0.0,0.0,0.0,Medium
-1.1686774642053763,-2.0516681245546113,0.010744991849922367,0.33577251340263536,-0.5615810503334122,0.4189917815549264,0.34718369895238577,-0.49298088701880033,-1.2182419362282388,0.0,0.0,0.0,0.0,1.0,0.0,0.0,0.0,Medium
-0.7792651930462144,0.35436931992292203,-0.07579185526354604,0.43631875959919303,-0.002056822480449409,-1.093214984284142,-0.477943210556,0.5205744766038932,-0.30948070644517434,0.0,0.0,0.0,0.0,0.0,0.0,1.0,0.0,Medium
-0.8202559584313895,-1.0565008045874642,2.368874075691931,-0.6897991978022531,-0.4359735706113184,0.7602076671801514,-0.08188229399197482,1.2610161194899332,0.364093869667326,0.0,0.0,0.0,0.0,1.0,0.0,0.0,0.0,Medium
-0.10974935842169105,0.1339208629681742,0.21266430178134796,-1.0584687671896311,0.9285804136423356,-1.2870876465712022,0.24156745453531278,1.1092862746362364,0.21733739777689295,0.0,0.0,1.0,0.0,0.0,0.0,0.0,0.0,Medium
-0.7587698103536272,0.5874148315607975,0.27756693711644953,-0.6428776162438593,1.57374610494218,0.7679625736716345,1.4099471583991863,0.726927065604921,1.4892268208273116,0.0,0.0,0.0,0.0,0.0,0.0,1.0,0.0,Low
0.9696741300545816,2.2187334130259315,-1.092599808846797,0.4095064272801106,-1.9318444654835247,-1.4654504958752976,0.6442293863754046,-0.5415344373719835,-0.27185084185788333,0.0,1.0,0.0,0.0,0.0,0.0,0.0,0.0,Medium
-1.1071913161276141,-0.3069760509413218,1.3232205064041902,-0.78364236091904,0.5117919582008423,-2.1091077346683367,-0.33932188975859107,0.3506370503677531,-0.7535131085752017,0.0,0.0,0.0,0.0,0.0,0.0,0.0,1.0,Medium
1.1268053973644185,-1.396621281031932,1.5539854320401056,0.5904896704339145,1.8135422025934498,1.3108060280754026,-0.12148838564837743,-1.197007367139953,1.218291795798818,0.0,0.0,0.0,0.0,1.0,0.0,0.0,0.0,Low
-0.41718009881050294,-0.004646738546238861,1.640522279153574,-0.0932248037026777,0.8315200884025358,-1.2095385816563782,-1.652923929695941,-1.0270699409038129,-0.6537939674188817,1.0,0.0,0.0,0.0,0.0,0.0,0.0,0.0,Medium
0.04055011465728383,-0.6219024180195329,1.1934152357339882,-0.964625604072844,0.9457087063317118,-0.1393614858318068,0.195360347602843,-0.36552781734169504,0.10821079047375093,0.0,0.0,1.0,0.0,0.0,0.0,0.0,0.0,Medium
0.60758903581887,0.058338534869403366,-0.5517445143876207,0.4832403411575868,0.1863543971026909,0.062266082946735225,-1.5803127616592036,-0.8449941270793768,-0.5747712517855715,1.0,0.0,0.0,0.0,0.0,0.0,0.0,0.0,Medium
0.8945243935150946,-1.2202625154681341,0.47227484312175316,-0.39486354229235066,-0.27610950551047214,0.07777589592970025,1.7531999527546749,1.0728711118713496,0.8175337379441755,0.0,0.0,0.0,0.0,1.0,0.0,0.0,0.0,Low
0.5597664762028324,1.2991484211575555,-0.1623287023770134,0.737957498188866,0.8886143973671238,1.7993651370387937,-0.6231655466294761,-1.9071030410552534,0.8344671770084567,0.0,0.0,0.0,1.0,0.0,0.0,0.0,0.0,Medium
-1.8245297103681752,-1.188769878760313,-0.5733787261659876,0.7044420827900134,-3.290689018840719,-1.2715778335882377,0.195360347602843,0.48415931383900634,-2.49577583896675,0.0,1.0,0.0,0.0,0.0,0.0,0.0,0.0,High
0.9901695127471688,-0.4140510157479133,-1.4675928130051594,-0.9579225209930734,-2.165931132238335,-0.015282981968088798,1.6937908152700718,-1.1666613981692135,-1.3744058742654939,0.0,1.0,0.0,0.0,0.0,0.0,0.0,0.0,High
0.9560105415928564,-0.3510657423322711,0.8544792512062376,-0.9177040225144503,0.6545277306123124,-2.3495098359042914,0.9808811654548256,-0.025652964869414815,0.051765993592815765,0.0,0.0,0.0,0.0,0.0,0.0,0.0,1.0,Medium
-0.1302447411142783,1.456611604696661,0.032379203628289215,-0.1535525514206122,0.38618447847874937,1.1867275242116835,0.3207796378481171,-1.2152149485223964,0.6180954556315356,0.0,0.0,0.0,1.0,0.0,0.0,0.0,0.0,Medium
0.7578885088978449,0.8771470892727523,1.8929214165678563,0.5100526734766683,-1.1781995871509627,-1.27933274007972,2.1492608693187,-0.3230434607826602,1.1524395327710608,0.0,1.0,0.0,0.0,0.0,0.0,0.0,0.0,Low
0.13619523388935806,0.18430908170068783,0.9770731179503177,-2.2315083061494705,1.105572771432558,0.14757005435304232,0.6376283710993379,0.16856123654331712,0.4431165853006363,0.0,0.0,1.0,0.0,0.0,0.0,0.0,0.0,Low
0.8262064512064697,0.7133853783920819,1.085244176842153,-2.3253514692662574,0.1578072426203969,0.05451117645525327,0.8158557835531485,-0.48084249943050483,0.2737821946578281,0.0,0.0,1.0,0.0,0.0,0.0,0.0,0.0,Low
-1.851856887291625,-1.0313066952212073,0.5299660745307317,-1.44054450273655,-1.8462030020366427,0.1087955218956303,-1.2238579367515805,-1.3972907623468325,-3.060223807776107,0.0,1.0,0.0,0.0,0.0,0.0,0.0,0.0,High
-0.7724333988153524,0.4236531206801281,-0.5012646869047641,-0.78364236091904,0.5574674053725134,1.7450807915984168,0.532012126682264,0.7876190035463997,0.7084071306410334,0.0,0.0,0.0,0.0,0.0,0.0,1.0,0.0,Low
0.026886526195558667,1.3621336945731977,-0.34982520445619514,0.19500776872745407,0.6431088688193954,-0.8295481635737405,0.6442293863754046,0.5266436703980416,0.9191343723298608,0.0,0.0,0.0,0.0,0.0,1.0,0.0,0.0,Low
1.0584874550557937,1.3684322219147615,-1.3377875423349568,-0.4283789576912032,-1.4122862539057737,1.2099922436861317,-0.16109447730478005,-0.28055910422362496,-0.09310898506825445,0.0,1.0,0.0,0.0,0.0,0.0,0.0,0.0,Medium
1.9397889108370547,1.0472073274949865,-0.6094357457965993,-0.2138802991385467,-2.040323652516242,-1.8687056334323824,-1.1182416923345075,-0.9785163905506297,-1.4007467794765973,0.0,1.0,0.0,0.0,0.0,0.0,0.0,0.0,High
1.7006761127568677,-0.7793656015586385,0.11891605074175762,0.7848790797472598,2.0476288693482605,-1.5662642802645688,-1.9697726629471615,0.362775437956049,0.41677568008953286,1.0,0.0,0.0,0.0,0.0,0.0,0.0,0.0,Medium
-1.1140231103584768,-0.2754834142335007,0.8472678472801156,-0.32112962841487497,0.734459763162736,-1.3879014309604736,0.5518151725104651,-0.6811258946373843,-0.5089189887578129,0.0,0.0,0.0,0.0,0.0,0.0,1.0,0.0,Medium
1.5435448454470309,-0.7289773828261245,-1.3233647344827124,-0.1535525514206122,-1.4693805628703616,0.00798173750635929,-0.9268122493285617,-1.4215675375234242,-1.7093116690923793,0.0,1.0,0.0,0.0,0.0,0.0,0.0,0.0,High
-0.8612467238165645,1.3999248586225825,-1.9651796839076014,-0.8171577763178927,-1.2467127579084685,-0.09283204688291283,-2.8411066793880164,-0.38373539872413887,-2.403582670727888,1.0,0.0,0.0,0.0,0.0,0.0,0.0,0.0,High
-0.06192679880565346,-0.17470697676847305,2.3472398639135643,1.0194869875392276,0.3347996004106198,-0.19364583127218382,1.1129014709761673,1.8861430802871633,2.2437056058024836,0.0,0.0,0.0,0.0,1.0,0.0,0.0,0.0,Low
0.0063911435029714025,-0.5337230352376339,1.0563985611376632,-0.8439701086369746,0.20919212068852602,-0.08507714039142976,-0.36572595086285936,1.5280606464324398,0.37350133581414807,0.0,0.0,1.0,0.0,0.0,0.0,0.0,0.0,Medium
-1.0798641392041644,1.2928498938159907,-0.046946239559056226,-0.1468494683408416,-0.9555317821890694,-1.05444045182673,1.627780662509401,1.3459848326080037,0.43182762592444873,0.0,1.0,0.0,0.0,0.0,0.0,0.0,0.0,Medium
-2.1797830103730242,-0.22509519550098664,-2.167098993839027,0.07435227329158506,0.3119618768247847,0.0467562699637713,0.5848202488908005,1.5948217781680658,-0.546548853345104,0.0,0.0,0.0,0.0,0.0,0.0,1.0,0.0,Medium
-0.05509500457479136,-1.4848006638138311,-0.6671269772055785,-0.6294714500843185,0.4147316329610434,0.8067371061290465,-1.1776508298191113,-1.2455609174931357,-1.4985844274035531,0.0,0.0,0.0,0.0,1.0,0.0,0.0,0.0,Medium
-0.6494611026598274,0.5496236675114126,-0.20559712593374813,-0.6093622008450067,0.20919212068852602,-0.783018724624846,-0.04227620233557268,-0.2198671662821463,-0.5503118398038322,0.0,0.0,0.0,0.0,0.0,0.0,1.0,0.0,Medium
0.293326501199196,0.24729435511633005,0.7967880197972589,-1.5746061643319602,-1.0697204001182454,0.5430702854186444,-1.7321361130087463,-0.1773828097231115,-1.0620779981909836,1.0,0.0,0.0,0.0,0.0,0.0,0.0,0.0,Medium
-2.6648404007642608,-0.22509519550098664,1.4241801613699037,-0.06641247138359528,0.6259805761300183,0.1708347738274893,1.8654172124478157,1.5280606464324398,1.0056830608806278,0.0,0.0,0.0,0.0,0.0,0.0,1.0,0.0,Medium
0.6007572415880079,-0.3447672149907072,-0.45078485942190794,1.0194869875392276,-1.0754298310147044,0.9850999554331415,0.8422598446574172,-0.08634490281089349,0.4111312004014391,0.0,1.0,0.0,0.0,0.0,0.0,0.0,0.0,Medium
1.2156187223656316,0.052040007527838605,1.2871634867735786,1.7836384586330651,1.4823952105988387,0.3336878101486193,1.627780662509401,-0.4504965304597655,2.6011893193817444,0.0,0.0,0.0,1.0,0.0,0.0,0.0,0.0,Low
0.9765059242854446,-0.13061728537752332,-1.6767235268627074,-1.4338414196567797,0.6659465924052301,0.9773450489416596,-0.6957767146662136,0.6298199648985546,-0.1965911126833027,0.0,0.0,0.0,0.0,0.0,1.0,0.0,0.0,Medium
1.0516556608249317,-0.3006775235997575,0.21266430178134796,0.10116460561066748,-0.5273244649546593,0.7834723866545995,0.3339816684002514,-0.5233268559895397,0.29071563372210946,0.0,1.0,0.0,0.0,0.0,0.0,0.0,0.0,Medium
-1.1960046411288263,-0.9557243671224366,1.2727406789213336,0.10786768869043761,0.7801352103344061,-0.21691055074663082,0.5782192336147338,0.10180010480769049,0.18535201287769573,0.0,0.0,0.0,0.0,0.0,0.0,1.0,0.0,Medium
-0.08925397572910379,-1.2076654607850055,0.054013415406657085,0.3424755964824055,1.9562779750049197,0.42674668804640836,-0.17429650785691392,0.20497639930820397,0.6086879894847135,0.0,0.0,0.0,0.0,1.0,0.0,0.0,0.0,Medium
0.293326501199196,2.1746437216349817,-0.436362051569663,1.3948596400063757,-1.2752599123907624,1.0006097684161066,0.195360347602843,-0.559742018754427,0.8909119738893919,0.0,1.0,0.0,0.0,0.0,0.0,0.0,0.0,Medium
0.6280844185114572,0.3228766832151009,2.0010924754596915,1.3010164768895882,-1.4408334083880676,-1.1785189556904485,-0.015872141231303958,0.5812664145453719,0.7140516103291272,0.0,1.0,0.0,0.0,0.0,0.0,0.0,0.0,Low
-2.2344373642199242,1.456611604696661,1.1429354082511316,0.2888509318442416,1.04847846246797,-0.06956732740846473,2.2614781290118406,-0.12882925936992828,1.4158485848820952,0.0,0.0,0.0,0.0,0.0,0.0,1.0,0.0,Low
0.5529346819719703,0.7196839057336467,-1.7127805464933192,-0.2004741329790055,-0.6072564975050825,2.342208591442562,-0.2337056453415176,0.2353223682789433,0.29824160663956606,0.0,0.0,0.0,0.0,0.0,1.0,0.0,0.0,Medium
-0.9432282545869145,-1.3399345349578542,0.3929493999344067,0.38269409496102913,-0.08769828592733143,-1.240558207622308,-0.7419838215986835,0.010762197895472473,-1.2351753752925188,0.0,0.0,0.0,0.0,1.0,0.0,0.0,0.0,Medium
-0.73827442766104,0.6189074682686186,-0.5517445143876207,-0.3546450438137275,-0.5787093430227884,-0.5581264363718564,0.05013801152936691,0.5873356083395203,-0.49010405646416877,0.0,0.0,0.0,0.0,0.0,0.0,1.0,0.0,Medium
2.1652381204555167,-0.45814070713886307,0.5227546706046098,0.4698341749980456,0.0264903320018446,-0.7132245662015044,-1.243660982579782,0.5509204455746326,0.4751019701998335,1.0,0.0,0.0,0.0,0.0,0.0,0.0,0.0,Medium
-0.57431136612034,-0.13691581271908762,-0.6382813615010892,0.5837865873541445,1.8991836660403318,-0.5038420909314799,1.7135938610982728,-0.6143647629017577,0.7497999816870528,0.0,0.0,0.0,0.0,0.0,1.0,0.0,0.0,Medium
-1.9679973892162874,-0.6911862187767395,0.6814055569793007,2.393619018892182,0.09500350275934998,-2.3340000229213262,-0.3129178286543228,0.5812664145453719,-0.4280147798951385,0.0,0.0,0.0,0.0,0.0,0.0,1.0,0.0,Medium
-1.3804630853621136,0.4047575386554356,1.2655292749952116,-0.5088159546484491,-0.7442828390200936,0.44225650102937336,-1.1116406770584404,2.0742880879057477,0.14584065506104193,0.0,0.0,0.0,0.0,0.0,0.0,1.0,0.0,Medium
-0.19856268342290317,-1.9193990503817628,0.44342922741726337,-0.9981410194716966,-0.48735844867944755,0.37246234260603134,0.08974410318576904,-0.3230434607826602,-1.1712046054941256,0.0,0.0,0.0,0.0,1.0,0.0,0.0,0.0,Medium
0.5529346819719703,1.0346102728118578,-0.37145941623456197,0.3424755964824055,0.1863543971026909,-0.03854770144253578,-0.08188229399197482,-0.5051192746070963,0.4148941868601674,0.0,0.0,0.0,1.0,0.0,0.0,0.0,0.0,Low
-1.6673984430583377,0.32917521055666477,2.368874075691931,0.7781759966674887,-0.3160755217856835,1.0781588333309307,0.6970375085839412,-0.7175410574022716,0.7610889410632403,0.0,0.0,0.0,0.0,0.0,0.0,1.0,0.0,Medium
-2.193446598834749,0.10872675360191697,1.3881231417392919,1.9579186187070992,0.6602371615087717,-1.2483131141137902,-0.3261198592064572,0.7390654531932169,0.48827242280538385,0.0,0.0,0.0,0.0,0.0,0.0,1.0,0.0,Medium
0.9970013069780319,-0.05503495727875291,0.13333885859400252,1.4551873877243109,1.4823952105988387,-0.06956732740846473,0.31417862257205037,-1.3608755995819455,1.0508388983853754,0.0,0.0,0.0,1.0,0.0,0.0,0.0,0.0,Low
-1.9748291834471496,0.8267588705402387,0.9338046943935829,0.05424302405227372,1.1455387877077698,0.03900136347228824,0.9610781196266246,1.2670853132840807,1.2690921129916621,0.0,0.0,0.0,0.0,0.0,0.0,1.0,0.0,Low
2.178901708917242,0.9023411986390086,-0.39309362801292885,-0.441785123850744,0.6887843159910657,2.342208591442562,-0.6759736688380126,1.0303867553123145,1.9558371417097116,1.0,0.0,0.0,0.0,0.0,0.0,0.0,0.0,Low
-0.6016385430437903,1.2172675657172198,0.15497307037236938,0.3491786795621766,-0.8870186114315637,1.5279434098369098,0.16235527122250756,0.726927065604921,0.8570450957608292,0.0,1.0,0.0,0.0,0.0,0.0,0.0,0.0,Low
0.054213703119009,-0.08652759398657402,2.368874075691931,0.315663264163324,2.2760061052066125,-0.5426166233888919,0.8158557835531485,0.21711478689649988,2.01792641827874,0.0,0.0,0.0,0.0,0.0,0.0,0.0,1.0,Low
0.7988792742830194,-0.4959318711882485,-0.03973483563293429,0.24192935028584783,0.02078090110538572,1.7218160721239697,-1.3888833186532576,0.9393488484000964,0.5616506587506004,1.0,0.0,0.0,0.0,0.0,0.0,0.0,0.0,Medium
-0.7587698103536272,0.2724884644825864,1.215049447512355,1.4484843046445397,-0.0363134078592023,1.7683455110728636,1.792806044411078,-0.5961571815193142,1.673613157305033,0.0,0.0,0.0,0.0,0.0,0.0,1.0,0.0,Low
0.4914485338942075,0.11502528094348083,-0.8329892675063922,-1.7421832413262228,0.02078090110538572,-0.837303070065223,0.36698674478058685,-0.5476036311661311,-0.9981072283925893,0.0,0.0,1.0,0.0,0.0,0.0,0.0,0.0,Medium
0.20451317619798293,-0.42664807043104197,-1.0637541931423078,-0.5289252038877609,-0.6814790991590467,0.00798173750635929,-1.494499563070331,1.376330801578743,-0.8983880872362693,1.0,0.0,0.0,0.0,0.0,0.0,0.0,0.0,Medium
-1.3463041142078012,0.7763706518077242,0.4794862470478751,-0.6562837824034005,-1.2866787741836798,0.5198055659441974,0.5056080655779962,-1.4337059251117197,-0.994344241933861,0.0,1.0,0.0,0.0,0.0,0.0,0.0,0.0,Medium
-2.0021563603706,0.39216048397230696,-0.010889219928444478,-0.3010203791755631,0.6488182997158539,-0.24017527022107782,-0.3855289966910609,0.9636256235766874,-0.22105052466504063,0.0,0.0,0.0,0.0,0.0,0.0,1.0,0.0,Medium
-0.08925397572910379,-0.8486494023158451,1.510717008483371,0.21511701796676636,0.2491581369637378,2.156090835646984,-0.06207924816377375,1.4977146774617003,1.5362641515614248,0.0,0.0,0.0,0.0,1.0,0.0,0.0,0.0,Low
-0.6153021315055149,2.2187334130259315,0.7535195962405242,-1.1657180964659595,1.630840413906768,-0.9226070414715295,1.5023613722641258,0.028969779277916333,1.3913891729003545,0.0,0.0,1.0,0.0,0.0,0.0,0.0,0.0,Low
-0.02093603342047893,-0.08022906664500971,-0.7320296125406794,0.9390499905819812,0.9057426900565,0.9540803294672116,0.2481684698113795,-0.062068127634301674,0.7799038733568845,0.0,0.0,0.0,0.0,0.0,1.0,0.0,0.0,Low
0.10203626273504562,1.1038940735690639,-0.16954010630313637,0.4765372580778157,-0.13908316399546056,0.2794034647082434,-1.7123330671805452,1.5948217781680658,0.5955175368791631,1.0,0.0,0.0,0.0,0.0,0.0,0.0,0.0,Medium
-0.5811431603512025,0.568519249536105,-0.20559712593374813,-1.1992335118648119,1.5794555358386384,0.17858968031897127,-0.7155797604944152,0.16856123654331712,0.038595540987262714,0.0,0.0,1.0,0.0,0.0,0.0,0.0,0.0,Medium
1.0516556608249317,-1.2139639881265698,-1.1286568284774088,-0.2138802991385467,0.6088522834406421,0.22511911926786635,0.6970375085839412,-0.2441439414587377,-0.061123600169057234,0.0,0.0,0.0,0.0,1.0,0.0,0.0,0.0,Medium
0.2455039415831584,1.280252839132862,-1.460381409079037,-0.9847348533121554,-0.3446226762679775,1.0161195813990715,0.056739026805433614,-1.391221568552685,-0.6124011163728625,0.0,0.0,0.0,1.0,0.0,0.0,0.0,0.0,Medium
0.68957056658922,0.6000118862439262,-1.9940252996120906,0.42961567651942195,-0.6129659284015414,1.6752866331750758,1.9578314263127552,-1.288045274052171,0.4148941868601674,0.0,0.0,0.0,0.0,0.0,1.0,0.0,0.0,Medium
-0.21905806611549045,-0.7226788554845606,-0.32097958875170535,-0.9042978563549091,0.6944937468875242,-0.11609676635735981,1.601376601405132,2.050011312729156,0.8495191228433726,0.0,0.0,1.0,0.0,0.0,0.0,0.0,0.0,Medium
-0.3283667738092908,0.37956342928917836,-1.943545472129234,0.3558817626419467,2.087594885623472,1.4271296254476387,1.3043309139821133,0.16856123654331712,1.3424703489368786,0.0,0.0,0.0,0.0,0.0,1.0,0.0,0.0,Low
-0.854414929585702,1.4377160226719676,-0.8474120753586372,-1.0115471856312372,-2.114546254170206,-0.643430407778163,-1.3690802728250566,-1.5915049637595644,-2.559746608765144,0.0,1.0,0.0,0.0,0.0,0.0,0.0,0.0,High
-0.5879749545820651,2.2187334130259315,0.652559941274812,-1.2394520103434346,1.5337800886669681,0.2871583711997253,0.6904364933078745,-1.4033599561409804,0.8250597108616348,0.0,0.0,0.0,1.0,0.0,0.0,0.0,0.0,Medium
-0.20539447765376626,-1.0061125858549507,1.7486933380454093,-1.990197315277732,-0.12195487130608433,-0.34098905461034884,-0.14789244675264568,-0.6325723442842015,-1.0263296268330568,0.0,0.0,1.0,0.0,0.0,0.0,0.0,0.0,Medium
-1.3667994969003885,0.6252059956101834,-1.8570086250157662,-1.3735136719388448,-0.6871885300555056,0.21736421277638326,-0.3459229050346583,1.9711117934052338,-0.9002695804656348,0.0,0.0,0.0,0.0,0.0,1.0,0.0,0.0,Medium
-0.15757191803772866,-0.6596935820689184,-1.2007708677386322,-0.7501269455201875,2.196074072656189,0.18634458681045432,-0.10828635509624354,1.1881857939601586,0.42806463946572043,0.0,0.0,0.0,0.0,0.0,1.0,0.0,0.0,Medium
0.2591675300448836,-1.0690978592705929,-0.09021466311578992,0.6038958365934558,1.3054028528086161,2.342208591442562,1.2515227917735767,-1.652196901701043,0.9266603452473174,0.0,0.0,0.0,1.0,0.0,0.0,0.0,0.0,Medium
0.06787729158073319,0.7952662338324176,-0.5878015340182324,0.8519099105449649,-0.6529319446767528,0.30266818418269037,-1.3492772269968556,1.0789403056654971,0.18723350610706121,1.0,0.0,0.0,0.0,0.0,0.0,0.0,0.0,Medium
2.1379109435320673,1.2928498938159907,0.4362178234911414,-0.10663096986221843,-0.9555317821890694,0.6904135087568105,1.04029030293943,-1.0513467160804042,1.1016392155782193,0.0,1.0,0.0,0.0,0.0,0.0,0.0,0.0,Low
-0.44450727573395277,-1.1194860780031064,-0.11184887489415779,-0.4082697084518914,0.8029729339202417,0.023491550489323214,-0.022473156507370667,-0.6204339566959056,-0.6613199403363397,0.0,0.0,0.0,0.0,1.0,0.0,0.0,0.0,Medium
-0.1439083295760035,0.5559221948529764,2.065995110794792,-0.06641247138359528,1.5394895195634266,0.062266082946735225,0.8488608599334839,0.7026502904283293,2.0367413505723873,0.0,0.0,0.0,0.0,0.0,0.0,1.0,0.0,Low
0.614420830049732,1.0409088001534217,0.6741941530531788,-0.5892529516056954,-0.6643508064696705,0.9850999554331415,1.83241213606748,-0.11062167798748487,1.2483956874686524,0.0,1.0,0.0,0.0,0.0,0.0,0.0,0.0,Low
0.5870936531262827,-0.3636627970153997,0.7390967883882803,1.2943133938098181,0.38047504758229006,0.37246234260603134,-1.771742204665149,0.7208578718107727,0.6801847322005645,1.0,0.0,0.0,0.0,0.0,0.0,0.0,0.0,Low
-0.7041154565067276,1.1479837649600138,-1.2584620991476108,-0.026193972904972593,0.5232108199937601,1.7838553240558288,1.4759573111598572,1.194254987754307,1.511804739579684,0.0,0.0,0.0,0.0,0.0,1.0,0.0,0.0,Low
-0.5333206007351654,0.3354737378982286,-0.3570366083823171,0.9256438244224401,0.5688862671654303,-1.5585093737730862,-0.3789279814149937,-1.197007367139953,-0.6876608455474431,0.0,0.0,0.0,1.0,0.0,0.0,0.0,0.0,Medium
-0.15757191803772866,0.41105606599699945,1.503505604557249,-0.032897055984742726,0.043618624691220846,0.10104061540414724,0.2547694850874462,-0.5172576621953917,0.5164948212458528,0.0,0.0,0.0,1.0,0.0,0.0,0.0,0.0,Low
0.33431726658437055,-0.6911862187767395,-0.8113550557280255,0.07435227329158506,0.9399992754352525,0.6981684152482924,0.4726029891976608,1.024317561518166,0.7836668598156155,0.0,0.0,0.0,0.0,0.0,1.0,0.0,0.0,Low
-1.8313615045990377,0.8960426712974447,-0.6238585536488442,1.1133301506560143,-0.6986073918484234,-0.581391155846304,-0.708978745218348,0.2353223682789433,-0.7346981762815562,0.0,0.0,0.0,0.0,0.0,0.0,1.0,0.0,Medium
0.2523357358140205,0.6000118862439262,1.510717008483371,0.4229125934396518,0.9228709827458762,-0.8838325090141176,0.06994105735756798,0.12607687998428185,1.137387586936145,0.0,0.0,0.0,0.0,0.0,0.0,0.0,1.0,Low
0.6759069781274949,0.7259824330752106,0.2631441292642046,-0.07981863754313649,2.1047231783128484,-0.9691364804204241,-2.8279046488358826,2.274571483112627,1.0075645541099933,1.0,0.0,0.0,0.0,0.0,0.0,0.0,0.0,Medium
0.12936343965849595,0.2535928824578939,-0.16954010630313637,0.42961567651942195,1.2882745601192398,-1.9540096048386888,0.40659283643698996,-0.3776662049299909,0.17218156027214537,0.0,0.0,0.0,0.0,0.0,0.0,0.0,1.0,Medium
1.564040228139618,0.782669179149289,-1.7127805464933192,-0.441785123850744,-1.138233570875751,-1.3879014309604736,0.34058268367631905,0.26566833724968264,-0.5484303465744681,0.0,0.0,0.0,0.0,0.0,1.0,0.0,0.0,Medium
-0.20539447765376626,-0.6407980000442255,0.07564762718502392,0.3558817626419467,-0.29323779819984835,0.31817799716565537,-0.4119330577953291,-0.2562823290470336,-0.4317777663538681,0.0,0.0,0.0,0.0,1.0,0.0,0.0,0.0,Medium
2.0149386473765416,-0.8297538202911521,0.34968097637767304,-0.7769392778392695,-0.7499922699165525,-1.2250483946393431,0.3339816684002514,-0.6689875070490884,-0.5954676773085812,0.0,1.0,0.0,0.0,0.0,0.0,0.0,0.0,Medium
0.10203626273504562,-0.36996132435696405,-1.2079822716647546,-0.6763930316427118,0.5460485435795956,0.2794034647082434,1.1525075626325705,2.341332614848253,0.8927934671187574,0.0,0.0,0.0,0.0,0.0,1.0,0.0,0.0,Medium
0.08154088004245837,-0.9683214218055652,-0.7103954007623127,-1.782401739804846,-0.042022838755661186,0.20960930628490132,2.010639548521292,-0.062068127634301674,-0.45247419187687776,0.0,0.0,1.0,0.0,0.0,0.0,0.0,0.0,Medium
-0.3215349795784282,-1.6800550114023223,0.6669827491270568,-1.2997797580613695,1.57374610494218,0.4577663140123384,-0.5109482869363354,-0.29876668560606884,-0.48634107000543914,0.0,0.0,0.0,0.0,1.0,0.0,0.0,0.0,Medium
-2.780980902688923,-0.18730403145160168,-0.09742606704191288,0.5435680888755208,1.1969236657758986,-0.18589092478070077,-1.4482924561378618,0.5934048021336678,-0.7177647372172749,0.0,0.0,0.0,0.0,0.0,0.0,1.0,0.0,Medium
0.43679418004730786,1.494402768746046,2.3472398639135643,0.9457530736617514,-0.8641808878457286,-1.8299311009749704,-1.7585401741130147,-0.6871950884315322,0.0028471696293372005,1.0,0.0,0.0,0.0,0.0,0.0,0.0,0.0,Medium
0.1703542050436705,1.0094161634456007,-0.010889219928444478,0.10786768869043761,-0.9098563350173988,0.8532665450779405,-0.33932188975859107,-0.6811258946373843,-0.0310197084992255,0.0,1.0,0.0,0.0,0.0,0.0,0.0,0.0,Medium
0.7920474800521573,1.2487602024250408,0.5516002863090986,-0.9244071055942209,1.0884444787431817,-2.0625782957194425,-0.5307513327645365,1.3520540264021512,0.7516814749164182,0.0,0.0,0.0,0.0,0.0,0.0,0.0,1.0,Medium
0.3138218838917833,-0.3825583790400922,-0.05415764348517817,2.4003221019719523,1.219761389361734,-0.8450579765567056,0.7366436002403443,1.1517706311952718,1.7451099000208867,0.0,0.0,0.0,0.0,1.0,0.0,0.0,0.0,Low
-0.06875859303651653,-0.7730670742170742,0.8905362708368493,1.039596236778539,1.459557487013004,1.2332569631605785,0.12935019484217214,-1.6279201265244516,0.7328665426227714,0.0,0.0,0.0,1.0,0.0,0.0,0.0,0.0,Medium
0.02005473196469657,-0.6407980000442255,1.222260851438477,1.468593553883851,-0.8927280423280226,-1.1319895167415541,0.2283654239831784,1.4855762898734044,0.6275029217783576,0.0,1.0,0.0,0.0,0.0,0.0,0.0,0.0,Medium
1.4410679319840936,1.8219261905073858,-0.03973483563293429,0.315663264163324,-1.5093465791455731,0.20185439979341935,-0.6891756993901469,-1.1545230105809177,0.021662101922981365,0.0,1.0,0.0,0.0,0.0,0.0,0.0,0.0,Medium
-0.9978826084338143,1.4440145500135324,-0.1623287023770134,-1.0048441025514667,0.5346296817866779,-0.1393614858318068,2.2614781290118406,0.2595991434555351,0.8739785348251106,0.0,0.0,0.0,0.0,0.0,0.0,1.0,0.0,Medium
0.9081879819768197,-0.6030068359948401,-2.4267095351794317,0.10116460561066748,0.6830748850946063,-0.69771475321854,1.1591085779086372,-0.06813732142844962,-0.21164305851821855,0.0,0.0,0.0,0.0,0.0,1.0,0.0,0.0,Medium
-0.8339195468931146,-0.20619961347629417,-0.10463747096803483,-1.226045844183894,0.2719958605495729,1.4426394384306038,-1.4152873797575265,-0.2684207166353295,-0.887099127860083,1.0,0.0,0.0,0.0,0.0,0.0,0.0,0.0,Medium
0.8535336281299191,0.18430908170068783,0.28477834104257144,-0.8506731917167452,0.46040708013271364,1.1246882722798246,-2.0687878920881677,-1.2212841423165444,-0.5220894413633647,1.0,0.0,0.0,0.0,0.0,0.0,0.0,0.0,Medium
-0.3283667738092908,0.927535308005266,0.28477834104257144,1.0060808213796864,-0.4359735706113184,-1.6980976906197698,0.4197948669891233,0.556989639368781,0.3490419238324101,0.0,0.0,0.0,0.0,0.0,0.0,0.0,1.0,Medium
0.9970013069780319,-3.2546868467933776,0.23429851355971584,-0.6696899485629412,-0.4245547088184007,-0.899342321997082,-0.79479194380722,0.6965810966341817,-1.4910584544860939,0.0,0.0,0.0,0.0,1.0,0.0,0.0,0.0,Medium
-1.455612821901601,-0.22509519550098664,0.49390905490012005,2.4003221019719523,-0.5216150340582004,1.0626490203479655,-0.1412914314765785,-0.7843021891378982,0.17218156027214537,0.0,0.0,0.0,0.0,0.0,0.0,1.0,0.0,Medium
-0.8885739007400144,-1.2832477888837763,-0.05415764348517817,0.6910359166304723,-0.24185292013171925,1.0626490203479655,-0.6957767146662136,1.2549469256957857,-0.09875346475634823,0.0,0.0,0.0,0.0,1.0,0.0,0.0,0.0,Medium
-1.8860158584459374,-1.0313066952212073,-0.5373217065353758,-0.6965022808820236,-0.4131358470254833,0.24062893225083137,0.6376283710993379,-0.6143647629017577,-1.5625551972019462,0.0,0.0,0.0,0.0,0.0,0.0,1.0,0.0,Medium
0.054213703119009,-0.936828785097744,1.1140897925466418,-0.9311101886739915,-0.2989472290963073,-0.10834185986587674,-1.0324284937456352,0.4356057634858236,-0.6500309809601521,1.0,0.0,0.0,0.0,0.0,0.0,0.0,0.0,Medium
-0.6221339257363775,-0.4140510157479133,0.6020801137919553,1.528921301601786,-0.8584714569492696,-1.3879014309604736,-1.382282303377191,1.7344132354334667,-0.23045799081186405,1.0,0.0,0.0,0.0,0.0,0.0,0.0,0.0,Medium
-0.9295646661251894,-0.10542317601126651,0.24150991748583778,-0.810454693238122,1.8477987879722022,-0.4030283065422089,-0.33932188975859107,0.3931214069267884,0.10444780401501996,0.0,0.0,0.0,0.0,0.0,0.0,1.0,0.0,Medium
-0.24638524303894077,-0.3069760509413218,-0.3426138005300727,0.26874168260493025,-1.800527554864972,-0.3177243351359018,-1.3690802728250566,-1.7189580334366696,-2.2097888681033417,0.0,1.0,0.0,0.0,0.0,0.0,0.0,0.0,High
-1.0388733738189893,0.7133853783920819,0.652559941274812,1.461890470804081,0.03790919379476196,0.38797215558899634,-1.3426762117207884,-1.0756234912569957,-0.12697586319681448,1.0,0.0,0.0,0.0,0.0,0.0,0.0,0.0,Medium
-1.1823410526671017,-0.7667685468755099,0.8977476747629712,0.007321442493879959,1.3853348853590397,-1.6050388127219808,1.5551694944726624,0.84224174769373,0.5672951384386942,0.0,0.0,0.0,0.0,0.0,0.0,1.0,0.0,Medium
-0.62896571996724,0.3039811011904075,-0.933948922472105,-0.7434238624404169,2.076176023830554,0.03900136347228824,-0.11488737037231025,-1.8221343279371833,-0.5484303465744681,0.0,0.0,0.0,1.0,0.0,0.0,0.0,0.0,Medium
-0.17123550649945382,1.815627663165821,0.6453485373486889,0.9256438244224401,-0.17904918027067235,-0.4805773714570324,0.8488608599334839,-0.30483587940021634,1.118572654642498,0.0,0.0,0.0,1.0,0.0,0.0,0.0,0.0,Low
-2.705831166149436,-1.705249120768579,-1.957968279981479,0.5770835042743734,0.6316900070264777,1.7063062591410048,-1.3756812881011238,1.3702616077845946,-1.1862565513290415,0.0,0.0,0.0,0.0,0.0,0.0,1.0,0.0,High
0.5051121223559327,0.16541349967599533,-0.7969322478757805,2.1724172772597545,-1.0754298310147044,-0.2556850832040428,-1.5011005783463984,1.3702616077845946,0.21357441131816465,1.0,0.0,0.0,0.0,0.0,0.0,0.0,0.0,Medium
0.3001582954300581,0.5370266128282839,0.11170464681563567,-0.6428776162438593,-0.1961774729600486,-0.814038350590776,0.40659283643698996,-1.0452775222862563,-0.4731706173998874,0.0,0.0,0.0,1.0,0.0,0.0,0.0,0.0,Medium
-2.459886573838386,0.3039811011904075,0.7967880197972589,0.5301619227159796,-1.9375538963799832,0.9385705164842476,-0.4713421952799328,0.2474607558672392,-0.8720471820251658,0.0,0.0,0.0,0.0,0.0,0.0,1.0,0.0,Medium
-2.0773060969100867,-0.6407980000442255,1.510717008483371,0.38269409496102913,0.9171615518494177,0.6051095373505034,-0.39873102724319476,0.3506370503677531,0.22674486392371504,0.0,0.0,0.0,0.0,0.0,0.0,1.0,0.0,Medium
-1.7152210026743753,-0.7352759101676888,-0.42915064764354055,-0.006084723665661253,-0.7728299935023877,-1.6903427841282872,0.18875933232677533,-1.4337059251117197,-2.326441448323943,0.0,0.0,0.0,0.0,0.0,0.0,1.0,0.0,High
-0.2258898603463535,0.6881912690258256,-0.20559712593374813,-0.6897991978022531,-0.37316983075027155,0.37246234260603134,0.3273806531241847,-1.3183912430229103,-0.5653637856387494,0.0,0.0,0.0,1.0,0.0,0.0,0.0,0.0,Medium
0.18401779350539565,-0.3951554337232208,-0.8474120753586372,0.3022570980037828,-0.5729999121263296,-1.015665919369318,-1.1050396617823732,-0.8753400960501162,-1.530569812302749,1.0,0.0,0.0,0.0,0.0,0.0,0.0,0.0,Medium
-0.8407513411239773,-1.2706507342006477,0.9049590786890942,1.770232292473524,1.8363799261792846,0.7989821996375635,0.6244263405472036,-0.5840187939310183,1.146795053082967,0.0,0.0,0.0,0.0,1.0,0.0,0.0,0.0,Low
-2.1387922449878496,1.1920734563509634,0.4073722077866516,0.2620385995251592,0.7059126086804419,-0.29445961566145484,-0.12148838564837743,-1.2212841423165444,-0.3809774491610254,0.0,0.0,0.0,0.0,0.0,0.0,1.0,0.0,Medium
-0.06875859303651653,-1.9068019956986342,0.19103009000298113,0.7513636643484072,-0.2989472290963073,1.3340707475498497,-0.6627716382858783,1.9893193747876772,0.4054867207133453,0.0,0.0,0.0,0.0,1.0,0.0,0.0,0.0,Medium
1.085814631979244,-0.2502893048672439,1.7126363184147977,0.731254415109095,1.2140519584652756,-1.2870876465712022,-1.1050396617823732,-0.7903713829320457,0.5052058618696652,1.0,0.0,0.0,0.0,0.0,0.0,0.0,0.0,Medium
-0.3010395968858405,0.7448780150999031,-1.2440392912953664,0.3290694303228643,1.8649270806615785,0.15532496084452427,0.9412750737984236,-1.464051894082459,0.4675759972823742,0.0,0.0,0.0,1.0,0.0,0.0,0.0,0.0,Medium
-1.1891728468979637,0.675594214342697,-0.1839629141553813,1.2272825630121131,0.39189390937520785,-1.5042250283327097,0.1491532406703732,0.18676881792576053,0.0442400206753565,0.0,0.0,0.0,0.0,0.0,0.0,1.0,0.0,Medium
-1.0866959334350264,-0.6470965273857897,-0.8618348832108815,-0.5691437023663836,0.02078090110538572,-0.4805773714570324,0.9874821807308933,-0.6750567008432363,-1.1429822070536582,0.0,0.0,0.0,0.0,0.0,0.0,1.0,0.0,Medium
1.400077166598918,0.07723411689409586,0.3857379960082848,0.26874168260493025,-1.3837390994234795,1.2177471501776136,1.4561542653316562,0.26566833724968264,1.1524395327710608,0.0,1.0,0.0,0.0,0.0,0.0,0.0,0.0,Low
1.0789828377483819,-1.0313066952212073,-0.515687494757009,-2.640396374015472,-1.3152259286659738,-0.05405751442550081,0.10954714901397106,0.2778067248379785,-1.5192808529265627,0.0,0.0,1.0,0.0,0.0,0.0,0.0,0.0,Medium
-1.3599677026695258,0.2787869918241512,-0.6022243418704774,-0.8774855240358271,0.5860145598548074,0.5120506594527154,-0.6891756993901469,0.180699624131613,-0.648149487730788,0.0,0.0,0.0,0.0,0.0,0.0,1.0,0.0,Medium
-0.07559038726737863,-0.8108582382664596,-0.7176068046884346,1.4283750554052284,-0.4359735706113184,-2.380529461870221,1.9248263499324196,0.21104559310235235,-0.1965911126833027,0.0,0.0,0.0,0.0,0.0,0.0,0.0,1.0,Medium
-0.8339195468931146,-0.5463200899207621,-0.1623287023770134,-1.1456088472266475,0.2719958605495729,-0.837303070065223,2.10305376238623,-1.1302462354043263,-0.7760910273275755,0.0,0.0,0.0,1.0,0.0,0.0,0.0,0.0,Medium
-1.9270066238311125,0.2913840465072798,-0.49405328297864215,-1.8159171552036986,-1.4065768230093147,0.11655042838711226,0.5584161877865327,-1.3244604368170583,-2.211670361332707,0.0,0.0,0.0,0.0,0.0,0.0,1.0,0.0,High
0.33431726658437055,-0.12431875803595945,0.47227484312175316,1.9109970371487053,1.2939839910156983,0.8222469191120115,-0.5307513327645365,0.37491382554434494,1.6322203062590137,1.0,0.0,0.0,0.0,0.0,0.0,0.0,0.0,Low
0.3001582954300581,-1.8249211402582997,-0.7969322478757805,-0.12003713602175964,-0.18475861116713121,0.2328740257593483,1.4297502042273882,1.6130293595505092,0.24932278267609018,0.0,0.0,0.0,0.0,1.0,0.0,0.0,0.0,Medium
-0.6153021315055149,-0.3636627970153997,-0.23444274163823745,0.0274306917331913,1.2425991129475695,2.342208591442562,1.6145786319572666,1.6919288788744313,2.03862284380175,0.0,0.0,0.0,0.0,0.0,0.0,1.0,0.0,Low
-0.9295646661251894,1.0031176361040368,-0.5661673222398657,-0.11333405294198903,-1.2581316197013859,0.8455116385864585,1.2449217764975091,-0.8449941270793768,-0.3151251861332668,0.0,1.0,0.0,0.0,0.0,0.0,0.0,0.0,Medium
-0.73827442766104,0.36066784726448586,2.094840726499282,0.19500776872745407,-0.5444527576440356,-0.12385167284884177,-1.1380447381627086,2.3838169714072888,0.8890304806600264,1.0,0.0,0.0,0.0,0.0,0.0,0.0,0.0,Medium
-0.21222627188462834,-0.9746199491471295,0.7102511726837906,-0.46189437309005577,1.0598973242608878,-1.3801465244689912,0.9544771043505579,1.9286274368461986,0.7385110223108652,0.0,0.0,0.0,0.0,1.0,0.0,0.0,0.0,Medium
0.7442249204361197,-0.9683214218055652,0.12612745466788058,-0.0932248037026777,-0.5672904812298707,-0.30996942864441984,-2.9071168321486875,0.6176815773102596,-1.2201234294576029,1.0,0.0,0.0,0.0,0.0,0.0,0.0,0.0,Medium
0.43679418004730786,1.3747307492563254,-0.9051033067676157,0.6642235843113898,-0.9954977984642809,-0.3875184935592439,0.5056080655779962,1.1639090187835677,0.7046441441823051,0.0,1.0,0.0,0.0,0.0,0.0,0.0,0.0,Low
0.6690751838966328,-0.3951554337232208,0.003533587923800427,-0.4820036223293671,-0.0705699932379552,0.7214331347227394,0.14255222539430648,0.8968644918410611,0.5033243686402997,0.0,0.0,1.0,0.0,0.0,0.0,0.0,0.0,Low
-1.2506589949757265,0.007950316136889764,-1.3377875423349568,-0.5758467854461542,0.5803051289583482,-0.736489285675952,-0.2271046300654509,1.8133127547573886,-0.4280147798951385,0.0,0.0,0.0,0.0,0.0,1.0,0.0,0.0,Medium
-2.6238496353790857,-0.42034954308947764,-0.2849225691210936,-0.012787806745431382,-0.2989472290963073,-0.14711639232328877,0.45940095864552644,1.8800738864930158,-0.43365925958323226,0.0,0.0,0.0,0.0,0.0,0.0,1.0,0.0,Medium
0.4982803281250706,-0.8675449843405375,-0.40030503193905126,-0.12003713602175964,0.14638838082747951,0.8300018256034934,0.030334965701165832,0.6298199648985546,0.2417968097586309,0.0,0.0,0.0,0.0,1.0,0.0,0.0,0.0,Medium
-0.499161629580853,2.054971702145262,1.0419757532854181,-1.7689955736453054,-0.1619208875812961,1.1789726177202016,0.974280150178759,-0.06813732142844962,0.9266603452473174,0.0,0.0,1.0,0.0,0.0,0.0,0.0,0.0,Medium
1.564040228139618,1.3432381125485042,0.3424695724515511,0.9256438244224401,1.8763459424544964,-0.1393614858318068,-0.728781791046549,2.32312503346581,2.847664932428497,1.0,0.0,0.0,0.0,0.0,0.0,0.0,0.0,Low
0.5939254473571448,0.4929369214373342,-0.5878015340182324,-0.4551912900102852,1.0313501697785938,0.49654084646975044,0.7894517224488807,0.26566833724968264,0.9962755947338057,0.0,0.0,0.0,0.0,0.0,1.0,0.0,0.0,Low
-0.7656016045844898,0.4803398667542065,0.11891605074175762,0.8116914120663412,-1.6349540588676668,0.5973546308590214,1.1525075626325705,-0.23807474766459016,0.06493644619836615,0.0,1.0,0.0,0.0,0.0,0.0,0.0,0.0,Medium
-1.373631291131251,-1.0690978592705929,-0.292133973047216,-1.5276845827735668,0.06074691738059749,-1.4189210569264032,-0.8806051423960923,0.6055431897219637,-1.987772667038328,0.0,0.0,1.0,0.0,0.0,0.0,0.0,0.0,High
-0.17123550649945382,0.16541349967599533,-0.3426138005300727,-2.539850127818914,-0.9041469041209403,-0.876077602522635,2.2614781290118406,1.5280606464324398,-0.23986545695868614,0.0,0.0,1.0,0.0,0.0,0.0,0.0,0.0,Medium
-0.41034830457964033,0.11502528094348083,0.35689238030379494,0.6910359166304723,-0.1619208875812961,-0.682204940235575,-1.243660982579782,-0.9724471967564817,-0.8325358242085107,1.0,0.0,0.0,0.0,0.0,0.0,0.0,0.0,Medium
-0.3761893334253279,-0.3447672149907072,0.29198974496869445,-0.3345357945744157,-0.2875283673033895,-0.3797635870677608,-1.0390295090217023,-0.38373539872413887,-1.0319741065211505,1.0,0.0,0.0,0.0,0.0,0.0,0.0,0.0,Medium
-1.8860158584459374,-0.3321701603075786,-0.42915064764354055,-0.6830961147224824,-0.4359735706113184,0.45001140752085533,-0.3459229050346583,1.5644758091973265,-0.7140017507585465,0.0,0.0,0.0,0.0,0.0,0.0,1.0,0.0,Medium
-1.0115461968955395,0.34177226523979337,0.501120458826242,-0.78364236091904,0.08358464096643262,0.5585800984016094,1.1327045168043695,-0.49298088701880033,0.08375137849201031,0.0,0.0,0.0,0.0,0.0,0.0,1.0,0.0,Medium
0.18401779350539565,0.7700721244661604,0.7030397687576686,-1.0249533517907785,-0.5330338958511183,-1.7756467555345938,0.46600197392159315,-0.46870411184220895,-0.5540748262625619,0.0,0.0,0.0,0.0,0.0,0.0,0.0,1.0,Medium
-0.8885739007400144,0.4866383940957703,-0.03252343170681132,1.160251732214408,-0.08769828592733143,0.1087955218956303,-0.9334132646046288,0.8543801352820259,0.2681377149697343,1.0,0.0,0.0,0.0,0.0,0.0,0.0,0.0,Medium
0.9833377185163067,1.740045335067051,-0.49405328297864215,-1.018250268711008,0.9799652917104642,0.7989821996375635,1.9512304110366876,-0.2441439414587377,1.7168875015804177,0.0,0.0,1.0,0.0,0.0,0.0,0.0,0.0,Low
1.2771048704433934,0.24099582777476528,-0.018100623854566417,0.3022570980037828,-0.26469064371755435,-0.4418028389996209,0.2745725309156482,-0.09848329039918896,0.4468795717593646,0.0,1.0,0.0,0.0,0.0,0.0,0.0,0.0,Low
-0.8339195468931146,2.2187334130259315,-0.933948922472105,0.556974255035062,0.45469764923625433,0.5042957529612324,-0.009271125955237247,1.4612995146968126,1.3349443760194193,0.0,0.0,0.0,0.0,0.0,1.0,0.0,0.0,Low
0.9081879819768197,-0.048736429937188595,-0.19117431808150323,0.6843328335507021,0.5631768362689719,0.2716485582167603,1.7862050291350104,-1.385152374758537,0.8852674942012981,0.0,0.0,0.0,1.0,0.0,0.0,0.0,0.0,Low
-0.2532170372698029,1.280252839132862,-1.6623007190104626,-0.6361745331640887,-0.1961774729600486,-0.705469659710022,0.043536996253300195,0.3202910813970138,-0.5296154142808226,0.0,0.0,0.0,0.0,0.0,1.0,0.0,0.0,Medium
1.8646391742975679,0.9653264720546509,-0.025312027780689382,0.6642235843113898,2.4187418776180825,-0.9070972284885646,-1.5077015936224656,0.02290058548376838,1.4196115713408235,1.0,0.0,0.0,0.0,0.0,0.0,0.0,0.0,Low
0.38213982620040815,0.18430908170068783,-0.515687494757009,0.06764919021181494,-1.1039769854969983,1.4503943449220857,1.2185177153932414,0.20497639930820397,0.5541246858331411,0.0,1.0,0.0,0.0,0.0,0.0,0.0,0.0,Medium
0.7715520973595701,-0.2502893048672439,-0.4579962633480304,0.6105989196732259,-0.3103660908892246,0.5275604724356794,-0.36572595086285936,-0.4019429801065823,-0.015967762664306964,0.0,0.0,0.0,0.0,0.0,1.0,0.0,0.0,Medium
-0.2395534488080787,1.1920734563509634,0.5443888823829767,0.14808618716906125,1.5052329341846742,-1.7446271295686644,-0.29311478282612174,1.1699782125777152,1.0320239660917312,0.0,0.0,0.0,0.0,0.0,0.0,0.0,1.0,Low
0.30699008966092023,-0.6219024180195329,-0.2849225691210936,0.4698341749980456,0.9742558608140057,1.6830415396665577,-0.4185340730713963,0.13214607377842982,0.7592074478338748,0.0,0.0,0.0,0.0,1.0,0.0,0.0,0.0,Low
-0.7246108391993148,1.632970370260459,1.8352301851588768,-0.4820036223293671,-1.7377238150039254,0.4810310334867854,0.06994105735756798,-1.573297382377121,-0.3659255033261095,0.0,1.0,0.0,0.0,0.0,0.0,0.0,0.0,Medium
0.04055011465728383,-1.421815390398189,2.368874075691931,1.8171538740319177,-1.1268147090828335,0.8997959840268356,1.330734975086382,-1.7735807775840005,0.48827242280538385,0.0,0.0,0.0,1.0,0.0,0.0,0.0,0.0,Medium
-0.8065923699696649,1.0472073274949865,-0.436362051569663,-0.24739571453739925,-1.4065768230093147,1.0781588333309307,1.2317197459453757,2.195671963788705,0.9210158655592237,0.0,1.0,0.0,0.0,0.0,0.0,0.0,0.0,Medium
1.1063100146718312,1.2235660930587846,-0.7103954007623127,-0.012787806745431382,-1.1096864163934568,0.24062893225083137,-0.19409955368511547,0.40525979451508426,0.3057675795570253,0.0,1.0,0.0,0.0,0.0,0.0,0.0,0.0,Medium
-2.2822599238359613,1.1542822923015776,-0.5878015340182324,0.33577251340263536,1.7678667554217786,-0.6666951272526099,-0.9004081882242934,0.7876190035463997,0.0818698852626475,0.0,0.0,0.0,0.0,0.0,0.0,1.0,0.0,Medium
0.6007572415880079,-1.3210389529331616,-0.7680866321712913,-0.04630322214428394,0.42044106385750185,0.7446978541971875,0.06334004208150126,-0.44442733666561757,-0.30383622675708055,0.0,0.0,0.0,0.0,1.0,0.0,0.0,0.0,Medium
-1.223331818052276,-2.3980871283406433,-0.8113550557280255,-0.7166115301213349,1.116991633225476,0.2328740257593483,0.46600197392159315,1.8618663051105724,-0.41484432728958676,0.0,0.0,0.0,0.0,1.0,0.0,0.0,0.0,Medium
2.178901708917242,0.07093558955253199,0.3208353606731832,0.33577251340263536,-1.1839090180474214,0.3957270620804794,-0.4647411800038656,2.177464382406261,1.3086034708083158,0.0,1.0,0.0,0.0,0.0,0.0,0.0,0.0,Low
0.7510567146669818,-0.18100550411003735,0.8184222315756258,1.4551873877243109,0.20348268979206754,-0.938116854454494,-0.5901604702491406,-2.2348395059392385,-0.30948070644517434,0.0,0.0,0.0,1.0,0.0,0.0,0.0,0.0,Medium
0.8808608050533694,-1.0124111131965146,0.6309257294964451,0.8787222428640463,-1.4122862539057737,-1.108724797267107,0.6772344627557401,-0.41408136769487824,-0.39791088822530674,0.0,1.0,0.0,0.0,0.0,0.0,0.0,0.0,Medium
1.010664895439757,-1.365128644324111,0.6669827491270568,-0.5825498685259247,-0.007766253376908292,0.8687763580609055,-0.9994234173652997,-0.9421012277857423,-0.610519623143497,0.0,0.0,0.0,0.0,1.0,0.0,0.0,0.0,Medium
0.27966291273747085,-1.188769878760313,-0.14069449059864658,-1.0651718502694016,0.3176713077212436,-1.3801465244689912,1.264724822325711,-2.51402242047004,-1.5776071430368621,0.0,0.0,0.0,1.0,0.0,0.0,0.0,0.0,High
1.010664895439757,-0.28178194157506503,0.5732344980874655,-0.14014638526107098,-0.2818189364069306,-1.9927841372961008,1.0336892876633632,0.010762197895472473,0.03295106129916893,0.0,0.0,0.0,0.0,0.0,0.0,0.0,1.0,Medium
-0.62896571996724,-2.1965342534105887,-2.7151656922243257,1.5624367170006386,-0.2589812128210955,-1.4887152153497447,-0.6495696077337443,-2.3926385445870824,-3.0903276994459388,0.0,0.0,0.0,1.0,0.0,0.0,0.0,0.0,High
-0.9978826084338143,-0.4644392344804274,-1.1358682324035312,-0.26080188069694044,0.5688862671654303,-0.6899598467270575,0.9676791349026923,-1.7675115837898525,-1.2935016654028195,0.0,0.0,0.0,1.0,0.0,0.0,0.0,0.0,Medium
0.7783838915904321,-0.28808046891662886,-1.2873077148521006,1.7300137939949014,-1.6349540588676668,-2.1556371736172313,-0.6561706230098115,1.230670150519194,-0.7365796695109204,0.0,1.0,0.0,0.0,0.0,0.0,0.0,0.0,Medium
0.368476237738683,0.12762233562660946,-0.23444274163823745,-0.3881604592125801,0.5403391126831364,0.8377567320949755,0.3735877600566545,0.362775437956049,0.7121701170997617,0.0,0.0,1.0,0.0,0.0,0.0,0.0,0.0,Low
-1.4966035872867756,1.0786999642028077,2.368874075691931,0.6038958365934558,-2.034614221619783,0.8920410775353524,-0.4581401647277989,-1.4701210878766071,-0.4280147798951385,0.0,1.0,0.0,0.0,0.0,0.0,0.0,0.0,Medium
-0.21905806611549045,1.601477733552638,-1.0204857695855736,-0.7434238624404169,-0.9612412130855283,-0.9924011998948711,0.6640324322036057,-1.6886120644659304,-1.1862565513290415,0.0,0.0,0.0,1.0,0.0,0.0,0.0,0.0,Medium
-0.936396460356052,-0.17470697676847305,-0.3354023966039502,2.0249494495048044,0.4946636655114661,1.3495805605328146,0.8752649210377527,-0.001376189692823002,1.137387586936145,0.0,0.0,0.0,0.0,0.0,0.0,1.0,0.0,Low
-0.014104239189615862,0.11502528094348083,-1.9074884524986224,-0.7903454439988107,-0.3674603998538126,-3.4429516512033103,0.5518151725104651,0.22318398069064826,-1.7732824388907724,0.0,0.0,0.0,0.0,0.0,0.0,0.0,1.0,High
0.3479808550460957,-0.710081800801432,-0.21280852985987006,0.5167557565564393,2.224621227138483,-1.3491268985030618,-0.002670110679169597,-0.11062167798748487,0.42994613269508325,0.0,0.0,0.0,0.0,0.0,0.0,0.0,1.0,Medium
-0.7246108391993148,-1.3903227536903677,-2.4916121705145327,1.1870640645334904,-1.3323542213553505,0.5973546308590214,1.04029030293943,-1.737165614819113,-1.8353717154598026,0.0,0.0,0.0,0.0,0.0,1.0,0.0,0.0,High
-0.44450727573395277,0.8456544525649312,-0.3642480123084395,0.04083685789273251,0.152097811723938,1.1014235528053775,2.1624628998708344,0.84224174769373,1.5513160973963407,0.0,0.0,0.0,0.0,0.0,0.0,1.0,0.0,Low
-0.06192679880565346,1.7967320811411285,1.1213011964727646,-0.019490889825201987,0.38047504758229006,-1.0001561063863535,-1.1116406770584404,0.945418042194244,0.8325856837790913,1.0,0.0,0.0,0.0,0.0,0.0,0.0,0.0,Low
-0.6084703372746524,1.0031176361040368,-0.9627945381765949,-0.6495806993236298,0.3119618768247847,-0.5503715298803739,0.4131938517130566,-1.3426680181995017,-0.7873799867037631,0.0,0.0,0.0,1.0,0.0,0.0,0.0,0.0,Medium
-1.3599677026695258,-0.19990108613472984,-0.1623287023770134,0.14808618716906125,-1.1724901562545038,-1.1242346102500722,1.2119167001171738,1.376330801578743,-0.4035553679134005,0.0,1.0,0.0,0.0,0.0,0.0,0.0,0.0,Medium
0.38213982620040815,-0.08022906664500971,1.3232205064041902,-0.8305639424774338,0.3690561857893723,-1.2172934881478605,-0.25350869116971914,1.285292894666525,0.43182762592444873,0.0,0.0,1.0,0.0,0.0,0.0,0.0,0.0,Medium
0.450457768509033,0.07723411689409586,-0.046946239559056226,-0.37475429305303887,0.44898821833979585,0.3414427166401024,1.792806044411078,1.467368708490961,1.5325011651026939,0.0,0.0,1.0,0.0,0.0,0.0,0.0,0.0,Low
-0.9978826084338143,1.3054469484991194,-1.7560489700500534,0.7245513320293248,-0.4930678795759064,-0.2634399896955248,1.1921136542889725,-0.6265031504900536,-0.27561382831661296,0.0,0.0,0.0,0.0,0.0,1.0,0.0,0.0,Medium
-0.4786662468882652,0.22210024575007278,0.6958283648315456,0.3424755964824055,-2.0174859289304066,-1.6127937192134632,-0.36572595086285936,1.5766141967856224,-0.5747712517855715,0.0,1.0,0.0,0.0,0.0,0.0,0.0,0.0,Medium
0.8876925992842315,-0.6156038906779686,0.025167799702167273,-0.019490889825201987,0.6316900070264777,2.342208591442562,0.08314308790970233,-0.34125104216510366,0.9454752775409643,0.0,0.0,0.0,0.0,1.0,0.0,0.0,0.0,Low
-0.5128252180425776,0.4740413394126417,-1.4171129855223028,0.8787222428640463,0.44898821833979585,-0.28670470916997287,0.28777456146778163,-1.2819760802580231,-0.44871120541814813,0.0,0.0,0.0,0.0,0.0,1.0,0.0,0.0,Medium
1.3385910185211563,0.1717120270175592,0.23429851355971584,-0.2742080468564812,0.22632041337790265,0.9385705164842476,-0.7023777299422809,0.945418042194244,1.000038581192534,1.0,0.0,0.0,0.0,0.0,0.0,0.0,0.0,Low
2.0490976185308543,0.39845901131387085,-0.06858045133742308,-0.6495806993236298,-0.7671205626059288,2.233639900561808,0.43959791281732535,-1.3972907623468325,0.5804655910442446,0.0,0.0,0.0,1.0,0.0,0.0,0.0,0.0,Medium
0.4572895627398951,1.4377160226719676,0.15497307037236938,0.9658623229010628,-0.9669506439819868,0.6671487892823635,-0.12148838564837743,0.089661717219395,0.8796230145132043,0.0,1.0,0.0,0.0,0.0,0.0,0.0,0.0,Low
0.10203626273504562,-1.4344124450813176,-0.018100623854566417,0.8921284090235875,1.4995235032882157,0.26389365172527834,-0.3327208744825239,0.180699624131613,0.4562870379061867,0.0,0.0,0.0,0.0,1.0,0.0,0.0,0.0,Medium
0.7032341550509452,-0.7289773828261245,0.44342922741726337,-1.1858273457052708,0.17493553530977352,-0.34874396110183187,-0.5175493022124026,0.05324655445450772,-0.4995115226109908,0.0,0.0,1.0,0.0,0.0,0.0,0.0,0.0,Medium
1.010664895439757,0.058338534869403366,0.15497307037236938,-0.012787806745431382,1.316821714601534,1.4581492514135677,-0.79479194380722,-0.03172215866356234,1.1054022020369476,1.0,0.0,0.0,0.0,0.0,0.0,0.0,0.0,Low
-1.8860158584459374,1.0912970188859354,1.640522279153574,-0.6965022808820236,1.019931307985676,-0.19364583127218382,-0.5439533633166709,0.6540967400751465,0.46945749051173974,0.0,0.0,0.0,0.0,0.0,0.0,1.0,0.0,Medium
0.5187757108176578,0.2535928824578939,-0.6454927654272111,-0.5624406192866134,-1.9032973110012306,-0.6279205947951979,0.1029461337379034,-0.6143647629017577,-1.3104351044671008,0.0,1.0,0.0,0.0,0.0,0.0,0.0,0.0,Medium
-0.6904518680450024,0.3732649019476145,-0.018100623854566417,1.6294675477983436,-1.1439430017722099,0.8997959840268356,-0.43833711889959737,0.3202910813970138,0.2380338232999026,0.0,1.0,0.0,0.0,0.0,0.0,0.0,0.0,Medium
0.2591675300448836,0.9212367806637021,0.017956395776045332,0.6642235843113898,-0.6529319446767528,0.6981684152482924,-1.2172569214755138,-0.4019429801065823,0.025425088381712334,1.0,0.0,0.0,0.0,0.0,0.0,0.0,0.0,Medium
-0.3556939507327406,-1.5477859372294733,1.8712872047894884,-1.2528581765029758,1.4652669179094624,0.3569525296230674,0.4131938517130566,0.3991906007209359,0.48450943634665555,0.0,0.0,0.0,0.0,1.0,0.0,0.0,0.0,Medium
2.178901708917242,-0.14321434006065195,-1.7272033543455636,0.556974255035062,-1.0354638147394926,0.9230607035012826,0.5122090808540629,0.12000768619013434,0.4111312004014391,0.0,0.0,0.0,0.0,0.0,1.0,0.0,0.0,Medium
-1.6469030603657504,-0.7163803281429962,-0.6166471497227218,-0.46189437309005577,0.6202711452335599,0.20960930628490132,2.2614781290118406,0.09573091101354253,-0.0347826949579538,0.0,0.0,0.0,0.0,0.0,0.0,1.0,0.0,Medium
-0.936396460356052,0.9905205814209082,0.8039994237233808,1.099923984496473,0.7972635030237825,-1.5429995607901217,-1.1182416923345075,-0.9481704215798904,-0.2097615652888544,1.0,0.0,0.0,0.0,0.0,0.0,0.0,0.0,Medium
-0.9910508142029517,-0.06763201196188108,0.6958283648315456,0.9189407413426699,-0.9041469041209403,-0.015282981968088798,-1.6265198685916729,-0.092414096605041,-0.8099579054561369,1.0,0.0,0.0,0.0,0.0,0.0,0.0,0.0,Medium
0.16352241081280838,0.7385794877583393,-0.39309362801292885,1.0127839044594564,1.6708064301819798,0.7757174801631165,1.3373359903624487,-0.8632017084618203,1.624694333341557,0.0,0.0,0.0,1.0,0.0,0.0,0.0,0.0,Low
-0.26688062573152804,1.072401436861243,-1.4387471973006696,-0.7635331116797287,0.28341472234249065,-0.5581264363718564,-0.11488737037231025,-0.2562823290470336,-0.6218085825196845,0.0,0.0,0.0,0.0,0.0,1.0,0.0,0.0,Medium
0.6485798012040445,-1.2139639881265698,1.1789924278817432,-0.294317296095793,1.2140519584652756,0.9773450489416596,-0.08188229399197482,0.38705221313264,0.9680531962933367,0.0,0.0,0.0,0.0,1.0,0.0,0.0,0.0,Low
0.5597664762028324,0.996819108762472,-0.27049976126884917,-1.3064828411411398,-1.2410033270120095,1.6675317266835927,1.858816197171749,0.2595991434555351,0.7761408868981562,0.0,1.0,0.0,0.0,0.0,0.0,0.0,0.0,Medium
0.5939254473571448,0.7070868510505182,-0.292133973047216,-0.07311555446336589,1.1284104950183935,1.3418256540413316,1.4033461431231196,-0.8389249332852289,1.3951521593590854,0.0,0.0,0.0,1.0,0.0,0.0,0.0,0.0,Low
-0.06875859303651653,-1.3147404255915975,-0.3354023966039502,-0.7970485270785813,0.5117919582008423,0.3414427166401024,0.657431416927539,0.44167495727997114,-0.18342066007775099,0.0,0.0,0.0,0.0,1.0,0.0,0.0,0.0,Medium
-1.1481820815127892,-0.42664807043104197,2.1164749382776487,-0.7702361947594989,0.40902220206458406,-0.5581264363718564,1.6607857388897362,0.00469300410132452,0.45816853113555217,0.0,0.0,0.0,0.0,0.0,0.0,1.0,0.0,Medium
-1.3531359084386636,-0.4392451251141706,-1.0709655970684302,0.7714729135877185,0.3062524459283258,-0.21691055074663082,1.5287654333683947,-0.3169742669885123,-0.22669500435313442,0.0,0.0,0.0,0.0,0.0,0.0,1.0,0.0,Medium
0.38897162043127026,0.9149382533221373,-0.19838572200762516,-0.19377104989923535,0.7972635030237825,-0.19364583127218382,-0.9334132646046288,0.9150720732235046,0.6350288946958169,1.0,0.0,0.0,0.0,0.0,0.0,0.0,0.0,Low
1.0243284839014812,0.4677428120710778,1.1140897925466418,-0.7903454439988107,0.7287503322662775,2.342208591442562,1.5221644180923268,0.8786569104586177,2.507114657913518,0.0,0.0,1.0,0.0,0.0,0.0,0.0,0.0,Low
1.5981991992939304,-1.5540844645710377,0.45064063134338633,1.6093582985590322,-1.1896184489438804,-0.2246654572381128,0.06334004208150126,-0.456565724253913,-0.0310197084992255,0.0,0.0,0.0,0.0,1.0,0.0,0.0,0.0,Medium
-0.041431416113066194,1.2928498938159907,1.4241801613699037,0.9524561567415225,1.8135422025934498,-1.1009698907756247,1.5947755861290653,0.3931214069267884,2.401751037069104,0.0,0.0,0.0,0.0,0.0,0.0,0.0,1.0,Low
-1.1413502872819266,0.4236531206801281,1.6837907027103078,-0.991437936391926,0.39189390937520785,-0.3177243351359018,-0.17429650785691392,-0.9663780029623342,-0.40543686114276467,0.0,0.0,0.0,0.0,0.0,0.0,1.0,0.0,Medium
-1.9270066238311125,-0.11802023069439514,1.2511064671429668,-0.012787806745431382,0.40902220206458406,1.5822277552772868,0.9346740585223569,-0.8874784836384116,0.33398997799749425,0.0,0.0,0.0,0.0,0.0,0.0,1.0,0.0,Medium
0.19768138196712082,1.4062233859641464,0.6669827491270568,0.04083685789273251,-0.7499922699165525,-0.35649886759331384,1.964432441588822,-1.2637684988755795,0.6180954556315356,0.0,0.0,0.0,1.0,0.0,0.0,0.0,0.0,Medium
-0.06192679880565346,0.7511765424414678,-0.010889219928444478,1.6830922124365075,-0.26469064371755435,0.5740899113845744,2.2614781290118406,-0.7418178325788629,1.4290190374876455,0.0,0.0,0.0,1.0,0.0,0.0,0.0,0.0,Low
-0.7314426334301773,-0.5085289258713767,-0.22001993378599305,0.3558817626419467,1.659387568389062,-0.5581264363718564,-1.4350904255857275,-1.294114467846319,-0.887099127860083,1.0,0.0,0.0,0.0,0.0,0.0,0.0,0.0,Medium
-1.0252097853572641,-0.2628863595503721,0.4650634391956302,0.44302184267896316,2.4187418776180825,0.023491550489323214,0.18875933232677533,1.0789403056654971,1.3443518421662415,0.0,0.0,0.0,0.0,0.0,0.0,1.0,0.0,Low
-0.6084703372746524,-1.440710972422882,1.7414819341192864,-1.3399982565399922,1.0884444787431817,-1.4344308699093682,0.5254111114061973,1.182116600166011,0.008491649317430985,0.0,0.0,0.0,0.0,1.0,0.0,0.0,0.0,Medium
-0.34203036227101546,0.9779235267377795,-0.7608752282451687,-0.4283789576912032,0.42615049475396033,-1.6748329711453223,1.647583708337602,-1.0695542974628476,-0.3113621996745385,0.0,0.0,0.0,1.0,0.0,0.0,0.0,0.0,Medium
-1.093527727665889,0.41105606599699945,-0.8762576910631265,-0.6830961147224824,-0.4074264161290244,-0.5193519039144444,1.9116243193802853,1.1517706311952718,0.053647486822178576,0.0,0.0,0.0,0.0,0.0,0.0,1.0,0.0,Medium
-0.5879749545820651,0.4047575386554356,1.4818713927788822,-1.0517656841098606,-0.8870186114315637,0.6749036957738455,-1.5803127616592036,-1.9131722348494014,-1.4026282727059614,0.0,0.0,0.0,1.0,0.0,0.0,0.0,0.0,Medium
0.2181767646597081,-0.0739305393034454,0.3352581685254281,-0.31442654533510433,-0.11624544040962545,-0.705469659710022,0.5056080655779962,2.2563639017301838,0.838230163467185,0.0,0.0,1.0,0.0,0.0,0.0,0.0,0.0,Low
-0.10974935842169105,-0.004646738546238861,1.2511064671429668,1.2675010614907358,-0.2704000746140133,0.00022683101487622702,-0.6231655466294761,1.091078693253793,0.9022009332655795,1.0,0.0,0.0,0.0,0.0,0.0,0.0,0.0,Low
0.4982803281250706,0.4362501753632567,-0.9411603263982276,-0.8640793578762864,-0.0991171477202492,0.8610214515694236,-0.5835594549730735,-0.6811258946373843,-0.5277339210514584,0.0,0.0,0.0,0.0,0.0,1.0,0.0,0.0,Medium
-0.2395534488080787,-2.385490073657515,0.8833248669107273,0.6307081689125372,-0.29323779819984835,0.7369429477057045,0.9148710126941548,0.945418042194244,0.3302269915387633,0.0,0.0,0.0,0.0,1.0,0.0,0.0,0.0,Medium
0.5665982704336955,-0.3951554337232208,-1.4820156208574038,0.1816016025679138,0.8143917957131594,0.22511911926786635,-0.08188229399197482,-2.2712546687041253,-0.8776916617132596,0.0,0.0,0.0,1.0,0.0,0.0,0.0,0.0,Medium
0.5529346819719703,0.14021939030973807,-0.5301103026092538,-1.2595612595827463,1.516651795977592,0.38021724909751436,0.3735877600566545,1.285292894666525,1.000038581192534,0.0,0.0,1.0,0.0,0.0,0.0,0.0,0.0,Low
0.054213703119009,0.6441015776348759,0.1982414939291041,-0.39486354229235066,-0.4759395868865302,0.4034819685719614,-0.24690767589365198,-1.5186746382297898,-0.5653637856387494,0.0,0.0,0.0,1.0,0.0,0.0,0.0,0.0,Medium
-1.3258087315152134,-0.0991246486697022,-1.2728849069998558,1.649576797037655,0.7744257794379477,-0.13160657934032483,-1.3888833186532576,0.10180010480769049,-0.5051560022990846,1.0,0.0,0.0,0.0,0.0,0.0,0.0,0.0,Medium
-1.6195758834423006,-1.2958448435669045,0.20545289785522602,-1.2461550934232053,-1.2010373107367978,0.7912272931460815,0.8290578141052829,0.08359252342524705,-1.3386575029075685,0.0,0.0,0.0,0.0,0.0,0.0,1.0,0.0,Medium
0.6417480069731825,-1.5855771012788589,-0.7536638243190463,0.7982852459068001,-0.9326940586032343,2.047522144766231,-0.048877217611639386,1.8861430802871633,0.6124509759434418,0.0,0.0,0.0,0.0,1.0,0.0,0.0,0.0,Medium
-0.45817086419567793,-1.3336360076162899,-0.1623287023770134,0.9926746552201452,-0.6986073918484234,0.6904135087568105,-0.17429650785691392,-0.19559039110555493,-0.5766527450149357,0.0,0.0,0.0,0.0,1.0,0.0,0.0,0.0,Medium
0.04738190888814593,-0.6470965273857897,-1.5757638718969946,-2.0237127306765843,-1.166780725358045,1.7916102305473118,-0.2799127522739874,1.1517706311952718,-1.0395000794386084,0.0,0.0,1.0,0.0,0.0,0.0,0.0,0.0,Medium
1.0789828377483819,-1.0187096405380789,-0.436362051569663,0.1816016025679138,-0.002056822480449409,0.4577663140123384,1.264724822325711,0.48415931383900634,0.6895921983473893,0.0,0.0,0.0,0.0,1.0,0.0,0.0,0.0,Low
1.2156187223656316,0.4425487027048206,1.4097573535176586,-0.31442654533510433,-1.71488609141809,-0.41853811952517284,1.5089623875401925,0.2535299496613876,0.7366295290815024,0.0,1.0,0.0,0.0,0.0,0.0,0.0,0.0,Low
0.2659993242757457,1.5007012960876098,-0.5301103026092538,-0.2138802991385467,1.6022932594244739,-1.1940287686734137,0.036935980977232545,0.00469300410132452,0.71593310355849,0.0,0.0,0.0,0.0,0.0,0.0,0.0,1.0,Medium
1.0448238665940695,-0.7541714921923817,0.3641037842299179,-0.6294714500843185,1.4995235032882157,-1.0777051713011776,-0.2799127522739874,-2.3198082190573084,-0.7309351898228266,0.0,0.0,0.0,1.0,0.0,0.0,0.0,0.0,Medium
-0.5948067488129276,0.41735459333856423,-1.6478779111582182,2.4003221019719523,-2.5941384494727453,1.0083646749075885,-1.699131036628411,-0.4262197552831737,-1.2765682263385394,0.0,1.0,0.0,0.0,0.0,0.0,0.0,0.0,High
-0.15757191803772866,-0.48963334384668417,0.14055026252012445,-1.9566818998788793,0.5060825273043839,-1.3103523660456498,-1.1512467687148429,-1.4215675375234242,-2.0272840248549833,0.0,0.0,1.0,0.0,0.0,0.0,0.0,0.0,High
-0.3010395968858405,-1.1257846053446707,0.29198974496869445,-0.4082697084518914,-0.8299243024669757,-0.798528537607811,-0.26671072172185306,0.5630588331629285,-1.0319741065211505,0.0,0.0,0.0,0.0,1.0,0.0,0.0,0.0,Medium
1.4137407550606431,-1.6548609020360654,0.003533587923800427,0.6575205012316196,-0.7728299935023877,-0.9070972284885646,-0.6099635160773417,-1.0574159098745521,-1.120404288301283,0.0,0.0,0.0,0.0,1.0,0.0,0.0,0.0,Medium
-0.29420780265497837,-1.3588301169825467,-0.4435734554957855,-1.755589407485764,0.5917239907512659,0.8067371061290465,0.7696486766206797,-0.8874784836384116,-0.9510698976584762,0.0,0.0,1.0,0.0,0.0,0.0,0.0,0.0,Medium
-0.007272444958753764,0.02684589816158225,0.652559941274812,0.4631310919182745,-0.6586413755732116,-1.5585093737730862,1.060093348767631,-1.4154983437292763,-0.5314969075101881,0.0,0.0,0.0,1.0,0.0,0.0,0.0,0.0,Medium
0.5939254473571448,1.1857749290093986,-0.6959725929100677,-1.1523119303064182,-0.2190151965458841,-0.736489285675952,1.0204872571112287,-1.0452775222862563,-0.3395845981150061,0.0,0.0,0.0,1.0,0.0,0.0,0.0,0.0,Medium
1.3932453723680558,-0.3447672149907072,-0.05415764348517817,0.1681954364083726,-0.059151131445037426,-2.3650196488872566,-0.708978745218348,-1.476190281670755,-1.17308609872349,0.0,0.0,0.0,0.0,0.0,0.0,0.0,1.0,Medium
-1.4897717930559133,-0.7730670742170742,-0.8257778635802698,-0.5289252038877609,0.962836999021088,0.5198055659441974,0.9148710126941548,1.8133127547573886,0.326464005080035,0.0,0.0,0.0,0.0,0.0,0.0,1.0,0.0,Medium
1.2224505165964936,0.9023411986390086,-0.046946239559056226,0.8988314921033577,2.253168381620777,0.2794034647082434,0.9148710126941548,-1.379083180964389,1.8617624802414854,0.0,0.0,0.0,1.0,0.0,0.0,0.0,0.0,Low
-0.34203036227101546,0.7700721244661604,0.29198974496869445,-0.4551912900102852,-0.6300942210909176,0.8067371061290465,-0.35252392031072544,-0.644710731872497,-0.28502129446343505,0.0,1.0,0.0,0.0,0.0,0.0,0.0,0.0,Medium
0.5802618588954197,0.1717120270175592,-2.859393770746773,0.17489851948814272,0.2777052914460318,-0.2634399896955248,0.5056080655779962,-1.9981409479674712,-1.167441619035396,0.0,0.0,0.0,0.0,0.0,1.0,0.0,0.0,Medium
0.1430270281202211,-0.0991246486697022,-1.445958601226792,0.6910359166304723,-1.0126260911536575,0.3491976231315843,-0.2865137675500546,1.024317561518166,-0.23422097727059235,0.0,0.0,0.0,0.0,0.0,1.0,0.0,0.0,Medium
0.5939254473571448,-0.5589171446038907,-0.292133973047216,-0.7099084470415644,1.1683765112936046,-0.24017527022107782,-2.5440609919649977,-0.44442733666561757,-1.018803653915599,1.0,0.0,0.0,0.0,0.0,0.0,0.0,0.0,Medium
0.9491787473619943,0.37956342928917836,-0.5445331104614983,-0.7501269455201875,0.3405090313070787,0.7291880412142225,-0.24690767589365198,-0.6204339566959056,0.06117345973963785,0.0,0.0,1.0,0.0,0.0,0.0,0.0,0.0,Medium
-0.2532170372698029,0.2598914097994587,-1.6406665072320956,-1.7086678259273704,0.5403391126831364,-0.69771475321854,-1.2370599673037148,-0.3169742669885123,-1.677326284193182,0.0,0.0,1.0,0.0,0.0,0.0,0.0,0.0,Medium
-0.8680785180474271,0.7259824330752106,-0.23444274163823745,-0.43508204077097334,0.8315200884025358,-1.186273862181931,-0.002670110679169597,2.1653259948179655,0.5635321519799659,0.0,0.0,0.0,0.0,0.0,0.0,1.0,0.0,Medium
1.6938443185260057,0.7637735971245965,-0.27771116519497163,1.6629829631971962,-1.3837390994234795,1.3263158410583678,0.7300425849642765,1.1517706311952718,1.8993923448287764,0.0,1.0,0.0,0.0,0.0,0.0,0.0,0.0,Low
-0.4035165103487778,0.039442952844710874,-1.4026901776700578,0.4832403411575868,-0.2875283673033895,-2.0548233892279604,-0.9466152951567632,0.04110816686621181,-1.476006508651178,0.0,0.0,0.0,0.0,0.0,1.0,0.0,0.0,Medium
0.4982803281250706,-0.0991246486697022,-0.23444274163823745,0.02072760865342117,0.4946636655114661,-1.8376860074664527,0.5452141572343984,1.1092862746362364,0.33587147122685707,0.0,0.0,0.0,0.0,0.0,0.0,0.0,1.0,Low
0.4641213569707582,-0.05503495727875291,-0.8257778635802698,-0.0865217206229071,0.02078090110538572,-1.3879014309604736,-0.7683878827029517,-0.6811258946373843,-1.1109968221544608,0.0,0.0,0.0,0.0,0.0,1.0,0.0,0.0,Medium
0.42313059158558264,-1.3399345349578542,-0.003677816002322538,-2.6001778755368483,0.48324480371854833,-0.2711948961870079,-0.4449381341756646,0.271737531043831,-1.205071483622687,0.0,0.0,1.0,0.0,0.0,0.0,0.0,0.0,Medium
0.23867214735229533,-0.22509519550098664,0.6020801137919553,-1.6081215797308126,1.219761389361734,2.0320123317832657,-1.2106559061994466,-0.8328557394910809,-0.004678803288122069,0.0,0.0,1.0,0.0,0.0,0.0,0.0,0.0,Medium
0.0132229377338335,-2.209131308093717,-0.45078485942190794,1.3680473076872934,1.2140519584652756,0.20960930628490132,0.16235527122250756,1.4006075767553339,0.6764217457418362,0.0,0.0,0.0,0.0,1.0,0.0,0.0,0.0,Medium
0.42996238581644575,0.20320466372538032,0.6886169609054237,-0.05300630522405454,-0.09340771682379032,-0.9924011998948711,-0.4713421952799328,1.4309535457260734,0.4769834634291963,1.0,0.0,0.0,0.0,0.0,0.0,0.0,0.0,Low
0.061045497349871095,-0.17470697676847305,1.366488929960924,1.3077195599693594,0.17493553530977352,0.7989821996375635,-0.2865137675500546,-0.0499297400460062,1.052720391614741,1.0,0.0,0.0,0.0,0.0,0.0,0.0,0.0,Low
-1.175509258436239,-0.05503495727875291,2.368874075691931,1.2138763968525719,0.4661165110291721,-0.37200868057627884,-1.1710498145430441,0.5387820579863366,0.644436360842639,1.0,0.0,0.0,0.0,0.0,0.0,0.0,0.0,Medium
-0.00044065072789166643,0.5496236675114126,1.2006266396601102,-1.3534044226995334,2.087594885623472,-0.14711639232328877,-1.2964691047883186,0.635889158692703,0.7215775832465838,1.0,0.0,0.0,0.0,0.0,0.0,0.0,0.0,Medium
0.8876925992842315,-0.22509519550098664,1.4890827967050042,0.047539940972503594,2.4187418776180825,0.9308156099927645,-0.4119330577953291,-1.1605922043750656,1.4064411187352703,0.0,0.0,0.0,1.0,0.0,0.0,0.0,0.0,Low
-0.5333206007351654,-0.08652759398657402,-0.29934537697333846,2.4003221019719523,0.4432787874433374,0.5508251919101275,0.20856237815497736,-0.8085789643144896,0.6387918811545452,0.0,0.0,0.0,1.0,0.0,0.0,0.0,0.0,Medium
-0.38985292188705306,-0.48963334384668417,-0.27049976126884917,0.28214784876447146,-0.9326940586032343,0.26389365172527834,-0.3855289966910609,-2.738582590853511,-1.8090308102486992,0.0,0.0,0.0,1.0,0.0,0.0,0.0,0.0,High
1.4478997262149556,1.632970370260459,0.4866976509739981,-0.837267025557204,0.6202711452335599,-2.9466376357484365,-0.6561706230098115,-0.371597011135843,-0.0423086678754104,0.0,0.0,0.0,0.0,0.0,0.0,0.0,1.0,Medium
0.48461673966334545,-0.08652759398657402,-0.32819099267782775,0.3022570980037828,-0.5729999121263296,-0.24017527022107782,-1.0390295090217023,1.024317561518166,-0.1495537819491896,1.0,0.0,0.0,0.0,0.0,0.0,0.0,0.0,Medium
0.7032341550509452,1.2928498938159907,1.0996669846943978,0.4765372580778157,0.2605769987566556,0.9618352359586946,1.2449217764975091,0.36884463175019655,2.236179632885027,0.0,1.0,0.0,0.0,0.0,0.0,0.0,0.0,Low
0.14985882235108322,-0.2502893048672439,0.7463081923144023,-0.8908916901953684,-0.8413431642598934,-1.1319895167415541,-1.5737117463831365,0.3931214069267884,-1.2088344700814153,1.0,0.0,0.0,0.0,0.0,0.0,0.0,0.0,Medium
1.2156187223656316,-0.6470965273857897,0.13333885859400252,1.1133301506560143,-0.11624544040962545,1.8381396694962058,0.802653753001015,-0.35338942975339954,1.2690921129916621,0.0,0.0,0.0,0.0,1.0,0.0,0.0,0.0,Low
-1.175509258436239,0.9464308900299584,0.29920114889481636,1.2272825630121131,-0.5044867413688242,-0.2014007377636658,0.26797151563958055,0.660165933869294,0.5597691655212349,0.0,0.0,0.0,0.0,0.0,0.0,1.0,0.0,Low
-3.1020752315394597,1.1605808196431424,0.9626503100980728,-0.5222221208079902,-1.395157961216397,-0.4262930260166559,0.7564466460685453,0.44774415107411863,-0.7648020679513879,0.0,0.0,0.0,0.0,0.0,0.0,1.0,0.0,Medium
1.5503766396778929,-0.3762598516985284,-1.3882673698178134,1.039596236778539,-0.7157356845377997,-2.2176764255490906,0.8620628904856183,-0.5051192746070963,-0.5503118398038322,0.0,0.0,0.0,0.0,0.0,0.0,0.0,1.0,Medium
-0.3215349795784282,0.07093558955253199,-0.9988515578072067,1.2540948953311954,0.07787521006997374,-0.11609676635735981,0.1557542559464399,1.29743128225482,0.5861100707323383,0.0,0.0,0.0,0.0,0.0,1.0,0.0,0.0,Low
-1.0320415795881266,0.9149382533221373,2.368874075691931,-0.42167587461143263,-1.7833992621755956,-1.5662642802645688,-0.9796203715370986,-1.1241770416101784,-1.3838133404123172,0.0,1.0,0.0,0.0,0.0,0.0,0.0,0.0,High
0.6759069781274949,-0.06763201196188108,0.2631441292642046,1.4551873877243109,-1.880459587415395,1.4193747189561556,-0.7221807757704823,0.7026502904283293,0.4751019701998335,0.0,1.0,0.0,0.0,0.0,0.0,0.0,0.0,Medium
0.9150197762076818,-1.0690978592705929,0.13333885859400252,-0.2742080468564812,-0.3503321071644364,0.9308156099927645,0.2811735461917149,-1.0331391346979604,-0.29819174706898677,0.0,0.0,0.0,1.0,0.0,0.0,0.0,0.0,Medium
1.4547315204458187,-1.957190214431148,2.231857401095606,0.6843328335507021,0.8201012266096179,2.039767238274748,0.5518151725104651,-0.5172576621953917,1.6905465963693143,0.0,0.0,0.0,0.0,1.0,0.0,0.0,0.0,Low
-0.1439083295760035,0.12132380828504559,-0.09021466311578992,0.496646507317127,0.03219976289830348,-0.8062834440992935,0.07654207263363562,-1.1363154291984743,-0.5032745090697192,0.0,0.0,0.0,1.0,0.0,0.0,0.0,0.0,Medium
0.37530803196954504,0.8141618158571101,1.5611968359662276,-0.7233146132011056,1.2140519584652756,1.2177471501776136,0.6442293863754046,0.7633422283698079,2.0837786813065002,0.0,0.0,1.0,0.0,0.0,0.0,0.0,0.0,Low
1.4615633146766807,0.285085519165715,0.5371774784568537,0.9189407413426699,-0.6871885300555056,0.7834723866545995,0.2943755767438493,-0.4262197552831737,1.0019200744218995,0.0,1.0,0.0,0.0,0.0,0.0,0.0,0.0,Low
-0.21222627188462834,-0.7919626562417666,-2.0156595113904574,-0.006084723665661253,0.14067894993102065,0.5508251919101275,0.43959791281732535,-0.38373539872413887,-0.794905959621221,0.0,0.0,0.0,0.0,0.0,1.0,0.0,0.0,Medium
0.9901695127471688,-0.7604700195339456,0.19103009000298113,-2.0907435614742895,0.5974334216477244,0.4655212205038204,-0.26671072172185306,-0.553672824960279,-0.5371413871982819,0.0,0.0,1.0,0.0,0.0,0.0,0.0,0.0,Medium
0.43679418004730786,-0.04243790259562474,1.7198477223409194,-1.3198890073006808,0.8029729339202417,-1.031175732352283,0.16235527122250756,1.4248843519319259,0.8608080822195602,0.0,0.0,1.0,0.0,0.0,0.0,0.0,0.0,Low
-0.6221339257363775,-0.5589171446038907,0.20545289785522602,0.38269409496102913,0.19206382799914978,-0.3254792416273849,1.5221644180923268,-0.25021313525288563,0.2041669451713399,0.0,0.0,0.0,0.0,0.0,0.0,1.0,0.0,Medium
-0.26688062573152804,-1.4470094997644463,-0.1623287023770134,0.1614923533286015,-0.8413431642598934,1.2720314956179906,-1.9829746934992953,0.6965810966341817,-1.0263296268330568,1.0,0.0,0.0,0.0,0.0,0.0,0.0,0.0,Medium
-0.6972836622758649,0.8708485619311875,0.6309257294964451,-0.4082697084518914,-0.08769828592733143,-0.821793257082258,1.647583708337602,0.7026502904283293,0.7215775832465838,0.0,0.0,0.0,0.0,0.0,0.0,1.0,0.0,Low
-0.184899094961178,-0.2628863595503721,0.09007043503726883,1.9780278679464105,0.4318599256504196,1.0006097684161066,-0.30631681337825567,1.7283440416393192,1.6039979078185473,1.0,0.0,0.0,0.0,0.0,0.0,0.0,0.0,Low
-0.15074012380686558,0.36696637460604975,0.22708710963359288,-0.4015666253721208,-1.0811392619111628,0.9463254229757295,-1.5737117463831365,-0.062068127634301674,-0.7252907101347341,1.0,0.0,0.0,0.0,0.0,0.0,0.0,0.0,Medium
1.4615633146766807,1.4818057140629173,1.1068783886205198,-0.7367207793606463,2.4187418776180825,-0.14711639232328877,0.16895628649857428,-0.5354652435778355,1.9633631146271708,0.0,0.0,1.0,0.0,0.0,0.0,0.0,0.0,Low
1.0653192492866568,-0.20619961347629417,0.6092915177180772,0.4028033442003405,-1.2695504814943035,1.8924240149365827,0.3735877600566545,-0.18952119731140696,0.7403925155402307,0.0,1.0,0.0,0.0,0.0,0.0,0.0,0.0,Low
0.1566906165819463,0.4740413394126417,0.6958283648315456,-0.535628286967531,1.1912142348794401,0.09328570891266527,-0.8740041271200252,0.22925317448479576,0.5672951384386942,1.0,0.0,0.0,0.0,0.0,0.0,0.0,0.0,Low
-0.9090692834326021,0.6063104135854909,-0.4868418790525197,0.8116914120663412,1.6993535846642738,-1.9152350723812768,0.20856237815497736,0.22318398069064826,0.3189380321625757,0.0,0.0,0.0,0.0,0.0,0.0,0.0,1.0,Medium
0.68957056658922,-0.7604700195339456,1.4746599888527592,1.1267363168155553,-0.3845886925431893,2.241394807053291,0.8752649210377527,-0.6993334760198278,1.3913891729003545,0.0,0.0,0.0,1.0,0.0,0.0,0.0,0.0,Low
0.20451317619798293,0.052040007527838605,0.6092915177180772,-0.5021128715686785,1.04847846246797,-0.30996942864441984,0.617825325271136,-0.8996168712267076,0.3208195253919412,0.0,0.0,0.0,1.0,0.0,0.0,0.0,0.0,Low
-1.5922487065188506,0.4614442847295131,0.7174625766099124,0.02072760865342117,-0.12195487130608433,-0.899342321997082,1.5749725403008634,0.15035365516087368,0.1608926008959578,0.0,0.0,0.0,0.0,0.0,0.0,1.0,0.0,Medium
-0.5059934238117151,-0.5022303985298128,1.1862038318078651,0.20171085180722514,-0.042022838755661186,-0.581391155846304,-0.0752812787159081,0.5084360890155973,0.07246241911582542,0.0,0.0,0.0,0.0,0.0,0.0,1.0,0.0,Medium
1.1063100146718312,-0.05503495727875291,-0.5084760908308865,2.4003221019719523,-0.007766253376908292,0.9153057970097995,0.9346740585223569,-0.9663780029623342,1.2690921129916621,0.0,0.0,0.0,1.0,0.0,0.0,0.0,0.0,Low
0.8535336281299191,0.4047575386554356,-0.11184887489415779,0.07435227329158506,-0.053441700548578545,0.11655042838711226,-1.7321361130087463,-0.3594586235475475,-0.30948070644517434,1.0,0.0,0.0,0.0,0.0,0.0,0.0,0.0,Medium
-0.8680785180474271,-0.5778127266285832,2.361662671765809,0.3022570980037828,-1.1724901562545038,-0.49608718443999744,0.12274917956610448,0.47809012004485796,-0.0423086678754104,0.0,1.0,0.0,0.0,0.0,0.0,0.0,0.0,Medium
0.28649470696833296,2.2187334130259315,1.2727406789213336,-0.6361745331640887,1.2768556983263222,1.5356983163283917,-0.6759736688380126,-2.51402242047004,0.8946749603481202,0.0,0.0,0.0,1.0,0.0,0.0,0.0,0.0,Medium
0.22500855889057114,-0.28808046891662886,0.4794862470478751,-0.5691437023663836,0.9228709827458762,-0.17038111179773685,0.36698674478058685,-0.03172215866356234,0.37350133581414807,0.0,0.0,1.0,0.0,0.0,0.0,0.0,0.0,Low
1.0789828377483819,-0.01094526588780362,0.1982414939291041,0.18830468564768393,-0.8185054406740583,1.8226298565132408,-1.1446457534387757,-1.5247438320239377,-0.28502129446343505,0.0,0.0,0.0,1.0,0.0,0.0,0.0,0.0,Medium
0.34114906081523266,1.3747307492563254,-1.2512506952214888,-1.56790308125219,0.5232108199937601,0.5042957529612324,0.7762496918967464,0.22318398069064826,0.4036052274839798,0.0,0.0,1.0,0.0,0.0,0.0,0.0,0.0,Medium
0.8740290108225073,1.1983719836925273,-1.6983577386410742,-1.4003260042579273,-0.3160755217856835,-2.8225591318847183,-1.0126254479174341,0.2595991434555351,-1.5437402649083007,0.0,0.0,0.0,0.0,0.0,0.0,0.0,1.0,High
1.8441437916049797,-2.0705637065793043,-1.4748042169312814,1.0328931536987678,-0.8013771479846816,-0.11609676635735981,1.0930984251479663,0.9272104608118005,0.1270257227673951,0.0,0.0,0.0,0.0,1.0,0.0,0.0,0.0,Medium
0.7032341550509452,-0.3447672149907072,-1.8065287975329096,-0.6294714500843185,-1.891878449208313,-0.27894980267848984,-0.5571553938688052,0.7936881973405472,-1.45154709666944,0.0,1.0,0.0,0.0,0.0,0.0,0.0,0.0,Medium
-1.1891728468979637,-1.025008167879643,0.23429851355971584,0.08105535637135615,1.944859113212002,0.31817799716565537,1.0534923334915642,0.5387820579863366,0.7949558191918004,0.0,0.0,0.0,0.0,0.0,0.0,1.0,0.0,Low
0.9833377185163067,-0.6974847461183034,-1.157502444181898,-0.5892529516056954,-0.7956677170882228,0.5275604724356794,1.264724822325711,0.7208578718107727,0.055528980051544066,0.0,0.0,0.0,0.0,0.0,1.0,0.0,0.0,Medium
-0.3761893334253279,0.4803398667542065,0.16218447429849234,0.6441143350720785,-1.1781995871509627,1.2565216826350256,-0.19409955368511547,0.010762197895472473,0.15901110766659232,0.0,1.0,0.0,0.0,0.0,0.0,0.0,0.0,Medium
-0.41034830457964033,-0.9872170038302577,0.4073722077866516,0.12127385484997882,-0.7499922699165525,-2.000539043787583,-0.35252392031072544,-0.9360320339915948,-1.739415560762211,0.0,0.0,0.0,0.0,0.0,0.0,0.0,1.0,High
1.1404689858261436,1.1227896555937564,0.3857379960082848,-1.7086678259273704,-1.1496524326686686,0.00798173750635929,-0.8013929590832871,-1.749304002407409,-1.095944876319545,0.0,0.0,0.0,1.0,0.0,0.0,0.0,0.0,Medium
2.178901708917242,0.001651788795325004,-0.7969322478757805,-0.7166115301213349,1.4766857797023802,1.3806001864987436,0.300976592019916,-0.2441439414587377,1.278499579138484,0.0,0.0,0.0,0.0,0.0,1.0,0.0,0.0,Low
1.2156187223656316,-1.5729800465957307,0.3064125528209393,0.9725654059808339,-0.7614111317094703,0.9928548619246235,-0.550554378592738,-0.28662829801777295,-0.047953147563504175,0.0,0.0,0.0,0.0,1.0,0.0,0.0,0.0,Medium
-1.0388733738189893,-0.0991246486697022,0.5155432666784868,-1.5343876658533375,0.003652608416009474,-1.0621953583182127,0.7036385238600088,-0.46870411184220895,-1.0169221606862346,0.0,0.0,1.0,0.0,0.0,0.0,0.0,0.0,Medium
1.9261253223753296,-1.025008167879643,0.5588116902352216,-0.2272864652980879,0.12355065724164399,-1.7446271295686644,1.0732953793197653,-1.2819760802580231,-0.2097615652888544,0.0,0.0,0.0,1.0,0.0,0.0,0.0,0.0,Medium
-0.17123550649945382,1.2991484211575555,0.7967880197972589,-0.13344330218130038,-0.7785394243988465,-1.7756467555345938,1.2977298987060466,-0.6143647629017577,0.004728662858702686,0.0,0.0,0.0,0.0,0.0,0.0,0.0,1.0,Medium
-0.7997605757388022,1.5888806788695093,0.34968097637767304,-0.47530053924959653,-0.30465665999276614,-0.16262620530625377,0.7828507071728131,-0.35338942975339954,0.23238934361180882,0.0,0.0,0.0,0.0,0.0,0.0,1.0,0.0,Medium
-0.014104239189615862,1.280252839132862,1.496294200631127,0.6374112519923083,1.71648187735365,0.5663350048930914,0.28777456146778163,-3.521508590298586,0.8024817921092596,0.0,0.0,0.0,1.0,0.0,0.0,0.0,0.0,Medium
-1.216500023821414,0.03314442550314612,1.1862038318078651,2.4003221019719523,-0.11624544040962545,-3.016431794171778,1.04029030293943,1.1214246622245323,0.6651327863656487,0.0,0.0,0.0,0.0,0.0,0.0,0.0,1.0,Medium
-0.15757191803772866,0.2598914097994587,2.368874075691931,0.060946107132043854,-0.6643508064696705,-0.21691055074663082,-0.015872141231303958,-0.23200555387044222,0.401723734254617,0.0,1.0,0.0,0.0,0.0,0.0,0.0,0.0,Medium
1.7416668781420424,1.1857749290093986,0.47227484312175316,0.677629750470931,0.009362039312467952,-0.4573126519825854,-0.09508432454410917,1.1578398249894193,1.7150060083510523,1.0,0.0,0.0,0.0,0.0,0.0,0.0,0.0,Low
-0.57431136612034,-1.0313066952212073,-0.4435734554957855,-0.7300176962808762,-1.1439430017722099,-0.17038111179773685,-0.9004081882242934,-0.41408136769487824,-1.987772667038328,0.0,1.0,0.0,0.0,0.0,0.0,0.0,0.0,High
-0.10974935842169105,-1.440710972422882,-0.12627168274640166,1.7836384586330651,-1.6520823515570433,-0.1393614858318068,-0.5967614855252074,0.8847261042527652,-0.584178717932395,0.0,1.0,0.0,0.0,0.0,0.0,0.0,0.0,Medium
-2.4530547796075237,-0.9998140585133863,-1.1502910402557756,-0.9847348533121554,-0.36175096895735415,-1.6825878776368048,-0.022473156507370667,-0.923893646403299,-2.9642676530785166,0.0,0.0,0.0,0.0,0.0,0.0,1.0,0.0,High
0.47778494543248234,0.24729435511633005,-1.5397068522663828,0.9323469075022102,0.22061098248144378,2.342208591442562,0.5518151725104651,-0.8025097705203417,0.7686149139806969,0.0,0.0,0.0,0.0,0.0,1.0,0.0,0.0,Medium
0.20451317619798293,-0.2754834142335007,-1.1070226166990418,-1.2796705088220577,-1.2067467416332567,-0.05405751442550081,1.2977298987060466,-2.283393056292421,-1.778926918578866,0.0,0.0,0.0,1.0,0.0,0.0,0.0,0.0,High
-1.0388733738189893,-0.8297538202911521,-1.6118208915276064,1.6830922124365075,-0.6129659284015414,-0.4805773714570324,-0.4317361036235302,0.05324655445450772,-1.1335747409068346,0.0,0.0,0.0,0.0,0.0,1.0,0.0,0.0,Medium
0.34114906081523266,-0.16840844942690875,-1.1791366559602654,0.4229125934396518,0.38618447847874937,-0.8295481635737405,1.6937908152700718,0.7026502904283293,0.6011620165672542,0.0,0.0,0.0,0.0,0.0,1.0,0.0,0.0,Low
0.19768138196712082,1.2676557844497343,-0.1623287023770134,1.951215535627328,-0.007766253376908292,1.4736590643965326,-0.04227620233557268,1.4430919333143692,2.160919903710445,0.0,0.0,0.0,0.0,0.0,1.0,0.0,0.0,Low
0.5461028877411073,-0.18730403145160168,2.368874075691931,-0.7434238624404169,1.0256407388821345,0.7912272931460815,0.99408319600696,0.21104559310235235,1.7281764609566053,0.0,0.0,1.0,0.0,0.0,0.0,0.0,0.0,Low
0.5802618588954197,0.31657815587353616,-1.3377875423349568,0.06764919021181494,-1.0126260911536575,-0.6744500337440924,0.08314308790970233,-0.8510633208735244,-1.0169221606862346,0.0,0.0,0.0,0.0,0.0,1.0,0.0,0.0,Medium
-1.933838418061975,1.9478967373386702,-1.6190322954537284,-1.0785780164289425,-0.6986073918484234,-0.3875184935592439,0.7696486766206797,0.660165933869294,-0.7196462304466403,0.0,0.0,0.0,0.0,0.0,0.0,1.0,0.0,Medium
0.061045497349871095,-1.1761728240771843,-0.003677816002322538,-0.36805120997326823,0.02078090110538572,-1.5817740932475337,0.043536996253300195,1.2003241815484544,-0.539022880427646,0.0,0.0,0.0,0.0,1.0,0.0,0.0,0.0,Medium
-0.19856268342290317,1.1290881829353212,-0.7320296125406794,-1.8226202382834693,-2.651232758437333,1.1944824307031667,-2.0423838309838995,1.0425251429006104,-1.5776071430368621,0.0,1.0,0.0,0.0,0.0,0.0,0.0,0.0,High
1.092646426210106,-0.26918488689193637,1.7342705301931645,0.7044420827900134,0.8315200884025358,-1.7058525971112524,-1.1578477839909096,1.3338464450197078,1.018853513486181,1.0,0.0,0.0,0.0,0.0,0.0,0.0,0.0,Low
-0.19856268342290317,0.41735459333856423,0.8400564433539927,-0.9981410194716966,-0.5387433267475767,1.8071200435302757,-1.1512467687148429,0.3324294689853097,0.055528980051544066,1.0,0.0,0.0,0.0,0.0,0.0,0.0,0.0,Medium
-0.6631246911215525,-0.7667685468755099,-1.2440392912953664,-0.5088159546484491,-0.2190151965458841,0.3491976231315843,0.40659283643698996,-0.5476036311661311,-1.150508179971116,0.0,0.0,0.0,0.0,0.0,1.0,0.0,0.0,Medium
1.256609487750806,1.8723144092398993,-0.9195261146198607,-0.44848820693051455,1.0941539096396402,-1.5352446542986393,-1.487898547794264,-0.9542396153740383,-0.23986545695868614,1.0,0.0,0.0,0.0,0.0,0.0,0.0,0.0,Medium
-1.0047144026646768,1.0409088001534217,-0.7825094400235362,-0.5088159546484491,-0.43026413971485955,0.7679625736716345,0.14255222539430648,-0.4504965304597655,-0.4600001647943357,0.0,0.0,0.0,0.0,0.0,0.0,1.0,0.0,Medium
1.1199736031335565,-0.4140510157479133,-1.5469182561925048,-0.8439701086369746,0.6773654541981479,-1.44218577640085,-0.4713421952799328,2.3838169714072888,0.027306581611075145,0.0,0.0,0.0,0.0,0.0,1.0,0.0,0.0,Medium
-0.4786662468882652,1.847120299873642,0.032379203628289215,-0.7769392778392695,-0.49877731047236534,0.5663350048930914,-0.015872141231303958,0.10180010480769049,0.26249323528164054,0.0,0.0,1.0,0.0,0.0,0.0,0.0,0.0,Medium
0.061045497349871095,1.5007012960876098,0.1766072821507362,-0.7903454439988107,-0.9155657659138577,-0.3642537740847969,-0.854201081291824,-1.3608755995819455,-0.9567143773465699,0.0,0.0,0.0,1.0,0.0,0.0,0.0,0.0,Medium
0.7783838915904321,-1.188769878760313,-1.3522103501872016,-0.24069263145762865,-0.4245547088184007,-0.4262930260166559,-1.2304589520276477,-1.7007504520542258,-2.102543754029564,0.0,0.0,0.0,1.0,0.0,0.0,0.0,0.0,High
1.160964368518731,0.31657815587353616,-0.4652076672741523,1.046299319858309,-0.053441700548578545,-0.744244192167434,-1.0720345854020377,-0.38373539872413887,-0.046071654334141364,1.0,0.0,0.0,0.0,0.0,0.0,0.0,0.0,Medium
1.5025540800618553,0.8708485619311875,-1.3449989462610792,-0.8908916901953684,-0.1276643022025432,0.31042309067417234,1.1987146695650404,-1.6339893203185996,-0.07429405277460761,0.0,0.0,0.0,1.0,0.0,0.0,0.0,0.0,Medium
-0.5196570122734402,1.5573880421616881,1.9938810715335686,0.5100526734766683,-0.4074264161290244,-1.6360584386879102,-0.33932188975859107,0.635889158692703,0.6933551848061176,0.0,0.0,0.0,0.0,0.0,0.0,0.0,1.0,Medium
-0.5196570122734402,-0.5085289258713767,-0.29934537697333846,0.737957498188866,0.180644966206232,2.342208591442562,-2.319626472578717,0.22925317448479576,-0.16084274132537718,1.0,0.0,0.0,0.0,0.0,0.0,0.0,0.0,Medium
0.6007572415880079,-0.6785891640936108,1.5467740281139828,0.6843328335507021,-0.7614111317094703,-0.03854770144253578,-3.382389932025518,-0.08027570901674554,-0.8626397158783438,1.0,0.0,0.0,0.0,0.0,0.0,0.0,0.0,Medium
0.33431726658437055,-0.5589171446038907,1.2871634867735786,0.0006183594141098294,0.7173314704733597,-0.876077602522635,0.6772344627557401,0.9393488484000964,0.962408716605243,0.0,0.0,0.0,0.0,1.0,0.0,0.0,0.0,Low
-0.8134241642005269,-0.5400215625791978,1.6188880673752062,-0.12674021910153024,-0.6129659284015414,0.5895997243675395,-0.854201081291824,1.6008909719622133,0.2436783029879964,1.0,0.0,0.0,0.0,0.0,0.0,0.0,0.0,Medium
0.38897162043127026,-0.42034954308947764,0.5588116902352216,-0.5490344531270722,-0.2589812128210955,-0.5503715298803739,-0.2205036147893837,-1.8949646534669577,-1.120404288301283,0.0,0.0,0.0,1.0,0.0,0.0,0.0,0.0,Medium
0.68957056658922,-1.0502022772458999,-0.436362051569663,-0.32112962841487497,-1.5321843027314084,-2.0935979216853724,-0.7155797604944152,0.44167495727997114,-1.760111986285222,0.0,1.0,0.0,0.0,0.0,0.0,0.0,0.0,High
0.7305613319743945,0.6126089409270548,-0.2632883573427267,1.8707785386700817,-0.13908316399546056,0.07777589592970025,-0.43833711889959737,0.44167495727997114,1.0320239660917312,1.0,0.0,0.0,0.0,0.0,0.0,0.0,0.0,Low
-0.8475831353548393,0.4551457573879492,0.5876573059397103,-0.7099084470415644,0.3176713077212436,-2.1711469866001964,0.3801887753327212,-0.7418178325788629,-0.8588767294196141,0.0,0.0,0.0,0.0,0.0,0.0,0.0,1.0,Medium
-0.5674795718894778,1.8975085186061567,0.7679424040927691,-1.5209814996937963,-1.0640109692217867,-1.1164797037585896,-1.8245503268736856,1.182116600166011,-0.7384611627402845,1.0,0.0,0.0,0.0,0.0,0.0,0.0,0.0,Medium
1.2292823108273558,1.204670511034092,-0.6815497850578228,0.7111451658697836,0.23773927517082002,-0.759754005150399,0.9544771043505579,1.2610161194899332,1.596471934901088,0.0,0.0,0.0,0.0,0.0,1.0,0.0,0.0,Low
-0.7587698103536272,-0.19990108613472984,1.7486933380454093,-0.24739571453739925,0.9114521209529585,0.14757005435304232,0.44619892809339207,-0.20165958489970287,0.6481993473013673,0.0,0.0,0.0,0.0,0.0,0.0,1.0,0.0,Low
0.6622433896657697,-0.7037832734598677,-0.7969322478757805,-1.138905764146877,-0.5273244649546593,0.5973546308590214,0.1029461337379034,0.00469300410132452,-0.6914238320061714,0.0,0.0,1.0,0.0,0.0,0.0,0.0,0.0,Medium
-1.7630435622904128,1.7526423897501786,-2.0084481074643357,0.5904896704339145,-1.8347841402437248,-0.4573126519825854,-0.20070056896118219,-0.28055910422362496,-1.476006508651178,0.0,1.0,0.0,0.0,0.0,0.0,0.0,0.0,High
-0.027767827651341028,-0.24399077752567958,0.22708710963359288,0.5502711719552918,0.42615049475396033,-1.403411243943438,-0.9532163104328304,0.3991906007209359,-0.2680878553991537,1.0,0.0,0.0,0.0,0.0,0.0,0.0,0.0,Medium
-0.3556939507327406,1.2991484211575555,-0.5517445143876207,0.42961567651942195,0.2434487060672789,1.1944824307031667,-0.7485848368747506,1.570545002991474,1.137387586936145,1.0,0.0,0.0,0.0,0.0,0.0,0.0,0.0,Low
0.7237295377435324,0.20950319106694418,1.1717810239556214,-0.1602556345003828,-0.1904680420635901,0.1940994933019363,-1.1842518450951784,0.8483109414878783,0.5409542332275907,1.0,0.0,0.0,0.0,0.0,0.0,0.0,0.0,Low
0.04055011465728383,2.2187334130259315,-1.236827887369244,1.944512452547558,-0.7157356845377997,0.3491976231315843,-0.5835594549730735,-0.20772877869385084,0.644436360842639,0.0,0.0,0.0,0.0,0.0,1.0,0.0,0.0,Medium
-0.4240118930413655,-0.40145396106478515,-0.11184887489415779,0.1614923533286015,0.8543578119883705,-0.4805773714570324,-0.9862213868131658,1.000040786341575,-0.03290120172858831,1.0,0.0,0.0,0.0,0.0,0.0,0.0,0.0,Medium
0.5939254473571448,-0.7289773828261245,-0.8546234792847597,1.9713247848666393,0.19206382799914978,2.187110461612914,0.023733950425098186,0.7936881973405472,1.402678132276542,0.0,0.0,0.0,0.0,0.0,1.0,0.0,0.0,Low
-0.5606477776586153,-0.31327457828288613,-1.1430796363296536,-1.507575333534255,0.7002031777839834,0.2328740257593483,-1.3756812881011238,-0.6022263753134622,-1.5757256498074979,0.0,0.0,1.0,0.0,0.0,0.0,0.0,0.0,Medium
-1.1276866988202014,-0.5778127266285832,1.6260994713013293,0.6105989196732259,0.5688862671654303,-0.27894980267848984,-1.1776508298191113,0.5387820579863366,0.07998839203328201,1.0,0.0,0.0,0.0,0.0,0.0,0.0,0.0,Medium
-0.3351985680401529,-0.7667685468755099,0.7030397687576686,-0.5222221208079902,1.3282405763944516,-0.7287343791844695,-0.3855289966910609,-0.274489910429477,-0.2737323350872475,0.0,0.0,0.0,0.0,1.0,0.0,0.0,0.0,Medium
1.70750790698773,2.004583483412748,0.5588116902352216,-0.2876142130160224,0.06074691738059749,0.5430702854186444,1.1921136542889725,0.07145413583695115,2.0593192693247597,0.0,0.0,1.0,0.0,0.0,0.0,0.0,0.0,Low
0.6212526242805951,0.8204603431986739,-0.025312027780689382,0.7245513320293248,-0.3446226762679775,-1.4499406828923327,-0.3855289966910609,0.7026502904283293,0.3189380321625757,0.0,0.0,0.0,0.0,0.0,0.0,0.0,1.0,Low
0.4094670031238575,-1.2832477888837763,1.5972538555968394,-0.6629868654831711,1.3111122837050746,-0.37200868057627884,0.1491532406703732,0.5934048021336678,0.6613697999069204,0.0,0.0,0.0,0.0,1.0,0.0,0.0,0.0,Low
0.12936343965849595,1.4251189679888399,0.04680201148053412,-0.441785123850744,2.1675269181738948,-0.28670470916997287,-0.9664183409849643,-0.5172576621953917,0.6989996644942114,1.0,0.0,0.0,0.0,0.0,0.0,0.0,0.0,Medium
0.4094670031238575,-0.3006775235997575,-1.013274365659451,0.38269409496102913,-1.943263327276442,-0.0075280754766057344,0.7564466460685453,-0.6265031504900536,-0.9435439247410182,0.0,1.0,0.0,0.0,0.0,0.0,0.0,0.0,Medium
-1.1140231103584768,-1.6107712106451155,-0.27049976126884917,-0.46189437309005577,-1.1211052781863746,-1.2172934881478605,0.6244263405472036,-0.5172576621953917,-2.0442174639192645,0.0,0.0,0.0,0.0,1.0,0.0,0.0,0.0,High
0.42313059158558264,1.0409088001534217,-1.092599808846797,-0.05970938830382515,0.5060825273043839,1.3108060280754026,1.079896394595832,0.07145413583695115,1.175017451523436,0.0,0.0,0.0,0.0,0.0,1.0,0.0,0.0,Low
0.5256075050485199,-1.7682343941842211,1.6837907027103078,-0.9110009394346796,-0.1676303184777546,-0.9303619479630121,1.099699440424034,0.7572730345756604,0.08375137849201031,0.0,0.0,0.0,0.0,1.0,0.0,0.0,0.0,Medium
2.178901708917242,-0.05503495727875291,-0.5373217065353758,0.034133774812962384,0.7858446412308655,0.21736421277638326,0.99408319600696,0.2474607558672392,1.4064411187352703,0.0,0.0,0.0,0.0,0.0,1.0,0.0,0.0,Low
0.03371832042642076,-0.35736426967383544,0.4145836117127746,-0.9244071055942209,-0.2875283673033895,-1.2250483946393431,-0.2865137675500546,0.44167495727997114,-0.7309351898228266,0.0,0.0,1.0,0.0,0.0,0.0,0.0,0.0,Medium
0.3616444435078209,-0.004646738546238861,0.20545289785522602,-0.38145737613280944,0.16351667351685575,-0.7287343791844695,2.2614781290118406,1.3277772512255595,1.222054782257549,0.0,0.0,1.0,0.0,0.0,0.0,0.0,0.0,Low
1.4683951089075429,0.14021939030973807,-0.1839629141553813,1.2138763968525719,0.5917239907512659,0.4189917815549264,-0.5571553938688052,-1.9010338472611057,0.3603308832085977,0.0,0.0,0.0,1.0,0.0,0.0,0.0,0.0,Medium
-0.7314426334301773,-1.1698742967356202,1.5828310477445944,-0.07981863754313649,-1.1325241399792925,0.9773450489416596,0.6640324322036057,1.4188151581377775,0.4148941868601674,0.0,1.0,0.0,0.0,0.0,0.0,0.0,0.0,Medium
-0.6426293084289648,0.7511765424414678,-1.0637541931423078,-0.25409879761716986,0.5003730964079254,-0.02303788845957076,-0.477943210556,-0.14703684075237217,-0.40543686114276467,0.0,0.0,0.0,0.0,0.0,1.0,0.0,0.0,Medium
0.6007572415880079,-1.1950684061018773,0.5948687098658333,0.33577251340263536,0.8943238282635823,-1.8454409139579353,1.5089623875401925,0.4902285076331539,0.6086879894847135,0.0,0.0,0.0,0.0,1.0,0.0,0.0,0.0,Low
-0.041431416113066194,0.19690613638381643,1.647733683079696,-0.43508204077097334,0.32338073861770206,0.24062893225083137,-0.4713421952799328,-1.099900266433587,0.055528980051544066,0.0,0.0,0.0,1.0,0.0,0.0,0.0,0.0,Medium
-0.7997605757388022,0.6315045229517473,2.368874075691931,0.05424302405227372,1.459557487013004,-0.27894980267848984,-0.29311478282612174,0.21711478689649988,1.2483956874686524,0.0,0.0,0.0,0.0,0.0,0.0,1.0,0.0,Low
1.2156187223656316,0.1528164449928667,-1.460381409079037,-1.0249533517907785,0.9285804136423356,0.3336878101486193,1.330734975086382,-1.2698376926697275,0.10444780401501996,0.0,0.0,0.0,0.0,0.0,1.0,0.0,0.0,Medium
-2.0158199488323247,-0.6785891640936108,-0.32819099267782775,-1.3534044226995334,0.17493553530977352,-0.6899598467270575,0.9874821807308933,-0.7903713829320457,-1.6208814873122468,0.0,0.0,0.0,0.0,0.0,0.0,1.0,0.0,Medium
-2.2754281296050993,0.058338534869403366,0.508331862752365,1.7970446247926064,0.19206382799914978,1.4271296254476387,-1.4548934714139286,-1.118107847816031,-0.40543686114276467,0.0,0.0,0.0,0.0,0.0,0.0,1.0,0.0,Medium
0.8398700396681948,-0.798261183583331,-0.58059013009211,1.4551873877243109,0.180644966206232,0.0467562699637713,-0.49774625638420106,0.4598825386624146,0.401723734254617,0.0,0.0,0.0,0.0,1.0,0.0,0.0,0.0,Medium
-0.06875859303651653,0.7637735971245965,-0.025312027780689382,0.556974255035062,0.22632041337790265,1.0626490203479655,-1.5737117463831365,1.0668019180772013,0.7178145967878555,1.0,0.0,0.0,0.0,0.0,0.0,0.0,0.0,Low
1.8919663512210172,1.2298646204003485,0.025167799702167273,2.085277197222738,0.6373994379229362,-0.7287343791844695,0.26797151563958055,0.569128026957076,2.2079572344445584,0.0,0.0,0.0,0.0,0.0,0.0,0.0,1.0,Low
-0.5538159834277526,0.996819108762472,-1.0060629617333285,0.8385037443854236,0.5517579744760541,-0.620165688303716,0.7762496918967464,-0.9360320339915948,0.10068481755629166,0.0,0.0,0.0,0.0,0.0,1.0,0.0,0.0,Medium
0.3206536781226454,0.1024282262603531,1.6837907027103078,0.7781759966674887,0.2719958605495729,-0.34874396110183187,-0.8476000660157569,0.21711478689649988,0.7592074478338748,1.0,0.0,0.0,0.0,0.0,0.0,0.0,0.0,Low
-1.0320415795881266,1.4692086593797886,-0.7031839968361902,1.9311062863880166,-1.0354638147394926,2.342208591442562,0.6310273558232703,-1.3123220492287624,0.6425548676132762,0.0,0.0,0.0,1.0,0.0,0.0,0.0,0.0,Medium
1.2907684589051185,0.7952662338324176,-0.6815497850578228,-0.6026591177652361,-0.26469064371755435,0.6593938827908804,-0.43833711889959737,-1.0877618788452916,-0.17965767361902135,0.0,0.0,0.0,1.0,0.0,0.0,0.0,0.0,Medium
-1.3599677026695258,-0.48963334384668417,0.5443888823829767,1.106627067576244,1.105572771432558,0.3569525296230674,-1.382282303377191,0.3445678565736056,0.1194997498499385,1.0,0.0,0.0,0.0,0.0,0.0,0.0,0.0,Medium
1.3659181954446056,0.7070868510505182,0.6741941530531788,-0.8171577763178927,0.5631768362689719,1.0006097684161066,-0.2733117369979202,-0.4322889490773216,0.937949304623505,0.0,0.0,1.0,0.0,0.0,0.0,0.0,0.0,Low
2.178901708917242,-0.6722906367520466,-0.14069449059864658,-0.25409879761716986,1.4766857797023802,-0.86056778953967,0.43959791281732535,1.4491611271085167,1.4290190374876455,0.0,0.0,0.0,0.0,1.0,0.0,0.0,0.0,Low
0.21134497042884598,-1.0439037499043355,0.7535195962405242,-0.5758467854461542,-0.49877731047236534,1.1401980852627895,-0.8608020965678908,0.7147886780166252,-0.16272423455474133,0.0,0.0,0.0,0.0,1.0,0.0,0.0,0.0,Medium
-1.093527727665889,0.5748177768776698,-0.8762576910631265,-0.5557375362068429,-0.7557017008130114,1.8381396694962058,-1.79154525049335,-1.7189580334366696,-1.7017856961749214,0.0,0.0,0.0,1.0,0.0,0.0,0.0,0.0,High
-0.9637236372795018,-0.48963334384668417,1.4386029692221474,0.6441143350720785,1.1969236657758986,1.0936686463138956,-0.6825746841140797,-0.3473202359592516,0.6275029217783576,0.0,0.0,0.0,0.0,0.0,0.0,1.0,0.0,Medium
-0.2532170372698029,1.1731778743262709,-1.027697173511696,-0.6026591177652361,0.3176713077212436,0.9850999554331415,1.3175329445342476,1.364192413990447,1.2314622484043711,0.0,0.0,0.0,0.0,0.0,1.0,0.0,0.0,Low
0.8808608050533694,-0.19990108613472984,-0.8762576910631265,2.138901861860902,0.5460485435795956,0.5663350048930914,-0.8079939743593543,1.1092862746362364,1.2314622484043711,0.0,0.0,0.0,0.0,0.0,1.0,0.0,0.0,Low
-1.7903707392138628,2.2187334130259315,1.0059187336548066,-2.043821979915896,-0.7271545463307174,0.6593938827908804,-1.718934082456612,-0.36552781734169504,-1.0300926132917865,0.0,0.0,1.0,0.0,0.0,0.0,0.0,0.0,High
1.639189964679105,0.5937133589023623,0.4650634391956302,-0.13344330218130038,0.2719958605495729,0.08553080242118331,-0.8476000660157569,-0.01351457728111891,0.7215775832465838,1.0,0.0,0.0,0.0,0.0,0.0,0.0,0.0,Low
-1.4282856449781507,-1.2454566248343908,-1.9723910878337239,-1.5880123304915013,1.8535082188686607,0.25613874523379526,-1.560509715831002,0.2778067248379785,-1.7638749727439502,0.0,0.0,0.0,0.0,0.0,1.0,0.0,0.0,High
0.19768138196712082,0.16541349967599533,-1.0709655970684302,-1.1523119303064182,-0.8641808878457286,-0.3022145221529368,-0.4251350883474635,-0.5233268559895397,-1.4252061914583365,0.0,0.0,1.0,0.0,0.0,0.0,0.0,0.0,Medium
-0.6767882795832773,0.04574148018627474,-1.236827887369244,0.9926746552201452,-0.2190151965458841,-0.7287343791844695,-0.2799127522739874,1.0061099801357225,-0.292547267380893,0.0,0.0,0.0,0.0,0.0,1.0,0.0,0.0,Medium
1.70750790698773,-0.7667685468755099,-2.3041156684353514,-0.31442654533510433,1.57374610494218,-0.30996942864441984,-1.0588325548499034,-0.6932642822256802,-0.6519124741895176,0.0,0.0,0.0,0.0,0.0,1.0,0.0,0.0,Medium
-1.7972025334447252,-0.9431273124393084,-0.6382813615010892,-0.7970485270785813,0.5688862671654303,-0.061812420916982774,0.21516339343104407,1.5401990340207348,-0.5691267720974778,0.0,0.0,0.0,0.0,0.0,0.0,1.0,0.0,Medium
-1.0047144026646768,1.418820440647275,-2.282481456656985,0.5033495903968981,-0.6928979609519645,-0.6046558753207509,-1.0456305242977695,0.17463043033746506,-1.158034152888574,0.0,0.0,0.0,0.0,0.0,1.0,0.0,0.0,Medium
-0.15757191803772866,-1.7745329215257855,-1.9074884524986224,0.1681954364083726,-0.11053600951316656,1.1867275242116835,-1.5803127616592036,0.44167495727997114,-1.3574724352012137,0.0,0.0,0.0,0.0,0.0,1.0,0.0,0.0,Medium
-0.3556939507327406,0.2661899371410225,-2.1310419742084155,0.9122376582628988,1.6251309830103087,-0.08507714039142976,-1.7387371282848136,0.24139156207309168,-0.2812583080047054,0.0,0.0,0.0,0.0,0.0,1.0,0.0,0.0,Medium
0.23184035312143325,-0.4077524884063495,-0.2488655494904818,1.3680473076872934,-0.053441700548578545,-0.8295481635737405,-0.6561706230098115,-0.8328557394910809,-0.5032745090697192,0.0,0.0,0.0,1.0,0.0,0.0,0.0,0.0,Medium
-0.38985292188705306,-2.0264740151883545,0.3280467645993062,0.3022570980037828,-0.4359735706113184,-1.0001561063863535,-0.5571553938688052,-0.41408136769487824,-1.5192808529265627,0.0,0.0,0.0,0.0,1.0,0.0,0.0,0.0,Medium
2.178901708917242,-0.2628863595503721,0.3857379960082848,0.7178482489495547,2.4187418776180825,0.6593938827908804,-0.009271125955237247,-0.13489845316407625,2.1703273698572674,0.0,0.0,0.0,0.0,1.0,0.0,0.0,0.0,Low
0.2591675300448836,-1.113187550661542,0.29920114889481636,0.7446605812686361,1.9106025278332488,1.8226298565132408,-1.1908528603712452,0.544851251780485,1.15996550568852,1.0,0.0,0.0,0.0,0.0,0.0,0.0,0.0,Low
-0.2258898603463535,-1.472203609130703,-0.4868418790525197,-0.2205833822183173,-0.3446226762679775,-0.20915564425514885,0.6046232947190026,0.19890720551405644,-0.7760910273275755,0.0,0.0,0.0,0.0,1.0,0.0,0.0,0.0,Medium
-1.0866959334350264,-0.854947929657409,-0.5589559183137431,0.7781759966674887,-1.2352938961155506,1.1014235528053775,-1.8905604796343563,0.7997573911346956,-1.1411007138242926,1.0,0.0,0.0,0.0,0.0,0.0,0.0,0.0,Medium
1.003833101208894,-0.9305302577561798,-0.07579185526354604,-0.5423313700473016,0.6488182997158539,0.49654084646975044,0.43959791281732535,0.9939715925474267,0.7422740087695935,0.0,0.0,0.0,0.0,1.0,0.0,0.0,0.0,Low
1.242945899289081,-0.25658783220880776,-0.49405328297864215,-0.12003713602175964,-0.2190151965458841,-0.6511853142696454,-0.5637564091448719,0.4113289883092318,-0.20035409914203098,1.0,0.0,0.0,0.0,0.0,0.0,0.0,0.0,Medium
0.6964023608200821,0.09612969891878834,-1.1070226166990418,-0.4015666253721208,-0.6986073918484234,-1.240558207622308,0.7234415696882098,-0.28662829801777295,-0.7441056424283783,0.0,0.0,0.0,0.0,0.0,1.0,0.0,0.0,Medium
-1.1413502872819266,1.1542822923015776,-1.6911463347149518,0.37599101188125805,0.26628642965311405,-0.39527340005072586,-2.022580785155698,1.8618663051105724,-0.3903849153078488,1.0,0.0,0.0,0.0,0.0,0.0,0.0,0.0,Medium
-0.3761893334253279,-0.3258716329660143,-0.45078485942190794,1.2205794799323428,-0.20759633475296635,0.4810310334867854,2.2614781290118406,-0.34125104216510366,0.7629704342926031,0.0,0.0,0.0,0.0,0.0,1.0,0.0,0.0,Medium
-1.6605666488274755,-0.5967083086532762,-0.5517445143876207,-1.44054450273655,-1.6349540588676668,-1.1397444232330365,-2.2800203809223145,-0.8814092898442637,-3.6528941750259314,1.0,0.0,0.0,0.0,0.0,0.0,0.0,0.0,High
0.0132229377338335,-0.09282612132813833,0.16218447429849234,1.6026552154792613,0.02078090110538572,1.1014235528053775,1.2383207612214424,-0.8814092898442637,1.028260979633003,0.0,0.0,0.0,1.0,0.0,0.0,0.0,0.0,Low
-0.8817421065091517,1.563686569503252,-0.3858822240868069,-1.4941691673747144,0.5346296817866779,0.3336878101486193,0.3735877600566545,-0.40801217390073025,-0.0724125595452448,0.0,0.0,1.0,0.0,0.0,0.0,0.0,0.0,Medium
0.47778494543248234,-1.2391580974928267,1.2799520828474567,-0.6093622008450067,0.25486756786019665,-0.69771475321854,-1.0126254479174341,1.1699782125777152,-0.10816093090317032,0.0,0.0,0.0,0.0,1.0,0.0,0.0,0.0,Medium
-0.20539447765376626,-0.02354232057093135,1.6116766634490842,-1.8293233213632398,-2.360051782717935,1.6054924747517338,0.9016689821420214,1.182116600166011,0.09880332432692884,0.0,1.0,0.0,0.0,0.0,0.0,0.0,0.0,Medium
-0.2327216545772156,0.8141618158571101,-0.3354023966039502,1.7501230432342127,-1.3266447904588916,-1.3723916179775086,-0.7221807757704823,0.2474607558672392,-0.3960293949959426,0.0,1.0,0.0,0.0,0.0,0.0,0.0,0.0,Medium
-0.0345996218822041,0.9212367806637021,-1.4748042169312814,-0.3613481268934981,-0.007766253376908292,0.2716485582167603,0.763047661344612,-0.9056860650208556,-0.27561382831661296,0.0,0.0,0.0,0.0,0.0,1.0,0.0,0.0,Medium
0.4572895627398951,1.1290881829353212,-0.5661673222398657,-0.2876142130160224,-0.48735844867944755,0.5663350048930914,-1.4350904255857275,-0.9663780029623342,-0.6218085825196845,1.0,0.0,0.0,0.0,0.0,0.0,0.0,0.0,Medium
0.11569985119677079,0.5370266128282839,0.42900641956501845,-0.31442654533510433,0.6088522834406421,-0.35649886759331384,0.06334004208150126,-0.2441439414587377,0.34151595091495085,0.0,0.0,1.0,0.0,0.0,0.0,0.0,0.0,Low
1.242945899289081,0.10872675360191697,1.7703275498237763,2.0584648649036565,0.6887843159910657,1.7218160721239697,-1.6925300213523438,0.46595173245656296,2.151512437563623,1.0,0.0,0.0,0.0,0.0,0.0,0.0,0.0,Low
0.1908495877362587,0.7070868510505182,0.27756693711644953,-0.8506731917167452,0.5060825273043839,-0.34874396110183187,-0.6957767146662136,0.8786569104586177,0.3170565389332129,0.0,0.0,1.0,0.0,0.0,0.0,0.0,0.0,Low
0.4641213569707582,-0.8486494023158451,-0.11184887489415779,2.2193388588181486,-1.4408334083880676,0.8765312645523875,-0.03567518705950503,0.6176815773102596,0.48450943634665555,0.0,1.0,0.0,0.0,0.0,0.0,0.0,0.0,Medium
0.22500855889057114,-0.14321434006065195,-1.9219112603508672,-0.37475429305303887,0.6944937468875242,-0.7132245662015044,1.0204872571112287,0.7876190035463997,0.004728662858702686,0.0,0.0,0.0,0.0,0.0,1.0,0.0,0.0,Medium
0.04055011465728383,1.746343862408615,-0.09742606704191288,-0.17366180065992354,0.5403391126831364,-1.969519417821654,0.9676791349026923,-0.01351457728111891,0.5371912467688624,0.0,0.0,0.0,0.0,0.0,0.0,0.0,1.0,Medium
1.2087869281347685,-1.0627993319290285,-0.29934537697333846,-0.5624406192866134,-1.880459587415395,0.00798173750635929,0.14255222539430648,-1.203076560934101,-1.4628360560456262,0.0,1.0,0.0,0.0,0.0,0.0,0.0,0.0,Medium
0.5734300646645576,1.1857749290093986,-0.9988515578072067,-1.755589407485764,-0.6415130828838354,-0.9924011998948711,-0.08188229399197482,-0.15310603454651966,-0.9548328841172058,0.0,0.0,1.0,0.0,0.0,0.0,0.0,0.0,Medium
-0.5264888065043029,-0.5526186172623264,-0.9916401538810842,1.5088120523624746,0.2491581369637378,-0.03854770144253578,0.16235527122250756,0.7936881973405472,0.2737821946578281,0.0,0.0,0.0,0.0,0.0,1.0,0.0,0.0,Medium
0.32748547235350844,0.5559221948529764,-0.06858045133742308,-0.12674021910153024,-1.223875034322633,-0.061812420916982774,1.812609090239279,0.569128026957076,0.5973990301085259,0.0,1.0,0.0,0.0,0.0,0.0,0.0,0.0,Low
0.5597664762028324,-0.4644392344804274,1.784750357676021,-0.5490344531270722,0.26628642965311405,-0.23242036372959585,-2.0621868768121008,-1.118107847816031,-0.7196462304466403,1.0,0.0,0.0,0.0,0.0,0.0,0.0,0.0,Medium
2.178901708917242,-0.4833348165051199,-0.8762576910631265,-1.1992335118648119,-1.4008673921128558,1.5822277552772868,0.13595121011823882,0.24139156207309168,-0.09122749183888897,0.0,1.0,0.0,0.0,0.0,0.0,0.0,0.0,Medium
1.0516556608249317,-1.4785021364722672,-0.789720843949658,0.2754447656847004,0.5745956980618897,1.4348845319391206,1.858816197171749,-0.9785163905506297,0.6049250030259852,0.0,0.0,0.0,0.0,1.0,0.0,0.0,0.0,Medium
1.6255263762173808,-1.472203609130703,-1.301730522704345,-0.595956034685466,1.5965838285280147,-1.108724797267107,2.1162557929383645,1.5523374216090307,1.052720391614741,0.0,0.0,0.0,0.0,1.0,0.0,0.0,0.0,Medium
0.22500855889057114,-0.26918488689193637,1.4530257770743924,0.9457530736617514,1.0085124461927581,-1.1319895167415541,-2.0489848462599665,-0.21379797248799834,0.042358527445991015,1.0,0.0,0.0,0.0,0.0,0.0,0.0,0.0,Medium
0.6007572415880079,0.11502528094348083,0.3641037842299179,-0.32112962841487497,-1.3152259286659738,-2.6364413760891408,0.23496643925924512,0.10786929860183843,-0.9604773638052996,0.0,0.0,0.0,0.0,0.0,0.0,0.0,1.0,Medium
-1.9270066238311125,-0.0739305393034454,-1.5757638718969946,0.30896018108355294,0.9514181372281703,1.3340707475498497,0.8356588293813505,0.3445678565736056,0.1307887092261234,0.0,0.0,0.0,0.0,0.0,0.0,1.0,0.0,Medium
1.1199736031335565,1.563686569503252,0.12612745466788058,0.8921284090235875,0.17493553530977352,0.15532496084452427,-0.8872061576721595,-0.20165958489970287,1.0489574051560127,1.0,0.0,0.0,0.0,0.0,0.0,0.0,0.0,Low
2.178901708917242,0.14021939030973807,0.19103009000298113,-0.32783271149464555,-0.4531018633006947,-0.5115969974229619,-0.5043472716602683,0.921141267017653,0.5861100707323383,0.0,1.0,0.0,0.0,0.0,0.0,0.0,0.0,Medium
0.764720303128707,-0.5652156719454551,-1.3089419266304674,0.9323469075022102,0.16922610441331465,1.6210022877346988,-0.8211960049114887,-0.2684207166353295,0.11761825662057301,0.0,0.0,0.0,0.0,0.0,1.0,0.0,0.0,Medium
0.1908495877362587,-1.138381660027799,0.8039994237233808,0.28214784876447146,-1.2410033270120095,-0.783018724624846,1.0204872571112287,-1.0574159098745521,-0.7930244663918569,0.0,1.0,0.0,0.0,0.0,0.0,0.0,0.0,Medium
-1.5785851180571255,0.5622207221945412,-0.15511729845089148,-0.9445163548335322,-0.4930678795759064,1.2875413086009557,0.12274917956610448,0.28994511242627447,-0.3715699830142033,0.0,0.0,0.0,0.0,0.0,0.0,1.0,0.0,Medium
-0.3283667738092908,0.4677428120710778,-0.5661673222398657,1.6897952955162787,-0.7043168227448823,1.1014235528053775,0.34058268367631905,0.5084360890155973,0.8325856837790913,0.0,1.0,0.0,0.0,0.0,0.0,0.0,0.0,Low
-1.2779861718991763,0.19690613638381643,-1.2873077148521006,0.04083685789273251,0.47753537282208985,0.9928548619246235,-1.2370599673037148,0.05324655445450772,-0.6933053252355369,1.0,0.0,0.0,0.0,0.0,0.0,0.0,0.0,Medium
-1.0183779911264015,-0.4707377618219917,2.368874075691931,-1.112093431827795,0.3462184622035376,0.38797215558899634,0.08974410318576904,-0.8571325146676724,-0.18342066007775099,0.0,0.0,1.0,0.0,0.0,0.0,0.0,0.0,Medium
-0.07559038726737863,0.8519529799064951,-1.1935594638125098,-0.42167587461143263,0.20919212068852602,-0.13160657934032483,-0.048877217611639386,0.7390654531932169,0.07058092588645994,0.0,0.0,0.0,0.0,0.0,1.0,0.0,0.0,Medium
-0.041431416113066194,0.6315045229517473,0.9842845218764397,1.0731116521773916,0.10642236455226774,0.45001140752085533,0.4131938517130566,-2.726444203265215,0.18911499933642403,0.0,0.0,0.0,1.0,0.0,0.0,0.0,0.0,Medium
0.1908495877362587,-2.0138769605052262,-0.7608752282451687,0.1614923533286015,1.3567877308767458,-0.643430407778163,2.2614781290118406,-0.39587378631243436,0.13831468214358267,0.0,0.0,0.0,0.0,1.0,0.0,0.0,0.0,Medium
-0.44450727573395277,-0.88644056636523,-1.0781770009945522,-0.43508204077097334,0.3576373239964549,1.8226298565132408,-0.5241503174884697,1.6008909719622133,0.14584065506104193,0.0,0.0,0.0,0.0,0.0,1.0,0.0,0.0,Medium
0.17718599927453355,-1.6863535387438864,-0.7103954007623127,-0.38145737613280944,-1.5093465791455731,-0.03079279495105272,-0.7815899132550861,0.17463043033746506,-1.777045425349502,0.0,1.0,0.0,0.0,0.0,0.0,0.0,0.0,High
1.6733489358334175,0.8393559252233664,0.06122481933277902,-0.6428776162438593,0.22061098248144378,-0.4495577454911029,0.28777456146778163,2.128910832053078,1.5663680432312563,0.0,0.0,1.0,0.0,0.0,0.0,0.0,0.0,Low
0.9560105415928564,-0.9557243671224366,0.2487213214119597,-0.39486354229235066,1.7050630155607323,1.1091784592968597,-1.4086863644814591,-0.8874784836384116,0.10821079047375093,1.0,0.0,0.0,0.0,0.0,0.0,0.0,0.0,Medium
0.5870936531262827,0.5622207221945412,-1.5469182561925048,0.10786768869043761,0.5003730964079254,0.24062893225083137,-0.6627716382858783,-0.2198671662821463,-0.09687197152698275,0.0,0.0,0.0,0.0,0.0,1.0,0.0,0.0,Medium
0.7783838915904321,0.3102796285319723,-0.6022243418704774,-1.4070290873376974,0.8829049664706644,-0.1781360182892188,0.9808811654548256,-0.6325723442842015,0.10821079047375093,0.0,0.0,1.0,0.0,0.0,0.0,0.0,0.0,Medium
0.8740290108225073,-0.4392451251141706,0.2631441292642046,1.2138763968525719,-0.4131358470254833,-0.33323414811886687,-0.49774625638420106,1.9893193747876772,0.9699346895227022,1.0,0.0,0.0,0.0,0.0,0.0,0.0,0.0,Low
-2.1524558334495745,-1.560382991912602,-0.3642480123084395,-2.3923823000639626,0.29483358413540806,-1.7989114750090407,0.3537847142284525,0.16249204274916915,-2.5164722644897597,0.0,0.0,1.0,0.0,0.0,0.0,0.0,0.0,High
-0.5333206007351654,-0.5085289258713767,0.7174625766099124,-1.500872250454485,0.8258106575060764,0.6749036957738455,-1.1512467687148429,0.8483109414878783,-0.2022355923713965,0.0,0.0,1.0,0.0,0.0,0.0,0.0,0.0,Medium
-1.0183779911264015,-1.4029198083734964,-3.3714034495014595,-0.8238608593976633,-0.1904680420635901,2.063031957749196,-0.25350869116971914,-0.2562823290470336,-1.9049869649462894,0.0,0.0,0.0,0.0,0.0,1.0,0.0,0.0,High
-0.4854980411191278,1.2739543117912981,-0.15511729845089148,0.8183944951461123,-1.0126260911536575,0.25613874523379526,0.5914212641668681,-0.2198671662821463,0.3302269915387633,0.0,1.0,0.0,0.0,0.0,0.0,0.0,0.0,Medium
0.3616444435078209,1.9415982099971054,-1.6623007190104626,-0.6294714500843185,1.973406267694296,-0.34098905461034884,2.2614781290118406,1.6069601657563617,2.2248906735088396,0.0,0.0,0.0,0.0,0.0,1.0,0.0,0.0,Low
-0.0345996218822041,-2.291012163534052,1.7414819341192864,-1.2126396780243527,0.5974334216477244,-0.2246654572381128,2.19546797625117,-1.0452775222862563,-0.17025020747219927,0.0,0.0,0.0,0.0,1.0,0.0,0.0,0.0,Medium
-0.7041154565067276,1.3936263312810186,-0.4868418790525197,0.5502711719552918,0.5117919582008423,-0.8450579765567056,-1.1710498145430441,-1.834272715525479,-0.8607582226489796,0.0,0.0,0.0,1.0,0.0,0.0,0.0,0.0,Medium
1.564040228139618,0.7070868510505182,1.928978436198468,-0.8707824409560565,0.8372295192989943,-0.4805773714570324,-2.0489848462599665,0.31422188760286623,0.7178145967878555,1.0,0.0,0.0,0.0,0.0,0.0,0.0,0.0,Medium
0.5051121223559327,-0.09282612132813833,-1.157502444181898,-1.6751524105285178,0.009362039312467952,0.7602076671801514,0.0963451184618367,1.024317561518166,-0.16084274132537718,0.0,0.0,1.0,0.0,0.0,0.0,0.0,0.0,Medium
0.21134497042884598,0.3039811011904075,-1.2584620991476108,-0.04630322214428394,-0.7100262536413408,2.287924246002185,-0.8608020965678908,-0.4504965304597655,-0.3207696658213606,0.0,0.0,0.0,0.0,0.0,1.0,0.0,0.0,Medium
0.293326501199196,0.9086397259805734,0.6669827491270568,-0.10663096986221843,-0.9726600748784457,0.2871583711997253,-2.114994999020637,-0.46870411184220895,-0.6293345554371425,1.0,0.0,0.0,0.0,0.0,0.0,0.0,0.0,Medium
1.3522546069828814,0.9905205814209082,-1.9219112603508672,-1.8561356536823217,-0.3503321071644364,-0.2634399896955248,1.5551694944726624,-0.9117552588150031,-0.4656446444824295,0.0,0.0,0.0,0.0,0.0,1.0,0.0,0.0,Medium
-0.8817421065091517,0.6881912690258256,-0.09742606704191288,0.15478927024883138,1.2254708202581925,-0.0773222338999478,0.8092547682770818,-1.3608755995819455,0.21733739777689295,0.0,0.0,0.0,1.0,0.0,0.0,0.0,0.0,Medium
2.178901708917242,0.6252059956101834,-0.1839629141553813,0.6575205012316196,1.6137121212173917,0.9773450489416596,-0.26671072172185306,-1.1302462354043263,1.5833014822955378,0.0,0.0,0.0,1.0,0.0,0.0,0.0,0.0,Low
0.4026352088929954,0.41735459333856423,-1.9507568760553566,-0.6696899485629412,0.5917239907512659,1.3418256540413316,-0.1874985384090483,0.7815498097522513,0.3095305660157536,0.0,0.0,0.0,0.0,0.0,1.0,0.0,0.0,Medium
-0.6084703372746524,-1.4910991911553955,-0.8978919028414933,-0.4685974561698259,1.0827350478467226,-0.86056778953967,1.1657095931847048,-0.9421012277857423,-0.9886997622457672,0.0,0.0,0.0,0.0,1.0,0.0,0.0,0.0,Medium
1.6596853473716933,0.37956342928917836,0.11891605074175762,0.10116460561066748,-0.06486056234149631,0.07777589592970025,-1.540706670002801,0.362775437956049,0.37538282904351356,1.0,0.0,0.0,0.0,0.0,0.0,0.0,0.0,Medium
-0.6084703372746524,-0.23139372284255097,1.2799520828474567,0.5971927535136847,-1.3894485303199384,-1.147499329724519,-0.009271125955237247,0.7936881973405472,-0.28502129446343505,0.0,1.0,0.0,0.0,0.0,0.0,0.0,0.0,Medium
0.5119439165867948,0.9527294173715232,-0.21280852985987006,1.9042939540689343,0.26628642965311405,0.8765312645523875,0.023733950425098186,-1.1363154291984743,1.0734168171377505,0.0,0.0,0.0,1.0,0.0,0.0,0.0,0.0,Low
-1.1413502872819266,0.37956342928917836,-0.804143651801903,-0.23398954837785804,0.5460485435795956,-0.03079279495105272,0.07654207263363562,-0.9360320339915948,-0.7158832439879107,0.0,0.0,0.0,0.0,0.0,0.0,1.0,0.0,Medium
-0.21222627188462834,0.4866383940957703,0.8977476747629712,-0.019490889825201987,0.08358464096643262,0.062266082946735225,-0.20730158423724937,0.9757640111649832,0.7516814749164182,1.0,0.0,0.0,0.0,0.0,0.0,0.0,0.0,Low
-0.62896571996724,1.3117454758406832,-1.0493313852900628,0.3692879288014879,2.2074929344491068,0.2871583711997253,-1.910363525462558,-0.8874784836384116,0.03295106129916893,1.0,0.0,0.0,0.0,0.0,0.0,0.0,0.0,Medium
-1.3258087315152134,-0.5652156719454551,0.3929493999344067,1.3211257261289007,0.6259805761300183,1.6597768201921108,-0.15449346202871286,0.10180010480769049,0.668895772824377,0.0,0.0,0.0,0.0,0.0,0.0,1.0,0.0,Medium
-0.6767882795832773,-0.2502893048672439,-0.94837173032435,-0.6361745331640887,-1.8462030020366427,0.9618352359586946,-1.0192264631935013,0.3202910813970138,-1.5663181836606759,0.0,1.0,0.0,0.0,0.0,0.0,0.0,0.0,High
1.8441437916049797,-2.4484753470731575,0.054013415406657085,-1.7756986567250754,-0.3788792616467304,-0.69771475321854,0.010531919872964762,1.4612995146968126,-0.6820163658593493,0.0,0.0,0.0,0.0,1.0,0.0,0.0,0.0,Medium
-1.2779861718991763,0.07093558955253199,0.20545289785522602,0.14138310408929017,0.11213179544872663,1.0936686463138956,0.31417862257205037,-1.5065362506414943,-0.3903849153078488,0.0,0.0,0.0,1.0,0.0,0.0,0.0,0.0,Medium
-0.08925397572910379,0.7574750697830317,0.6092915177180772,-0.9244071055942209,0.6316900070264777,1.1401980852627895,1.6079776166811988,1.4309535457260734,1.8598809870121225,0.0,0.0,1.0,0.0,0.0,0.0,0.0,0.0,Low
2.178901708917242,0.22210024575007278,-0.018100623854566417,0.25533551644538904,-0.30465665999276614,-0.7132245662015044,0.3537847142284525,1.2428085381074898,1.1825434244408926,0.0,1.0,0.0,0.0,0.0,0.0,0.0,0.0,Low
-0.30787139111670303,-1.0690978592705929,-1.5613410640447498,-0.019490889825201987,2.213202365345566,-2.0160488567705483,1.9248263499324196,-0.15917522834066763,-0.09687197152698275,0.0,0.0,0.0,0.0,0.0,1.0,0.0,0.0,Medium
0.27966291273747085,0.052040007527838605,-0.739241016466802,-0.964625604072844,-1.1896184489438804,0.6438840698079153,0.023733950425098186,0.16249204274916915,-0.6876608455474431,0.0,1.0,0.0,0.0,0.0,0.0,0.0,0.0,Medium
-0.5196570122734402,-1.7808314488673498,-0.8762576910631265,0.6105989196732259,2.2017835035526483,-1.8221761944834882,1.3637400514667175,-0.07420651522259758,-0.10439794444444202,0.0,0.0,0.0,0.0,1.0,0.0,0.0,0.0,Medium
0.6007572415880079,-1.1509787147109276,-0.515687494757009,1.461890470804081,-0.6643508064696705,0.8377567320949755,-0.7485848368747506,0.7876190035463997,0.14019617537294815,0.0,0.0,0.0,0.0,1.0,0.0,0.0,0.0,Medium
-0.06192679880565346,0.6692956870011332,-0.6527041693533335,1.7434199601544424,-1.1953278798403388,-0.8062834440992935,0.3999918211609223,1.000040786341575,0.42053866654826116,0.0,1.0,0.0,0.0,0.0,0.0,0.0,0.0,Medium
-0.5264888065043029,-0.9242317304146155,-2.3690183037704533,-0.6093622008450067,0.1578072426203969,1.4426394384306038,-0.45153914945173174,0.7026502904283293,-0.8983880872362693,0.0,0.0,0.0,0.0,0.0,1.0,0.0,0.0,Medium
-0.8612467238165645,0.4929369214373342,1.4097573535176586,0.7580667474281774,1.4938140723917563,-2.0238037632620305,-1.864156418530088,0.3931214069267884,0.10256631078565714,1.0,0.0,0.0,0.0,0.0,0.0,0.0,0.0,Medium
0.9081879819768197,-2.1398475073365106,0.6453485373486889,0.9993777382999153,0.5403391126831364,-1.5740191867560511,-0.6957767146662136,0.6055431897219637,-0.19282812622457304,0.0,0.0,0.0,0.0,1.0,0.0,0.0,0.0,Medium
-0.08925397572910379,0.5496236675114126,-0.6887611889839452,0.5100526734766683,-0.24185292013171925,0.8300018256034934,1.079896394595832,0.09573091101354253,0.7027626509529397,0.0,0.0,0.0,0.0,0.0,1.0,0.0,0.0,Low
1.5162176685235804,0.29768257384884367,0.8328450394278707,1.6294675477983436,0.7744257794379477,0.03124645698080628,0.6442293863754046,-0.3473202359592516,1.8993923448287764,0.0,0.0,0.0,1.0,0.0,0.0,0.0,0.0,Low
0.6964023608200821,-0.21249814081785848,-2.0949849545778036,-0.6763930316427118,0.8429389501954535,1.4814139708880156,-0.15449346202871286,-1.3608755995819455,-0.546548853345104,0.0,0.0,0.0,0.0,0.0,1.0,0.0,0.0,Medium
1.154132574287869,0.8456544525649312,-2.744011307928815,0.5368650057957507,-0.2989472290963073,0.3569525296230674,-1.243660982579782,1.5280606464324398,0.14019617537294815,0.0,0.0,0.0,0.0,0.0,1.0,0.0,0.0,Medium
-0.7246108391993148,-0.3069760509413218,0.9338046943935829,0.4229125934396518,-0.1276643022025432,0.30266818418269037,0.4527999433694588,0.2474607558672392,0.38479029519033564,0.0,0.0,0.0,0.0,0.0,0.0,1.0,0.0,Low
-0.9500600488177766,-1.3147404255915975,0.06122481933277902,-0.17366180065992354,-0.9612412130855283,-1.2560680206052726,-0.5835594549730735,0.5630588331629285,-1.6265259670003407,0.0,0.0,0.0,0.0,1.0,0.0,0.0,0.0,Medium
-0.06192679880565346,0.19060760904225169,1.3448547181825572,-1.0919841825884837,-0.14479259489191945,0.5198055659441974,-0.39213001196712804,-0.6629183132549409,-0.19282812622457304,0.0,0.0,1.0,0.0,0.0,0.0,0.0,0.0,Medium
0.5665982704336955,-0.12431875803595945,1.5828310477445944,0.7178482489495547,0.9799652917104642,-0.5736362493548215,0.8950679668659537,0.47809012004485796,1.6510352385526605,0.0,0.0,0.0,0.0,0.0,0.0,0.0,1.0,Low
1.3795817839063307,0.7511765424414678,1.503505604557249,-0.13344330218130038,0.6944937468875242,0.6516389762993985,-0.3129178286543228,1.3702616077845946,2.1025936136001446,1.0,0.0,0.0,0.0,0.0,0.0,0.0,0.0,Low
-0.7451062218919021,-0.7541714921923817,-0.6887611889839452,-0.0932248037026777,-0.3160755217856835,-0.5969009688292685,-0.4317361036235302,0.10180010480769049,-1.2201234294576029,0.0,0.0,0.0,0.0,0.0,0.0,1.0,0.0,Medium
-1.961165594985425,-1.0690978592705929,-0.09021466311578992,2.1657141941799845,-0.4473924324042362,0.6516389762993985,-0.9664183409849643,-0.21379797248799834,-0.75727609503393,0.0,0.0,0.0,0.0,0.0,0.0,1.0,0.0,Medium
0.0132229377338335,0.4047575386554356,0.4073722077866516,0.4631310919182745,1.1569576495006877,-0.06956732740846473,-0.4185340730713963,-0.3776662049299909,0.610569482714079,1.0,0.0,0.0,0.0,0.0,0.0,0.0,0.0,Low
0.4641213569707582,-1.9445931597480197,-1.4026901776700578,-0.7970485270785813,1.1284104950183935,0.24838383874231332,-1.844353372701887,0.37491382554434494,-1.274686733109174,0.0,0.0,0.0,0.0,1.0,0.0,0.0,0.0,Medium
0.8671972165916443,-0.02984084791249611,-0.27771116519497163,-2.2046959738303884,0.003652608416009474,-0.5193519039144444,0.036935980977232545,0.36884463175019655,-0.5766527450149357,0.0,0.0,1.0,0.0,0.0,0.0,0.0,0.0,Medium
1.5708720223704802,0.11502528094348083,-0.739241016466802,-1.2394520103434346,0.10071293365580886,0.45001140752085533,0.8290578141052829,0.9514872359883924,0.7497999816870528,0.0,0.0,1.0,0.0,0.0,0.0,0.0,0.0,Low
-0.73827442766104,-0.7415744375092531,-0.08300325918966797,-1.3131859242209103,-1.6977577987287138,-1.7989114750090407,0.300976592019916,0.4234673758975277,-1.9915356534970576,0.0,1.0,0.0,0.0,0.0,0.0,0.0,0.0,High
0.8945243935150946,-0.3762598516985284,-0.789720843949658,0.10116460561066748,0.22632041337790265,1.3573354670242967,-1.4218883950335932,-0.5111884684012442,-0.25491740279360336,1.0,0.0,0.0,0.0,0.0,0.0,0.0,0.0,Medium
0.07470908581159626,1.5195968781123033,0.5588116902352216,0.9323469075022102,-1.0754298310147044,-0.5348617168974095,-1.2832670742361847,-0.6629183132549409,-0.21728753820631233,1.0,0.0,0.0,0.0,0.0,0.0,0.0,0.0,Medium
0.11569985119677079,-0.19360255879316554,1.1573582161033764,-0.1602556345003828,1.7393196009394847,1.0704039268394476,0.4197948669891233,-0.22593636007629425,1.3913891729003545,0.0,0.0,0.0,1.0,0.0,0.0,0.0,0.0,Low
-0.5674795718894778,2.1746437216349817,0.039590607554412176,-0.8439701086369746,0.4318599256504196,1.2332569631605785,-0.4119330577953291,0.40525979451508426,0.8965564535774857,0.0,0.0,1.0,0.0,0.0,0.0,0.0,0.0,Medium
-0.6836200738141398,0.7763706518077242,-1.9219112603508672,-2.3052422200269462,0.8657766737812882,-0.9458717609459766,-0.5967614855252074,0.751203840781512,-1.2332938820631547,0.0,0.0,1.0,0.0,0.0,0.0,0.0,0.0,Medium
-1.4419492334398758,-0.04243790259562474,1.93618984012459,-0.5490344531270722,1.7221913082501086,-2.1711469866001964,1.8852202582760167,-0.8389249332852289,0.3245825118506695,0.0,0.0,0.0,0.0,0.0,0.0,0.0,1.0,Medium
-0.20539447765376626,0.32917521055666477,-0.010889219928444478,-1.869541819841863,-1.3038070668730564,-0.19364583127218382,-1.0390295090217023,-0.7236102511964195,-1.854186647753448,0.0,0.0,1.0,0.0,0.0,0.0,0.0,0.0,High
-0.6767882795832773,-0.8927390937067944,0.5876573059397103,-1.7421832413262228,0.6602371615087717,-1.0854600777926602,-1.2040548909233795,-2.0466944983206545,-2.2662336649842785,0.0,0.0,0.0,1.0,0.0,0.0,0.0,0.0,High
0.33431726658437055,0.39845901131387085,0.8328450394278707,1.287610310730048,0.6659465924052301,-0.23242036372959585,0.9082699974180881,-0.4383581428714696,1.3443518421662415,0.0,0.0,0.0,1.0,0.0,0.0,0.0,0.0,Low
1.256609487750806,1.242461675083477,-0.11184887489415779,1.589249049319721,-1.138233570875751,-1.1242346102500722,0.7366436002403443,-0.062068127634301674,0.8457561363846443,0.0,1.0,0.0,0.0,0.0,0.0,0.0,0.0,Low
-1.2984815545917636,-0.0991246486697022,-0.09742606704191288,-1.1992335118648119,2.024791145762425,-0.6511853142696454,-0.8013929590832871,0.9393488484000964,-0.22105052466504063,0.0,0.0,0.0,0.0,0.0,0.0,1.0,0.0,Medium
0.68957056658922,0.09612969891878834,1.215049447512355,0.8452068274651937,-0.3845886925431893,0.00022683101487622702,2.2614781290118406,-0.38373539872413887,1.464767408845571,0.0,1.0,0.0,0.0,0.0,0.0,0.0,0.0,Low
1.5845356108322053,0.22839877309163756,2.2823372285784624,-0.13344330218130038,0.03219976289830348,0.8765312645523875,-0.029074171783438317,-0.5293960497836876,1.3913891729003545,0.0,0.0,0.0,1.0,0.0,0.0,0.0,0.0,Low
-0.9295646661251894,-0.3951554337232208,0.9338046943935829,0.04083685789273251,-1.7320143841074664,-0.37200868057627884,2.2614781290118406,0.5934048021336678,0.06117345973963785,0.0,1.0,0.0,0.0,0.0,0.0,0.0,0.0,Medium
1.3385910185211563,-0.36996132435696405,0.501120458826242,-0.5691437023663836,1.0370596006750523,-0.41853811952517284,-0.5373523480406037,-0.826786545696933,0.07434391234518822,0.0,0.0,0.0,1.0,0.0,0.0,0.0,0.0,Medium
1.7484986723729055,-0.17470697676847305,-1.8209516053851544,0.14138310408929017,0.11784122634518551,-0.7519990986589165,-0.9268122493285617,-0.007445383486970956,-0.5202079481340005,0.0,0.0,0.0,0.0,0.0,1.0,0.0,0.0,Medium
-1.1550138757436512,-0.25658783220880776,-0.6671269772055785,-0.14014638526107098,0.9856747226069236,1.5899826617687687,-0.8476000660157569,1.0425251429006104,0.23050785038244334,0.0,0.0,0.0,0.0,0.0,0.0,1.0,0.0,Medium
-1.305313348822626,1.2676557844497343,0.16939587822461427,0.7446605812686361,0.015071470208926834,-0.5348617168974095,-2.3394295184069183,1.036455949106462,-0.24739142987614407,1.0,0.0,0.0,0.0,0.0,0.0,0.0,0.0,Medium
-0.5538159834277526,-1.3273374802747255,0.7895766158711359,0.7647698305079474,-0.4531018633006947,-0.3254792416273849,1.5485684791965957,0.751203840781512,0.3960792545665232,0.0,0.0,0.0,0.0,1.0,0.0,0.0,0.0,Medium
0.5529346819719703,-0.653395054727354,0.13333885859400252,-0.9445163548335322,-0.40171698523256555,-0.015282981968088798,-0.854201081291824,-0.6204339566959056,-1.05643351850289,1.0,0.0,0.0,0.0,0.0,0.0,0.0,0.0,Medium
0.9696741300545816,-1.1446801873693633,0.42900641956501845,0.6709266673911609,-1.6178257661782904,-0.23242036372959585,-0.0554782328877061,-0.4322889490773216,-0.6425050080426942,0.0,1.0,0.0,0.0,0.0,0.0,0.0,0.0,Medium
0.27966291273747085,-0.44554365245573446,1.0563985611376632,0.4631310919182745,0.20919212068852602,-1.7523820360601463,-0.7353828063226162,-0.7175410574022716,-0.5484303465744681,0.0,0.0,0.0,0.0,0.0,0.0,0.0,1.0,Medium
-0.6153021315055149,1.135386710276885,-1.2945191187782226,-0.17366180065992354,1.2083425275688162,0.7214331347227394,-0.728781791046549,0.089661717219395,0.22110038423562126,0.0,0.0,0.0,0.0,0.0,1.0,0.0,0.0,Medium
-0.0345996218822041,0.29768257384884367,-0.6599155732794559,-0.12003713602175964,0.19777325889560865,-0.1781360182892188,0.12274917956610448,-0.03172215866356234,-0.09875346475634823,0.0,0.0,0.0,0.0,0.0,1.0,0.0,0.0,Medium
0.4026352088929954,-1.8312196675998633,-0.37145941623456197,-1.6751524105285178,1.3796254544625803,0.6981684152482924,1.1987146695650404,0.7208578718107727,0.23238934361180882,0.0,0.0,0.0,0.0,1.0,0.0,0.0,0.0,Medium
0.1908495877362587,0.5622207221945412,-1.4243243894484252,0.5301619227159796,-0.0705699932379552,1.1091784592968597,-1.5077015936224656,-1.731096421024965,-0.9040325669243631,0.0,0.0,0.0,1.0,0.0,0.0,0.0,0.0,Medium
-0.20539447765376626,0.7070868510505182,-0.8402006714325148,0.5435680888755208,-0.9384034894996928,-0.6899598467270575,1.0006842112830276,-0.14703684075237217,-0.18530215330711514,0.0,1.0,0.0,0.0,0.0,0.0,0.0,0.0,Medium
-0.2532170372698029,0.1528164449928667,-0.7103954007623127,0.2486324333656189,1.984825129487214,-1.108724797267107,-0.8872061576721595,-0.8632017084618203,-0.3433475845737357,1.0,0.0,0.0,0.0,0.0,0.0,0.0,0.0,Medium
-1.7083892084435126,1.418820440647275,-0.1623287023770134,-1.3668105888590747,0.39189390937520785,0.9618352359586946,-1.1380447381627086,-0.644710731872497,-0.7930244663918569,0.0,0.0,0.0,0.0,0.0,0.0,1.0,0.0,Medium
0.12253164542763385,-1.2328595701512624,-0.9627945381765949,0.677629750470931,0.4718259419256314,-0.09283204688291283,1.350538020914583,1.8861430802871633,0.8833860009719327,0.0,0.0,0.0,0.0,1.0,0.0,0.0,0.0,Low
0.20451317619798293,2.2187334130259315,-0.32097958875170535,0.034133774812962384,0.9399992754352525,-1.7213624100942169,-0.9466152951567632,0.5205744766038932,0.535309753539497,0.0,0.0,0.0,0.0,0.0,0.0,0.0,1.0,Medium
1.256609487750806,-0.4959318711882485,0.6669827491270568,-2.1644774753517653,0.07216577917351485,0.1940994933019363,0.99408319600696,-1.5065362506414943,-0.4355407528125964,0.0,0.0,1.0,0.0,0.0,0.0,0.0,0.0,Medium
-1.4487810276707385,-1.3147404255915975,-1.5036498326357712,-0.7568300285999582,1.2996934219121576,-1.1319895167415541,0.6970375085839412,-1.0270699409038129,-1.7036671894042854,0.0,0.0,0.0,0.0,0.0,1.0,0.0,0.0,High
-1.414622056516426,-0.7793656015586385,1.4386029692221474,1.5088120523624746,-0.47023015599007134,0.16307986733600735,-1.3426762117207884,-2.1377324052328723,-1.2314123888337904,0.0,0.0,0.0,1.0,0.0,0.0,0.0,0.0,Medium
0.8671972165916443,-0.6722906367520466,-1.4820156208574038,-0.7434238624404169,-1.1781995871509627,0.1087955218956303,-0.7551858521508178,-0.9056860650208556,-1.7695194524320441,0.0,0.0,0.0,0.0,0.0,1.0,0.0,0.0,High
0.1703542050436705,1.456611604696661,-0.6238585536488442,-0.810454693238122,0.38618447847874937,1.1169333657883427,-0.79479194380722,1.5098530650499953,0.913489892641767,1.0,0.0,0.0,0.0,0.0,0.0,0.0,0.0,Medium
-1.4487810276707385,-2.202832780752153,1.4025459495915358,0.9189407413426699,-0.8927280423280226,0.0467562699637713,2.2614781290118406,-0.23200555387044222,-0.17965767361902135,0.0,0.0,0.0,0.0,1.0,0.0,0.0,0.0,Medium
-0.02093603342047893,0.7511765424414678,0.501120458826242,0.5502711719552918,-1.3266447904588916,0.7369429477057045,1.7399979222025406,-1.9738641727908803,0.1608926008959578,0.0,0.0,0.0,1.0,0.0,0.0,0.0,0.0,Medium
-0.7860969872770771,0.32917521055666477,-0.09021466311578992,-0.5423313700473016,-1.0925581237040807,-0.759754005150399,-0.2733117369979202,0.7329962593990685,-0.8607582226489796,0.0,1.0,0.0,0.0,0.0,0.0,0.0,0.0,Medium
-0.9910508142029517,-0.25658783220880776,1.1717810239556214,0.32236634724309415,0.07787521006997374,0.2328740257593483,-1.3888833186532576,0.5084360890155973,-0.13638332934363656,1.0,0.0,0.0,0.0,0.0,0.0,0.0,0.0,Medium
-0.00044065072789166643,0.03314442550314612,0.4794862470478751,0.8183944951461123,-0.8185054406740583,2.055277051257713,1.1261035015283019,1.4430919333143692,1.7018355557455018,0.0,1.0,0.0,0.0,0.0,0.0,0.0,0.0,Low
-0.1439083295760035,-0.817156765608024,0.4145836117127746,0.9055345751831287,0.7858446412308655,-0.8450579765567056,0.6112243099950693,0.48415931383900634,0.5710581248974225,0.0,0.0,0.0,0.0,1.0,0.0,0.0,0.0,Low
1.4069089608297811,2.2187334130259315,-0.6671269772055785,-1.2193427611041232,0.8315200884025358,0.6904135087568105,-0.5769584396970063,0.8847261042527652,1.355640801542429,0.0,0.0,1.0,0.0,0.0,0.0,0.0,0.0,Low
0.8671972165916443,1.563686569503252,-0.595012937944355,0.8720191597842762,-0.6015470666086236,-0.581391155846304,-1.844353372701887,0.26566833724968264,0.01601762223488758,1.0,0.0,0.0,0.0,0.0,0.0,0.0,0.0,Medium
1.2634412819816683,-1.1194860780031064,2.368874075691931,-0.1468494683408416,1.973406267694296,0.9618352359586946,0.2481684698113795,-0.36552781734169504,1.7902657375256343,0.0,0.0,0.0,0.0,1.0,0.0,0.0,0.0,Low
-0.47183445265740265,0.14021939030973807,-0.4147278397912962,-1.7421832413262228,-1.1896184489438804,0.5895997243675395,0.9412750737984236,0.4962977014273023,-0.64062351481333,0.0,0.0,1.0,0.0,0.0,0.0,0.0,0.0,Medium
0.23867214735229533,-0.9179332030730512,0.6020801137919553,-0.019490889825201987,-0.6814790991590467,-1.930744885364242,-0.9598173257088971,-1.1605922043750656,-1.7281266013860248,0.0,0.0,0.0,1.0,0.0,0.0,0.0,0.0,High
1.1131418089026943,0.38586195663074313,1.8135959733805098,0.4229125934396518,-0.9555317821890694,-0.9303619479630121,-0.29311478282612174,-1.5672281885829729,-0.12133138350872069,0.0,0.0,0.0,1.0,0.0,0.0,0.0,0.0,Medium
0.614420830049732,-2.0894592886039964,-0.724818208614557,1.3881565569266057,-1.7605615385897604,-1.2172934881478605,2.2614781290118406,-1.3123220492287624,-1.1147598086131891,0.0,0.0,0.0,0.0,1.0,0.0,0.0,0.0,High
-0.8817421065091517,0.1024282262603531,0.27756693711644953,-0.810454693238122,0.5574674053725134,1.3495805605328146,-0.3261198592064572,-0.037791352457710294,0.04988450036345028,0.0,0.0,0.0,0.0,0.0,0.0,1.0,0.0,Medium
-0.44450727573395277,0.4362501753632567,0.13333885859400252,1.408265806165917,-0.8299243024669757,0.2949132776912073,0.043536996253300195,0.660165933869294,0.5672951384386942,0.0,1.0,0.0,0.0,0.0,0.0,0.0,0.0,Low
-0.29420780265497837,0.18430908170068783,0.23429851355971584,0.4631310919182745,-0.43026413971485955,-0.23242036372959585,1.0006842112830276,-1.0634851036686996,-0.09687197152698275,0.0,0.0,0.0,1.0,0.0,0.0,0.0,0.0,Medium
1.8304802031432554,-1.7934285035504784,-0.3426138005300727,-2.0304158137563553,-0.7271545463307174,-0.5426166233888919,1.2185177153932414,-0.06813732142844962,-0.9190845127592789,0.0,0.0,1.0,0.0,0.0,0.0,0.0,0.0,Medium
1.167796162749594,1.0346102728118578,-0.6382813615010892,0.2754447656847004,-0.042022838755661186,0.3957270620804794,-0.6825746841140797,-3.5397161716810297,-0.8362988106672403,0.0,0.0,0.0,1.0,0.0,0.0,0.0,0.0,Medium
1.482058697369268,-0.5778127266285832,-1.510861236561893,1.3077195599693594,-0.7214451154342585,1.1557078982457547,1.0864974098718996,1.491645483667552,1.278499579138484,0.0,0.0,0.0,0.0,0.0,1.0,0.0,0.0,Low
0.34114906081523266,1.072401436861243,-0.883469094989249,0.4162095103598817,0.9171615518494177,1.0936686463138956,-0.9862213868131658,-1.1484538167867702,0.288834140492744,0.0,0.0,0.0,1.0,0.0,0.0,0.0,0.0,Medium
0.3206536781226454,0.14651791765130195,-0.7464524203929244,0.985971572140375,-0.3503321071644364,0.00798173750635929,-1.8773584490822224,1.0303867553123145,-0.14390930226109583,1.0,0.0,0.0,0.0,0.0,0.0,0.0,0.0,Medium
0.06787729158073319,-0.6030068359948401,0.16939587822461427,-0.6763930316427118,0.043618624691220846,0.25613874523379526,-0.3789279814149937,-0.9056860650208556,-0.7742095340982114,0.0,0.0,0.0,1.0,0.0,0.0,0.0,0.0,Medium
-2.0294835372940496,-0.14321434006065195,0.5876573059397103,0.4028033442003405,1.1683765112936046,-1.05444045182673,-1.0522315395738366,-0.8146481581086376,-0.949188404429112,0.0,0.0,0.0,0.0,0.0,0.0,1.0,0.0,Medium
0.9355151589002692,-0.5274245078960696,0.9914959258025626,0.32236634724309415,1.219761389361734,0.32593290365713734,0.4527999433694588,-0.31090507319436433,1.203239849963902,0.0,0.0,0.0,0.0,1.0,0.0,0.0,0.0,Low
-0.4240118930413655,0.35436931992292203,-1.5324954483402604,1.160251732214408,0.07787521006997374,0.6981684152482924,0.10954714901397106,0.6540967400751465,0.42994613269508325,0.0,0.0,0.0,0.0,0.0,1.0,0.0,0.0,Low
0.4982803281250706,1.3558351672316329,0.4794862470478751,-0.991437936391926,1.5109423650811327,0.21736421277638326,0.017132935149031473,-1.6157817389361557,0.5541246858331411,0.0,0.0,0.0,1.0,0.0,0.0,0.0,0.0,Medium
-1.4487810276707385,-0.5967083086532762,1.2727406789213336,0.060946107132043854,0.4147316329610434,-0.4340479325081379,1.1261035015283019,-2.5382991956466316,-0.8287728377497824,0.0,0.0,0.0,1.0,0.0,0.0,0.0,0.0,Medium
0.928683364669407,0.24729435511633005,0.5588116902352216,-1.2595612595827463,-1.6121163352818317,-0.9924011998948711,-0.3789279814149937,-0.5658112125485749,-1.167441619035396,0.0,1.0,0.0,0.0,0.0,0.0,0.0,0.0,Medium
0.4026352088929954,1.6518659522851515,-0.19838572200762516,-0.5423313700473016,-1.9318444654835247,-0.9458717609459766,-1.2172569214755138,-1.5429514134063815,-1.6133555143947889,0.0,1.0,0.0,0.0,0.0,0.0,0.0,0.0,High
1.6733489358334175,1.3936263312810186,-0.5878015340182324,-0.05300630522405454,-0.6358036519873765,-0.13160657934032483,-1.699131036628411,0.5934048021336678,0.2098114248594337,1.0,0.0,0.0,0.0,0.0,0.0,0.0,0.0,Medium
0.2455039415831584,-1.698950593427015,-0.6671269772055785,0.7647698305079474,0.9799652917104642,-1.2328033011308257,0.5848202488908005,-1.9981409479674712,-1.0357370929798801,0.0,0.0,0.0,1.0,0.0,0.0,0.0,0.0,Medium
-0.26004883150066593,-2.127250452653382,-0.08300325918966797,-0.0932248037026777,-0.8070865788811405,0.2328740257593483,-0.2799127522739874,-0.001376189692823002,-1.3066721180083711,0.0,0.0,0.0,0.0,1.0,0.0,0.0,0.0,Medium
-1.0388733738189893,1.3558351672316329,0.8616906551323594,-0.595956034685466,1.4938140723917563,0.20960930628490132,-0.6825746841140797,0.6480275462809989,0.9078454129536733,0.0,0.0,0.0,0.0,0.0,0.0,1.0,0.0,Low
0.2181767646597081,-2.3099077455587445,-0.595012937944355,-1.0115471856312372,0.19777325889560865,0.8144920126205285,0.23496643925924512,0.9090028794293571,-0.5728897585562074,0.0,0.0,0.0,0.0,1.0,0.0,0.0,0.0,Medium
-1.6605666488274755,0.53072808548672,-0.12627168274640166,-0.006084723665661253,-1.0354638147394926,-0.21691055074663082,-1.3426762117207884,-0.820717351902785,-1.7055486826336497,0.0,0.0,0.0,0.0,0.0,0.0,1.0,0.0,Medium
-0.5469841891968901,1.3054469484991194,0.9482275022458279,1.6227644647185735,-0.3217849526821424,1.0859137398224126,-0.09508432454410917,-0.05599893384015415,1.318010936955138,0.0,0.0,0.0,0.0,0.0,0.0,1.0,0.0,Low
-0.5879749545820651,-0.9746199491471295,0.15497307037236938,0.12797693792974896,0.3576373239964549,-0.744244192167434,1.4297502042273882,0.06538494204280319,-0.01408626943494415,0.0,0.0,0.0,0.0,1.0,0.0,0.0,0.0,Medium
-0.2737124199623911,-0.45184217979729874,-0.6382813615010892,-1.018250268711008,0.6944937468875242,-0.23242036372959585,1.1195024862522351,-0.638641538078349,-0.46188165802369985,0.0,0.0,1.0,0.0,0.0,0.0,0.0,0.0,Medium
0.04055011465728383,-0.21249814081785848,0.4866976509739981,0.37599101188125805,-0.30465665999276614,-0.5193519039144444,1.6145786319572666,-0.7175410574022716,0.2399153165292681,0.0,0.0,0.0,1.0,0.0,0.0,0.0,0.0,Medium
0.026886526195558667,-0.21249814081785848,-1.2079822716647546,0.5770835042743734,-0.1904680420635901,2.318943871968115,-1.0456305242977695,-0.22593636007629425,-0.09687197152698275,0.0,0.0,0.0,0.0,0.0,1.0,0.0,0.0,Medium
1.7621622608346306,-0.5022303985298128,2.246280208947851,1.9847309510261806,0.3462184622035376,-0.7907736311163285,1.3043309139821133,-1.3183912430229103,1.7037170489748648,0.0,0.0,0.0,1.0,0.0,0.0,0.0,0.0,Low
-0.9432282545869145,-1.1194860780031064,0.12612745466788058,-0.1468494683408416,-1.2980976359765977,0.3336878101486193,1.330734975086382,0.8907952980469136,-0.36780699655547366,0.0,1.0,0.0,0.0,0.0,0.0,0.0,0.0,Medium
-0.7860969872770771,-1.440710972422882,-2.8521823668206503,1.9981371171857218,0.5745956980618897,-0.3875184935592439,0.7828507071728131,1.0668019180772013,-0.22669500435313442,0.0,0.0,0.0,0.0,0.0,1.0,0.0,0.0,Medium
-1.5239307642102258,-0.28808046891662886,-0.22001993378599305,-0.6093622008450067,1.0541878933644284,-0.5115969974229619,0.056739026805433614,0.751203840781512,-0.3282956387388185,0.0,0.0,0.0,0.0,0.0,0.0,1.0,0.0,Medium
0.8671972165916443,-0.9809184764886933,-0.739241016466802,-0.6361745331640887,1.0256407388821345,-0.10834185986587674,0.010531919872964762,-0.553672824960279,-0.3527550507205578,0.0,0.0,0.0,0.0,1.0,0.0,0.0,0.0,Medium
0.3001582954300581,0.5937133589023623,-0.9627945381765949,0.8318006613056526,-2.234444302995841,-0.5736362493548215,0.5386131419583317,0.921141267017653,-0.24362844341741577,0.0,1.0,0.0,0.0,0.0,0.0,0.0,0.0,Medium
-0.7929287815079397,0.6629971596595684,-0.10463747096803483,-0.8506731917167452,0.22632041337790265,-0.19364583127218382,-0.16769549258084676,-0.7782329953437502,-0.685779352318079,0.0,0.0,0.0,1.0,0.0,0.0,0.0,0.0,Medium
-0.10974935842169105,-0.16210992208534442,-0.8402006714325148,1.2272825630121131,-1.0697204001182454,0.5585800984016094,-0.5835594549730735,0.44167495727997114,-0.24927292310550955,0.0,1.0,0.0,0.0,0.0,0.0,0.0,0.0,Medium
-0.6494611026598274,0.03314442550314612,-0.8474120753586372,0.6038958365934558,0.9571275681246295,0.5430702854186444,0.8158557835531485,-0.820717351902785,0.25496726236418393,0.0,0.0,0.0,1.0,0.0,0.0,0.0,0.0,Medium
1.0174966896706192,2.0738672841699546,0.5660230941613436,-0.24069263145762865,-0.1333737330990021,-0.5271068104059269,1.2581238070496434,0.2535299496613876,1.5569605770844344,0.0,1.0,0.0,0.0,0.0,0.0,0.0,0.0,Low
0.9013561877459567,0.039442952844710874,-0.7680866321712913,-0.7367207793606463,0.4718259419256314,-0.1781360182892188,1.1459065473565029,-1.366944793376093,-0.16460572778410548,0.0,0.0,0.0,1.0,0.0,0.0,0.0,0.0,Medium
-0.7451062218919021,-0.7541714921923817,0.04680201148053412,-0.4015666253721208,-0.9612412130855283,-0.03079279495105272,-0.7617868674268845,0.5327128641921891,-1.1335747409068346,0.0,1.0,0.0,0.0,0.0,0.0,0.0,0.0,Medium
1.2702730762125314,-0.04243790259562474,0.15497307037236938,-0.5691437023663836,-0.24756235102817814,1.4271296254476387,-0.477943210556,-0.7539562201671589,0.14019617537294815,0.0,0.0,0.0,1.0,0.0,0.0,0.0,0.0,Medium
-0.34203036227101546,-1.8186226129167353,0.45064063134338633,-0.31442654533510433,0.47753537282208985,-0.876077602522635,1.1459065473565029,0.5934048021336678,-0.19094663299520892,0.0,0.0,0.0,0.0,1.0,0.0,0.0,0.0,Medium
2.178901708917242,2.1683451942934178,-0.19838572200762516,-1.0517656841098606,-0.3217849526821424,0.5895997243675395,-0.19409955368511547,-1.7735807775840005,0.4148941868601674,0.0,0.0,0.0,1.0,0.0,0.0,0.0,0.0,Medium
1.6050309935247926,0.08353264423565972,-1.0060629617333285,1.1133301506560143,1.0370596006750523,2.342208591442562,1.8456141666196144,-0.5900879877251662,2.213601714132652,0.0,0.0,0.0,0.0,0.0,1.0,0.0,0.0,Low
0.9696741300545816,2.2187334130259315,-1.2512506952214888,1.5758428831601798,0.5574674053725134,1.1634628047372366,-1.31627215061652,0.2353223682789433,1.511804739579684,1.0,0.0,0.0,0.0,0.0,0.0,0.0,0.0,Low
-0.47183445265740265,1.6833585889929725,0.7463081923144023,0.7781759966674887,-1.0868486928076218,1.1557078982457547,0.48580501974979423,0.5812664145453719,1.284144058826578,0.0,1.0,0.0,0.0,0.0,0.0,0.0,0.0,Low
1.885134556990155,1.702254171017665,1.07803277291603,0.44972492575873424,0.5175013890973016,-0.03854770144253578,0.9808811654548256,0.6723043214575899,2.6049523058404724,0.0,0.0,0.0,0.0,0.0,0.0,0.0,1.0,Low
0.42313059158558264,-0.6156038906779686,-0.2488655494904818,-1.112093431827795,-1.6121163352818317,-1.6360584386879102,-1.547307685278868,-0.826786545696933,-2.587969007205612,0.0,1.0,0.0,0.0,0.0,0.0,0.0,0.0,High
0.3958034146621333,-0.004646738546238861,1.2871634867735786,-1.923166484480027,1.2083425275688162,-0.39527340005072586,-0.9532163104328304,-0.826786545696933,-0.40167387468403504,0.0,0.0,1.0,0.0,0.0,0.0,0.0,0.0,Medium
-0.3488621565018781,-1.5540844645710377,-0.2849225691210936,0.8452068274651937,-0.10482657861670808,-2.2642058644979848,-0.2865137675500546,-0.6568491194607929,-1.5832516227249558,0.0,0.0,0.0,0.0,1.0,0.0,0.0,0.0,Medium
0.47778494543248234,1.2865513664744268,-0.010889219928444478,0.5435680888755208,-1.5892786116959963,0.8765312645523875,-0.8013929590832871,-1.8221343279371833,-0.5484303465744681,0.0,0.0,0.0,1.0,0.0,0.0,0.0,0.0,Medium
0.13619523388935806,0.1024282262603531,0.7751538080188921,-0.42167587461143263,0.0892940718628915,-1.4266759634178856,-0.9664183409849643,-1.9920717541733237,-1.321724063843287,0.0,0.0,0.0,1.0,0.0,0.0,0.0,0.0,Medium
-0.2737124199623911,0.2787869918241512,-2.989199041416975,-1.7220739920869115,1.4367197634271685,-0.21691055074663082,-1.4086863644814591,1.4855762898734044,-0.9698848299521217,0.0,0.0,0.0,0.0,0.0,1.0,0.0,0.0,Medium
0.0132229377338335,-0.854947929657409,0.7463081923144023,0.05424302405227372,0.0892940718628915,0.0467562699637713,0.12935019484217214,-0.6204339566959056,-0.1965911126833027,0.0,0.0,0.0,0.0,1.0,0.0,0.0,0.0,Medium
-0.1780673007303159,1.777836499116436,0.5660230941613436,-0.5155190377282197,0.9399992754352525,1.0006097684161066,0.043536996253300195,-0.8996168712267076,0.9642902098346084,0.0,0.0,0.0,1.0,0.0,0.0,0.0,0.0,Low
0.450457768509033,0.3039811011904075,2.368874075691931,1.6294675477983436,-0.08769828592733143,0.015736643997841252,-0.15449346202871286,-0.0499297400460062,1.5080417531209558,1.0,0.0,0.0,0.0,0.0,0.0,0.0,0.0,Low
-1.2643225834374512,1.1668793469847063,-0.5589559183137431,0.9591592398212926,0.48324480371854833,0.6361291633164334,1.1855126390129058,1.6373061347271012,1.6039979078185473,0.0,0.0,0.0,0.0,0.0,0.0,1.0,0.0,Low
-0.6836200738141398,1.1038940735690639,0.14776166644624744,1.528921301601786,-1.3494825140447266,-1.093214984284142,-0.5241503174884697,0.26566833724968264,-0.2097615652888544,0.0,1.0,0.0,0.0,0.0,0.0,0.0,0.0,Medium
0.4094670031238575,-1.950891687089584,2.246280208947851,0.14138310408929017,-0.6586413755732116,-0.8915874155056001,-0.4317361036235302,1.3156388636372642,0.008491649317430985,0.0,0.0,0.0,0.0,1.0,0.0,0.0,0.0,Medium
-0.06192679880565346,-0.017243793229367484,-0.11184887489415779,0.12127385484997882,0.9970935843998405,-1.4887152153497447,-0.5373523480406037,0.46595173245656296,-0.0724125595452448,0.0,0.0,0.0,0.0,0.0,0.0,0.0,1.0,Medium
1.3385910185211563,0.42995164802169195,-1.1070226166990418,1.6897952955162787,-0.36175096895735415,0.9540803294672116,0.3801887753327212,0.28994511242627447,1.240869714551193,0.0,0.0,0.0,0.0,0.0,1.0,0.0,0.0,Low
0.061045497349871095,-1.7745329215257855,1.0347643493592962,-0.6965022808820236,0.19777325889560865,0.2794034647082434,0.9148710126941548,-0.28055910422362496,-0.16460572778410548,0.0,0.0,0.0,0.0,1.0,0.0,0.0,0.0,Medium
-1.0593687565115766,0.1528164449928667,0.8256336355017477,-0.17366180065992354,-0.29323779819984835,0.5740899113845744,-1.0786356006781048,0.9514872359883924,-0.061123600169057234,1.0,0.0,0.0,0.0,0.0,0.0,0.0,0.0,Medium
0.5939254473571448,-2.1146533979702533,-0.8402006714325148,0.9792684890606039,-1.0640109692217867,-3.466216370677757,1.1723106084607715,-0.2441439414587377,-1.6829707638812759,0.0,0.0,0.0,0.0,0.0,0.0,0.0,1.0,High
1.78948943775808,1.3684322219147615,0.16939587822461427,-0.9780317702323847,-0.27610950551047214,-0.2556850832040428,0.036935980977232545,-0.5293960497836876,0.4562870379061867,0.0,0.0,1.0,0.0,0.0,0.0,0.0,0.0,Medium
-0.041431416113066194,1.1794764016678347,0.3208353606731832,0.18830468564768393,0.02078090110538572,0.7834723866545995,1.7862050291350104,0.4173981821033793,1.6416277724058357,0.0,0.0,0.0,0.0,0.0,0.0,1.0,0.0,Low
1.3044320473668438,0.8267588705402387,0.5443888823829767,0.677629750470931,0.4718259419256314,0.32593290365713734,-0.3789279814149937,0.04717736066035976,1.3499963218543352,1.0,0.0,0.0,0.0,0.0,0.0,0.0,0.0,Low
0.4436259742781699,-0.5904097813117118,0.8184222315756258,0.25533551644538904,1.4709763488059218,-1.147499329724519,2.004038533245224,-0.49905008081294827,1.0677723374496566,0.0,0.0,0.0,0.0,0.0,0.0,0.0,1.0,Low
-0.4308436872722281,0.6252059956101834,0.5660230941613436,0.06764919021181494,-0.06486056234149631,1.6675317266835927,1.350538020914583,0.5266436703980416,1.4572414359281145,0.0,0.0,0.0,0.0,0.0,0.0,1.0,0.0,Low
1.3864135781371938,-1.2202625154681341,0.8616906551323594,0.05424302405227372,-0.0363134078592023,-2.031558669753513,0.426395882265191,-1.2637684988755795,-0.648149487730788,0.0,0.0,0.0,1.0,0.0,0.0,0.0,0.0,Medium
-0.2532170372698029,1.6392688976020229,0.5371774784568537,-0.09992788678244782,0.02078090110538572,1.776100417564347,-2.7222884044188094,0.6055431897219637,0.4769834634291963,1.0,0.0,0.0,0.0,0.0,0.0,0.0,0.0,Medium
2.09008838391603,-0.02984084791249611,0.45064063134338633,0.08775843945112627,0.6944937468875242,-1.325862179028614,-0.5109482869363354,0.556989639368781,0.8043632853386251,0.0,0.0,0.0,0.0,0.0,0.0,0.0,1.0,Low
1.2087869281347685,0.9653264720546509,-0.42193924371741864,-1.2796705088220577,0.6659465924052301,-0.05405751442550081,-1.402085349205392,-0.2684207166353295,-0.1551982616372834,1.0,0.0,0.0,0.0,0.0,0.0,0.0,0.0,Medium
0.6554115954349076,1.6959556436761012,-0.5589559183137431,1.1803609814537193,-0.23614348923526035,-0.5038420909314799,-0.5175493022124026,-0.6204339566959056,0.4148941868601674,0.0,0.0,0.0,1.0,0.0,0.0,0.0,0.0,Medium
0.9901695127471688,-0.9494258397808722,0.4145836117127746,1.1870640645334904,-0.49877731047236534,-1.1940287686734137,1.1657095931847048,0.453813344868267,0.5616506587506004,0.0,0.0,0.0,0.0,1.0,0.0,0.0,0.0,Low
-1.530762558441088,0.08983117157722448,-0.47241907120027476,0.7513636643484072,-1.3323542213553505,-0.6279205947951979,-0.06868026343984046,-1.7007504520542258,-1.8071493170193351,0.0,0.0,0.0,1.0,0.0,0.0,0.0,0.0,High
-0.7929287815079397,-0.3006775235997575,1.0563985611376632,-0.535628286967531,0.7002031777839834,1.9311985473939948,-1.3624792575489895,0.933279654605948,0.5221393009339466,1.0,0.0,0.0,0.0,0.0,0.0,0.0,0.0,Medium
0.17718599927453355,-0.6407980000442255,0.7535195962405242,1.8037477078723765,-0.5044867413688242,-0.938116854454494,-1.256863013131916,-0.7600254139613064,-0.5352598939689164,1.0,0.0,0.0,0.0,0.0,0.0,0.0,0.0,Medium
-1.332640525746076,-0.02354232057093135,-1.878642836794133,-0.7501269455201875,0.4432787874433374,0.6593938827908804,0.11614816429003777,-1.8949646534669577,-1.6528668722114441,0.0,0.0,0.0,1.0,0.0,0.0,0.0,0.0,High
0.12936343965849595,0.8015647611739815,-0.2560769534166043,-0.0932248037026777,0.36334675489291385,-0.17038111179773685,1.2119167001171738,-0.007445383486970956,0.7554444613751465,0.0,0.0,0.0,0.0,0.0,1.0,0.0,0.0,Low
-0.984219019972089,-0.6974847461183034,1.2366836592907218,-1.3265920903804516,1.6479687065961441,0.13981514786155924,-1.6727269755241427,-0.9663780029623342,-0.911558539841821,1.0,0.0,0.0,0.0,0.0,0.0,0.0,0.0,Medium
-1.544426146902813,-0.13691581271908762,0.08285903111114587,0.13468002100952003,-0.6986073918484234,-1.147499329724519,1.1987146695650404,-0.5293960497836876,-0.9228474992180086,0.0,0.0,0.0,0.0,0.0,0.0,1.0,0.0,Medium
0.4026352088929954,-0.9179332030730512,-1.2656735030737334,0.9591592398212926,-0.3160755217856835,-0.17038111179773685,-0.40533204251926197,-1.385152374758537,-1.1429822070536582,0.0,0.0,0.0,1.0,0.0,0.0,0.0,0.0,Medium
-1.2096682295905514,1.3999248586225825,-0.4147278397912962,-0.39486354229235066,0.12355065724164399,-0.4418028389996209,-0.20730158423724937,-0.12882925936992828,-0.37345147624356745,0.0,0.0,0.0,0.0,0.0,0.0,1.0,0.0,Medium
-2.131960450756987,0.058338534869403366,-0.06858045133742308,0.2218201010465365,0.009362039312467952,1.4581492514135677,-0.728781791046549,1.5037838712558478,0.11197377693247923,0.0,0.0,0.0,0.0,0.0,0.0,1.0,0.0,Medium
0.9150197762076818,1.0975955462275,-2.6502630568892247,-0.6562837824034005,-0.14479259489191945,1.1479529917542715,-0.03567518705950503,-0.7418178325788629,-0.3809774491610254,0.0,0.0,0.0,0.0,0.0,1.0,0.0,0.0,Medium
2.178901708917242,-0.2754834142335007,-1.2873077148521006,-0.4082697084518914,-0.4816490177829887,1.2875413086009557,0.23496643925924512,-0.5293960497836876,0.15524812120786402,0.0,0.0,0.0,0.0,0.0,1.0,0.0,0.0,Medium
2.178901708917242,-0.048736429937188595,-0.05415764348517817,0.985971572140375,0.5232108199937601,0.14757005435304232,-2.6496772363820713,1.230670150519194,0.8532821093021009,1.0,0.0,0.0,0.0,0.0,0.0,0.0,0.0,Medium
-0.5469841891968901,1.7148512257007937,0.09007043503726883,-1.138905764146877,0.8143917957131594,-0.6666951272526099,-0.4581401647277989,-0.5658112125485749,-0.16648722101346963,0.0,0.0,1.0,0.0,0.0,0.0,0.0,0.0,Medium
0.293326501199196,-0.048736429937188595,-0.8618348832108815,0.18830468564768393,-1.8519124329331011,-0.03079279495105272,0.99408319600696,-1.3244604368170583,-1.0639594914203478,0.0,1.0,0.0,0.0,0.0,0.0,0.0,0.0,Medium
0.7578885088978449,-0.19360255879316554,0.9410160983197059,-0.25409879761716986,2.4187418776180825,0.36470743611454937,-1.3096711353404529,-0.4869116932246524,0.8570450957608292,1.0,0.0,0.0,0.0,0.0,0.0,0.0,0.0,Medium
0.08154088004245837,-0.7919626562417666,-0.7320296125406794,1.5423274677613272,-1.2410033270120095,-0.34098905461034884,0.26137050036351384,-0.729679444990567,-0.7685650544101176,0.0,1.0,0.0,0.0,0.0,0.0,0.0,0.0,Medium
-1.2438272007448639,0.9023411986390086,1.4458143731482704,-0.07981863754313649,-0.15050202578837835,0.1708347738274893,-0.9664183409849643,-0.30483587940021634,-0.12133138350872069,0.0,0.0,0.0,0.0,0.0,0.0,1.0,0.0,Medium
0.5256075050485199,-0.06133348462031722,0.6237143255703221,-0.03960013906451333,0.10642236455226774,1.7140611656324878,-1.5803127616592036,1.12749385601868,0.7855483530449783,1.0,0.0,0.0,0.0,0.0,0.0,0.0,0.0,Low
0.07470908581159626,-1.138381660027799,-1.3305761384088344,0.02072760865342117,-0.6358036519873765,0.13981514786155924,0.5650172030625994,2.1653259948179655,-0.004678803288122069,0.0,0.0,0.0,0.0,0.0,1.0,0.0,0.0,Medium
-0.38985292188705306,-0.02984084791249611,-0.2560769534166043,0.2352262672060777,0.3347996004106198,-0.061812420916982774,-0.2799127522739874,-0.8085789643144896,-0.4411852325006902,0.0,0.0,0.0,1.0,0.0,0.0,0.0,0.0,Medium
-2.6033542526864983,-2.3665944916328225,0.09728183896339078,-3.002362860323079,-0.9041469041209403,-1.0001561063863535,-0.16769549258084676,0.5387820579863366,-3.3273958463458695,0.0,0.0,1.0,0.0,0.0,0.0,0.0,0.0,High
-1.0320415795881266,-0.9431273124393084,0.49390905490012005,-0.48870670540913774,-0.5273244649546593,2.086296677223643,-1.1578477839909096,0.04717736066035976,-0.6970683116942652,1.0,0.0,0.0,0.0,0.0,0.0,0.0,0.0,Medium
0.5187757108176578,1.1416852376184499,0.18381868607685917,1.0127839044594564,0.2434487060672789,-0.9613815739289415,-0.8145949896354214,-1.482259475464903,-0.036664188187319285,0.0,0.0,0.0,1.0,0.0,0.0,0.0,0.0,Medium
0.7442249204361197,-0.4959318711882485,-0.5733787261659876,-3.3643293466306865,0.9114521209529585,-0.0773222338999478,-0.35252392031072544,-1.0695542974628476,-1.483532481568636,0.0,0.0,1.0,0.0,0.0,0.0,0.0,0.0,Medium
-0.16440371226859074,0.20320466372538032,-0.34982520445619514,-0.5490344531270722,0.7059126086804419,0.7989821996375635,-0.022473156507370667,-0.13489845316407625,0.18535201287769573,0.0,0.0,1.0,0.0,0.0,0.0,0.0,0.0,Medium
-0.6836200738141398,0.19690613638381643,-1.5324954483402604,-0.5691437023663836,0.6088522834406421,-0.11609676635735981,0.5254111114061973,-0.062068127634301674,-0.4825780835467095,0.0,0.0,0.0,0.0,0.0,1.0,0.0,0.0,Medium
0.68957056658922,0.3228766832151009,-0.94837173032435,-0.006084723665661253,1.1912142348794401,-0.3254792416273849,-0.1412914314765785,0.18676881792576053,0.46005002436491493,0.0,0.0,0.0,0.0,0.0,1.0,0.0,0.0,Low
1.0516556608249317,1.1164911282521925,-0.07579185526354604,2.4003221019719523,1.2996934219121576,0.10104061540414724,-1.540706670002801,-0.3351818483709557,1.483582341139218,1.0,0.0,0.0,0.0,0.0,0.0,0.0,0.0,Low
0.8603654223607822,-0.17470697676847305,0.9193818865413391,0.1614923533286015,-1.0811392619111628,0.2716485582167603,-0.33932188975859107,2.0014577623759733,0.8796230145132043,0.0,1.0,0.0,0.0,0.0,0.0,0.0,0.0,Low
-0.8749103122782896,0.7448780150999031,-1.171925252034143,-1.2059365949445822,-0.11624544040962545,-0.759754005150399,-1.256863013131916,0.3931214069267884,-1.4026282727059614,1.0,0.0,0.0,0.0,0.0,0.0,0.0,0.0,Medium
1.1951233396730434,2.2187334130259315,-0.32097958875170535,-0.5624406192866134,-0.3788792616467304,-0.37200868057627884,1.5155634028162601,2.3838169714072888,2.1326975052699764,0.0,0.0,1.0,0.0,0.0,0.0,0.0,0.0,Low
1.2019551339039065,-2.857879624274832,-0.003677816002322538,0.8519099105449649,0.23773927517082002,0.5818448178760564,-0.49774625638420106,0.5934048021336678,-0.029138215269860015,0.0,0.0,0.0,0.0,1.0,0.0,0.0,0.0,Medium
-0.9773872257412269,0.22839877309163756,1.3881231417392919,-1.8494325706025512,0.3462184622035376,0.5275604724356794,-0.728781791046549,-0.729679444990567,-0.6876608455474431,0.0,0.0,1.0,0.0,0.0,0.0,0.0,0.0,Medium
-0.29420780265497837,1.1290881829353212,0.3136239567470613,-0.8439701086369746,-0.002056822480449409,1.3108060280754026,-1.9565706323950272,0.1928380117199085,-0.09875346475634823,1.0,0.0,0.0,0.0,0.0,0.0,0.0,0.0,Medium
-0.07559038726737863,0.18430908170068783,0.501120458826242,0.9993777382999153,1.2825651292227807,-1.8066663815005233,-0.6429685924576771,0.7694114221639563,0.606806496255348,0.0,0.0,0.0,0.0,0.0,0.0,0.0,1.0,Low
-0.5401523949660275,-1.5036962458385241,-0.9916401538810842,-0.25409879761716986,1.8420893570757437,-0.34874396110183187,-0.08188229399197482,-0.18952119731140696,-0.6086381299141329,0.0,0.0,0.0,0.0,1.0,0.0,0.0,0.0,Medium
-0.62896571996724,0.927535308005266,0.5804459020135885,-1.2863735919018284,1.2083425275688162,-0.27894980267848984,1.1459065473565029,0.1564228489550212,0.7497999816870528,0.0,0.0,1.0,0.0,0.0,0.0,0.0,0.0,Low
-0.6972836622758649,1.7211497530423576,-2.3618068998443307,0.6575205012316196,1.3567877308767458,0.5818448178760564,-0.854201081291824,-0.05599893384015415,0.2719007014284626,0.0,0.0,0.0,0.0,0.0,1.0,0.0,0.0,Medium
-0.08925397572910379,-0.3762598516985284,-0.23444274163823745,-1.2729674257422872,1.3910443162554982,-0.9070972284885646,-0.29971579810218846,-0.5900879877251662,-0.7309351898228266,0.0,0.0,1.0,0.0,0.0,0.0,0.0,0.0,Medium
-1.0320415795881266,-1.2517551521759551,0.8400564433539927,-0.03960013906451333,0.6259805761300183,-1.2948425530626846,0.8488608599334839,-1.1241770416101784,-0.8306543309791465,0.0,0.0,0.0,0.0,1.0,0.0,0.0,0.0,Medium
-1.4487810276707385,-0.9683214218055652,-0.16954010630313637,-0.5758467854461542,1.1284104950183935,-0.5581264363718564,-1.487898547794264,0.3384986627794572,-1.2201234294576029,1.0,0.0,0.0,0.0,0.0,0.0,0.0,0.0,Medium
-1.0730323449733017,2.2187334130259315,-0.6959725929100677,1.1334393998953256,-2.725455360091298,0.5275604724356794,2.24167508318364,0.30815269380871785,0.5861100707323383,0.0,1.0,0.0,0.0,0.0,0.0,0.0,0.0,Medium
1.6596853473716933,-1.0124111131965146,-0.3858822240868069,-0.4283789576912032,-0.4074264161290244,1.9932377993258539,0.23496643925924512,1.8618663051105724,1.15996550568852,0.0,0.0,0.0,0.0,1.0,0.0,0.0,0.0,Medium
1.5025540800618553,-1.3399345349578542,-0.19838572200762516,0.6642235843113898,-1.1211052781863746,1.2487667761435437,0.888466951589887,-0.007445383486970956,0.4148941868601674,0.0,1.0,0.0,0.0,0.0,0.0,0.0,0.0,Medium
-1.6195758834423006,-0.036139375254059976,0.5443888823829767,-1.5209814996937963,-0.8698903187421875,-0.798528537607811,-0.2271046300654509,-2.2287703121450906,-2.473197920214376,0.0,0.0,0.0,1.0,0.0,0.0,0.0,0.0,High
1.6460217589099682,2.092762866194647,0.4073722077866516,0.5100526734766683,1.7907044790076143,1.9544632668684419,0.14255222539430648,-2.125594017644577,2.2173647005913804,0.0,0.0,0.0,1.0,0.0,0.0,0.0,0.0,Low
-1.933838418061975,-0.5526186172623264,-0.9988515578072067,0.9926746552201452,-1.9889387744481126,-0.04630260793401775,-0.7023777299422809,1.3823999953728905,-1.3969837930178677,0.0,1.0,0.0,0.0,0.0,0.0,0.0,0.0,High
-0.36252574496360324,0.4929369214373342,1.207838043586233,1.2809072276502769,-0.3560415380608953,0.9695901424501765,-1.1446457534387757,0.362775437956049,0.78178536658625,1.0,0.0,0.0,0.0,0.0,0.0,0.0,0.0,Low
-1.1276866988202014,0.07723411689409586,-0.27049976126884917,-1.3601075057793042,-0.23614348923526035,-0.34098905461034884,1.5287654333683947,0.7815498097522513,-0.2774953215459771,0.0,0.0,1.0,0.0,0.0,0.0,0.0,0.0,Medium
-0.15757191803772866,1.5132983507707385,0.2631441292642046,-0.441785123850744,-1.1211052781863746,-0.5736362493548215,0.6310273558232703,0.20497639930820397,0.11009228370311375,0.0,1.0,0.0,0.0,0.0,0.0,0.0,0.0,Medium
-0.3761893334253279,0.001651788795325004,-0.03252343170681132,0.7915821628270299,-2.302957473753347,0.03900136347228824,-0.8343980354636226,0.5994739959278154,-0.8626397158783438,0.0,1.0,0.0,0.0,0.0,0.0,0.0,0.0,Medium
-0.6016385430437903,-0.9053361483899229,0.8689020590584824,-1.44054450273655,-0.20759633475296635,-0.09283204688291283,-0.20730158423724937,0.12000768619013434,-0.9077955533830927,0.0,0.0,1.0,0.0,0.0,0.0,0.0,0.0,Medium
-0.936396460356052,0.7322809604167754,1.9578240519029568,-1.0450626010300899,0.5117919582008423,0.05451117645525327,-0.029074171783438317,-0.14703684075237217,0.38290880196097016,0.0,0.0,1.0,0.0,0.0,0.0,0.0,0.0,Medium
-0.8817421065091517,0.6189074682686186,-1.5324954483402604,0.9457530736617514,-1.6349540588676668,-0.2634399896955248,2.0568466554537617,-1.5429514134063815,-0.8588767294196141,0.0,1.0,0.0,0.0,0.0,0.0,0.0,0.0,Medium
0.8876925992842315,0.5748177768776698,1.654945087005818,0.1145707717702087,0.962836999021088,0.8765312645523875,0.7894517224488807,0.556989639368781,2.2606390448667653,0.0,0.0,1.0,0.0,0.0,0.0,0.0,0.0,Low
1.2702730762125314,2.2187334130259315,-1.3377875423349568,0.8854253259438174,0.8315200884025358,-0.29445961566145484,-1.79154525049335,0.9636256235766874,1.1279801207893227,1.0,0.0,0.0,0.0,0.0,0.0,0.0,0.0,Low
2.178901708917242,-2.492565038464107,-0.15511729845089148,-0.14014638526107098,0.09500350275934998,-0.10834185986587674,0.20856237815497736,-1.6886120644659304,-0.8551137429608858,0.0,0.0,0.0,0.0,1.0,0.0,0.0,0.0,Medium
0.8262064512064697,-0.6848876914351751,1.0203415415070514,0.29555401492401173,-0.47023015599007134,1.0626490203479655,-1.5275046394506666,-0.5840187939310183,-0.1777761803896572,1.0,0.0,0.0,0.0,0.0,0.0,0.0,0.0,Medium
-1.305313348822626,-1.415516863056625,-0.7103954007623127,0.9993777382999153,-0.8470525951563523,0.03900136347228824,1.2515227917735767,-0.3776662049299909,-0.8965065940069051,0.0,0.0,0.0,0.0,1.0,0.0,0.0,0.0,Medium
0.21134497042884598,-0.7415744375092531,-0.8618348832108815,0.5770835042743734,0.6830748850946063,2.132826116172537,0.8488608599334839,-0.6325723442842015,0.7027626509529397,0.0,0.0,0.0,0.0,0.0,1.0,0.0,0.0,Low
-2.7741491084580607,-0.5967083086532762,1.9722468597552019,-0.9177040225144503,0.3290901695141609,0.5508251919101275,2.2152710220793708,-0.36552781734169504,0.09315884463883506,0.0,0.0,0.0,0.0,0.0,0.0,1.0,0.0,Medium
0.34114906081523266,1.4818057140629173,0.14776166644624744,0.37599101188125805,1.0541878933644284,1.1401980852627895,-0.4185340730713963,0.21104559310235235,1.564486550001891,1.0,0.0,0.0,0.0,0.0,0.0,0.0,0.0,Low
1.3385910185211563,-1.3462330622994185,-0.37145941623456197,-2.2583206384685526,-0.9498223512926106,-0.658940220761128,-0.5637564091448719,-0.8328557394910809,-2.070558369130368,0.0,0.0,1.0,0.0,0.0,0.0,0.0,0.0,High
0.9081879819768197,0.7007883237089543,0.8544792512062376,-0.5088159546484491,-0.2532717819246366,-0.5658813428633389,-0.11488737037231025,-0.1409676469582242,0.30388608632765984,0.0,0.0,1.0,0.0,0.0,0.0,0.0,0.0,Low
-0.2258898603463535,0.927535308005266,-2.3401726880659632,0.3022570980037828,0.5803051289583482,-0.8062834440992935,-1.2766660589601175,-0.30483587940021634,-0.9680033367227575,0.0,0.0,0.0,0.0,0.0,1.0,0.0,0.0,Medium
-0.5606477776586153,-0.2754834142335007,-0.1839629141553813,0.556974255035062,-1.0754298310147044,-0.6279205947951979,-1.4416914408617947,-1.555089800994677,-1.9106314446343833,0.0,0.0,0.0,1.0,0.0,0.0,0.0,0.0,High
0.8876925992842315,-0.3762598516985284,1.1429354082511316,-0.006084723665661253,2.024791145762425,-1.2638229270967551,-2.42524271699579,0.9757640111649832,0.4995613821815714,1.0,0.0,0.0,0.0,0.0,0.0,0.0,0.0,Medium
0.16352241081280838,0.9086397259805734,-1.2656735030737334,0.5904896704339145,1.6080026903209323,0.4189917815549264,-0.6495696077337443,-0.19559039110555493,0.6726587592831079,0.0,0.0,0.0,0.0,0.0,1.0,0.0,0.0,Low
0.18401779350539565,0.8078632885155453,0.8616906551323594,1.6830922124365075,-1.5550220263172436,-0.759754005150399,-0.26010970644578635,1.6919288788744313,0.9285418384766829,0.0,1.0,0.0,0.0,0.0,0.0,0.0,0.0,Medium
0.1430270281202211,-0.21879666815942278,0.039590607554412176,-0.7501269455201875,1.2882745601192398,-2.1013528281768545,0.20856237815497736,-0.7478870263730109,-0.6048751434554046,0.0,0.0,0.0,0.0,0.0,0.0,0.0,1.0,Medium
-1.0115461968955395,-0.2628863595503721,0.8833248669107273,-2.4393038816223562,1.7507384627324025,0.9075508905183175,0.2547694850874462,-2.0891788548796892,-0.7365796695109204,0.0,0.0,1.0,0.0,0.0,0.0,0.0,0.0,Medium
0.5187757108176578,-0.7037832734598677,1.510717008483371,-2.184586724591077,1.0427690315715115,0.9928548619246235,0.6772344627557401,-1.5308130258180856,0.021662101922981365,0.0,0.0,1.0,0.0,0.0,0.0,0.0,0.0,Medium
-0.8065923699696649,0.07093558955253199,-0.4435734554957855,-0.2876142130160224,0.6944937468875242,2.156090835646984,-0.26010970644578635,-0.12276006557578034,0.30388608632765984,0.0,0.0,0.0,0.0,0.0,0.0,1.0,0.0,Medium
0.9696741300545816,0.12762233562660946,-0.8113550557280255,0.4095064272801106,0.2891241532389496,0.8997959840268356,1.3373359903624487,0.7633422283698079,1.4252560510289172,0.0,0.0,0.0,0.0,0.0,1.0,0.0,0.0,Low
-0.08242218149824072,0.22839877309163756,-1.1070226166990418,0.6843328335507021,0.8315200884025358,0.6128644438419865,-0.1412914314765785,-0.5961571815193142,0.18347051964833025,0.0,0.0,0.0,0.0,0.0,1.0,0.0,0.0,Medium
0.07470908581159626,0.4740413394126417,-0.6382813615010892,0.8519099105449649,-1.2467127579084685,0.7369429477057045,-0.2865137675500546,0.48415931383900634,0.08939585818010409,0.0,1.0,0.0,0.0,0.0,0.0,0.0,0.0,Medium
1.8919663512210172,1.280252839132862,0.9410160983197059,-1.688558576688059,1.2368896820511104,-1.108724797267107,0.7234415696882098,-0.41408136769487824,1.1148096681837698,0.0,0.0,1.0,0.0,0.0,0.0,0.0,0.0,Low
0.8876925992842315,-2.9523575343982955,-0.9772173460288393,1.0060808213796864,-0.06486056234149631,-0.2556850832040428,0.26137050036351384,0.07145413583695115,-0.7459871356577438,0.0,0.0,0.0,0.0,1.0,0.0,0.0,0.0,Medium
1.70750790698773,1.4125219133057112,-2.7656455197071823,-1.1724211795457296,0.08358464096643262,-0.5426166233888919,0.7036385238600088,-0.7782329953437502,-0.37909595593166123,0.0,0.0,0.0,0.0,0.0,1.0,0.0,0.0,Medium
-0.05509500457479136,1.1794764016678347,-0.2560769534166043,0.007321442493879959,-0.17333974937421345,-0.5193519039144444,-0.20730158423724937,0.3384986627794572,0.16841857381341438,0.0,0.0,0.0,0.0,0.0,1.0,0.0,0.0,Medium
-2.008988154601462,0.4551457573879492,-0.8185664596541479,0.0006183594141098294,0.7572974867485714,-0.2246654572381128,-0.8476000660157569,1.5098530650499953,-0.26056188248169576,0.0,0.0,0.0,0.0,0.0,0.0,1.0,0.0,Medium
0.1908495877362587,-1.1635757693940563,0.4578520352695083,-1.4941691673747144,0.04932805558767973,0.1940994933019363,1.0072852265590944,0.6298199648985546,-0.061123600169057234,0.0,0.0,1.0,0.0,0.0,0.0,0.0,0.0,Medium
-1.216500023821414,-0.9998140585133863,1.3232205064041902,-0.5021128715686785,0.8258106575060764,0.4034819685719614,-0.04227620233557268,1.910419855463755,0.6519623337600983,0.0,0.0,0.0,0.0,0.0,0.0,1.0,0.0,Medium
-2.678503989225986,-0.5778127266285832,-1.2945191187782226,0.6441143350720785,-1.5150560100420318,1.4193747189561556,-0.728781791046549,-0.28055910422362496,-1.8955794987994674,0.0,0.0,0.0,0.0,0.0,0.0,1.0,0.0,High
1.4478997262149556,-0.0739305393034454,1.7126363184147977,0.5100526734766683,1.8934742351438725,-1.0389306388437656,-1.3360751964447213,1.2124625691367503,1.6660871843875764,1.0,0.0,0.0,0.0,0.0,0.0,0.0,0.0,Low
-1.7357163853669626,-0.43294659777260625,0.7174625766099124,0.21511701796676636,0.22061098248144378,1.1867275242116835,0.34058268367631905,-0.7478870263730109,-0.16648722101346963,0.0,0.0,0.0,0.0,0.0,0.0,1.0,0.0,Medium
1.400077166598918,-0.02984084791249611,1.4746599888527592,-0.06641247138359528,0.4033127711681256,1.7295709786154518,-0.4449381341756646,1.364192413990447,1.9897040198382743,1.0,0.0,0.0,0.0,0.0,0.0,0.0,0.0,Low
0.4982803281250706,-0.3510657423322711,0.3785265920821628,-1.56790308125219,0.6488182997158539,-0.5658813428633389,1.1987146695650404,-0.8146481581086376,-0.17965767361902135,0.0,0.0,1.0,0.0,0.0,0.0,0.0,0.0,Medium
-2.555531693070461,-0.40145396106478515,0.501120458826242,0.8385037443854236,2.1218514710022247,1.4969237838709797,0.8356588293813505,-0.2684207166353295,0.9492382639996926,0.0,0.0,0.0,0.0,0.0,0.0,1.0,0.0,Medium
-0.6904518680450024,-0.02354232057093135,0.29920114889481636,1.0060808213796864,0.9799652917104642,-1.2948425530626846,-1.844353372701887,-0.12276006557578034,-0.49010405646416877,1.0,0.0,0.0,0.0,0.0,0.0,0.0,0.0,Medium
-1.1686774642053763,-1.4029198083734964,0.5804459020135885,-1.5410907489331076,-1.0925581237040807,0.4655212205038204,1.495760356988059,-1.6643352892893388,-1.6980227097161917,0.0,0.0,0.0,1.0,0.0,0.0,0.0,0.0,High
1.714339701218593,-0.6219024180195329,-1.3377875423349568,0.034133774812962384,0.8315200884025358,0.6283742568249515,-0.4317361036235302,1.0607327242830538,0.7234590764759493,0.0,0.0,0.0,0.0,0.0,1.0,0.0,0.0,Medium
-0.3010395968858405,-1.9068019956986342,0.3929493999344067,1.7434199601544424,1.1284104950183935,0.9928548619246235,1.1063004557001006,-1.0452775222862563,0.6801847322005645,0.0,0.0,0.0,0.0,1.0,0.0,0.0,0.0,Medium
1.318095635828569,1.5195968781123033,-1.027697173511696,-0.8171577763178927,-0.24756235102817814,-1.031175732352283,0.763047661344612,-0.07420651522259758,0.22862635715308052,0.0,0.0,0.0,0.0,0.0,1.0,0.0,0.0,Medium
-2.1251286565261243,-0.8423508749742807,-0.09742606704191288,1.535624384681556,0.6887843159910657,0.2871583711997253,-0.6627716382858783,0.15035365516087368,-0.347110571032464,0.0,0.0,0.0,0.0,0.0,0.0,1.0,0.0,Medium
-0.19856268342290317,0.6315045229517473,-2.116619166356171,-1.0383595179503193,0.39189390937520785,0.11655042838711226,2.0568466554537617,0.05324655445450772,0.06305495296900065,0.0,0.0,0.0,0.0,0.0,1.0,0.0,0.0,Medium
0.07470908581159626,2.2187334130259315,-0.5589559183137431,0.9792684890606039,-1.2752599123907624,0.1320602413700773,-0.6099635160773417,0.7633422283698079,0.6086879894847135,0.0,1.0,0.0,0.0,0.0,0.0,0.0,0.0,Medium
-1.6400712661348877,-2.719312022760419,-0.3570366083823171,1.823856957111689,0.5745956980618897,0.6981684152482924,-0.3855289966910609,1.716205654051023,-0.0799385324627014,0.0,0.0,0.0,0.0,1.0,0.0,0.0,0.0,Medium
0.42996238581644575,-0.9872170038302577,-0.22723133771211498,0.7245513320293248,-0.24185292013171925,1.1557078982457547,-0.33932188975859107,1.58268339057977,0.7027626509529397,0.0,0.0,0.0,0.0,1.0,0.0,0.0,0.0,Medium
-1.7015574142126502,1.5132983507707385,0.4362178234911414,-1.0450626010300899,0.7173314704733597,-0.9924011998948711,1.56177050974873,-0.559742018754427,0.08939585818010409,0.0,0.0,0.0,0.0,0.0,0.0,1.0,0.0,Medium
-1.9201748296002499,0.17801055435912305,0.9626503100980728,-0.18036488373969414,0.8029729339202417,-1.7756467555345938,-0.9070092035003606,0.180699624131613,-0.8043134257680431,0.0,0.0,0.0,0.0,0.0,0.0,1.0,0.0,Medium
-0.3283667738092908,0.6252059956101834,0.20545289785522602,-0.6495806993236298,-0.09340771682379032,0.5198055659441974,0.056739026805433614,0.00469300410132452,0.10068481755629166,0.0,0.0,1.0,0.0,0.0,0.0,0.0,0.0,Medium
0.7032341550509452,-0.8927390937067944,-0.6743383811317009,0.8385037443854236,0.19206382799914978,-2.5046079657339395,0.4197948669891233,-0.5779496001368704,-0.7723280408688472,0.0,0.0,0.0,0.0,0.0,0.0,0.0,1.0,Medium
0.8125428627447445,-0.6722906367520466,1.4890827967050042,0.33577251340263536,0.5289202508902194,-0.8683226960311525,-1.1644487992669768,-1.0877618788452916,-0.24927292310550955,1.0,0.0,0.0,0.0,0.0,0.0,0.0,0.0,Medium
-0.7314426334301773,-1.0061125858549507,0.032379203628289215,-0.05970938830382515,0.6431088688193954,-0.06956732740846473,0.9874821807308933,0.05324655445450772,-0.021612242352400748,0.0,0.0,0.0,0.0,1.0,0.0,0.0,0.0,Medium
0.18401779350539565,0.41105606599699945,0.2559327253380827,0.8787222428640463,-2.0117764980339476,0.9385705164842476,0.44619892809339207,-0.638641538078349,-0.02349373558176623,0.0,1.0,0.0,0.0,0.0,0.0,0.0,0.0,Medium
1.249777693519944,0.8519529799064951,0.8616906551323594,0.38269409496102913,-0.6015470666086236,-1.147499329724519,1.7003918305461385,0.3506370503677531,1.3086034708083158,0.0,1.0,0.0,0.0,0.0,0.0,0.0,0.0,Low
0.5187757108176578,-0.23769225018411527,0.22708710963359288,1.347938058447982,0.4946636655114661,-0.8062834440992935,1.5947755861290653,0.3445678565736056,1.2973145114321283,0.0,0.0,0.0,0.0,0.0,0.0,0.0,1.0,Low
0.9833377185163067,0.8141618158571101,-2.5132463822929,0.5435680888755208,-0.3274943835786013,-0.5193519039144444,1.1195024862522351,0.921141267017653,0.4769834634291963,0.0,0.0,0.0,0.0,0.0,1.0,0.0,0.0,Medium
-1.8450250930607623,-1.3210389529331616,-0.8474120753586372,0.8049883289865711,0.6545277306123124,-0.06956732740846473,-0.7683878827029517,0.4962977014273023,-0.9548328841172058,0.0,0.0,0.0,0.0,0.0,0.0,1.0,0.0,Medium
0.5187757108176578,-1.9445931597480197,-0.6166471497227218,0.9457530736617514,1.7221913082501086,1.7916102305473118,0.2547694850874462,1.1457014374011234,1.370692747377345,0.0,0.0,0.0,0.0,1.0,0.0,0.0,0.0,Low
-0.17123550649945382,0.058338534869403366,1.4602371810005152,0.13468002100952003,1.0827350478467226,0.4655212205038204,0.7828507071728131,-0.22593636007629425,1.2653291265329312,0.0,0.0,0.0,1.0,0.0,0.0,0.0,0.0,Low
0.13619523388935806,0.6000118862439262,-1.2440392912953664,0.17489851948814272,-1.0583015383253278,-1.1785189556904485,1.013886241835161,0.8968644918410611,-0.1589612480960117,0.0,1.0,0.0,0.0,0.0,0.0,0.0,0.0,Medium
-1.045705168049852,-0.004646738546238861,-0.37145941623456197,1.5758428831601798,-0.11624544040962545,0.38797215558899634,0.7366436002403443,0.6176815773102596,0.6425548676132762,0.0,0.0,0.0,0.0,0.0,0.0,1.0,0.0,Low
-1.653734854596613,1.210969038375656,-2.0156595113904574,-0.26750496377671057,-1.3837390994234795,0.7757174801631165,1.079896394595832,-0.08634490281089349,-0.8513507565021562,0.0,0.0,0.0,0.0,0.0,1.0,0.0,0.0,Medium
-2.494045544992699,-0.18100550411003735,-1.2079822716647546,-0.8305639424774338,-1.57215031900662,1.2952962150924376,0.4329968975412577,0.7147886780166252,-1.4346136576051587,0.0,0.0,0.0,0.0,0.0,0.0,1.0,0.0,Medium
2.178901708917242,0.9338338353468297,1.8929214165678563,-0.18036488373969414,0.7515880558521122,1.1246882722798246,-1.6727269755241427,0.544851251780485,1.9182072771224206,1.0,0.0,0.0,0.0,0.0,0.0,0.0,0.0,Low
-0.20539447765376626,1.066102909519679,-0.869046287137004,-0.19377104989923535,0.3005430150318669,0.00022683101487622702,-0.4119330577953291,-0.16524442213481558,-0.11004242413253312,0.0,0.0,0.0,0.0,0.0,1.0,0.0,0.0,Medium
1.4205725492915062,-0.8927390937067944,-1.5541296601186272,-0.2809111299362518,1.944859113212002,0.48878593997826736,1.3241339598103143,1.5098530650499953,1.5569605770844344,0.0,0.0,0.0,0.0,0.0,1.0,0.0,0.0,Low
0.04055011465728383,-1.7367417574764001,0.5660230941613436,-1.8226202382834693,0.08358464096643262,-0.7287343791844695,1.1789116237368382,0.7936881973405472,-0.5484303465744681,0.0,0.0,1.0,0.0,0.0,0.0,0.0,0.0,Medium
0.30699008966092023,-0.2628863595503721,-0.595012937944355,0.7513636643484072,-1.3038070668730564,-0.37200868057627884,0.4527999433694588,0.5751972207512244,-0.18906513976584477,0.0,1.0,0.0,0.0,0.0,0.0,0.0,0.0,Medium
-0.2327216545772156,1.3747307492563254,-0.40030503193905126,0.2754447656847004,0.3005430150318669,-1.1164797037585896,1.8456141666196144,-0.559742018754427,0.6256214285489948,0.0,0.0,0.0,1.0,0.0,0.0,0.0,0.0,Medium
0.9696741300545816,0.20950319106694418,0.45064063134338633,0.8787222428640463,0.4946636655114661,1.8226298565132408,0.28777456146778163,-0.39587378631243436,1.5720125229193502,0.0,0.0,0.0,1.0,0.0,0.0,0.0,0.0,Low
-1.2096682295905514,-1.0502022772458999,0.7030397687576686,-1.1523119303064182,0.6316900070264777,-0.2711948961870079,0.763047661344612,1.1457014374011234,-0.08934599860952347,0.0,0.0,0.0,0.0,0.0,0.0,1.0,0.0,Medium
-0.7314426334301773,-0.7289773828261245,-0.27771116519497163,1.0597054860178503,1.9676968367978367,0.3491976231315843,-0.7023777299422809,-1.2698376926697275,-0.06864957308651383,0.0,0.0,0.0,1.0,0.0,0.0,0.0,0.0,Medium
-0.007272444958753764,-0.2502893048672439,-1.381055965891691,0.13468002100952003,-1.7605615385897604,-0.2014007377636658,-0.40533204251926197,-0.8996168712267076,-1.778926918578866,0.0,1.0,0.0,0.0,0.0,0.0,0.0,0.0,High
-1.305313348822626,0.32917521055666477,-0.29934537697333846,1.9579186187070992,-1.4408334083880676,-0.953626667437459,-0.33932188975859107,2.3838169714072888,0.18347051964833025,0.0,1.0,0.0,0.0,0.0,0.0,0.0,0.0,Medium
1.0584874550557937,0.6944897963673895,0.6597713452009338,0.13468002100952003,1.3567877308767458,0.8687763580609055,0.08314308790970233,0.38705221313264,1.8881033854525888,1.0,0.0,0.0,0.0,0.0,0.0,0.0,0.0,Low
0.34114906081523266,-0.048736429937188595,1.0059187336548066,0.9122376582628988,-0.2190151965458841,0.9540803294672116,-0.33932188975859107,-0.9299628401974469,0.4656945040530087,0.0,0.0,0.0,1.0,0.0,0.0,0.0,0.0,Low
0.1703542050436705,0.782669179149289,0.4650634391956302,-0.5825498685259247,0.3005430150318669,1.977727986342889,2.2614781290118406,-1.1363154291984743,1.3876261864416262,0.0,0.0,0.0,1.0,0.0,0.0,0.0,0.0,Low
-0.34203036227101546,-1.560382991912602,1.8135959733805098,-0.7032053639617938,-0.1904680420635901,0.00022683101487622702,1.5683715250247967,-0.4019429801065823,-0.0310197084992255,0.0,0.0,0.0,0.0,1.0,0.0,0.0,0.0,Medium
-2.425727602684074,-1.8375181949414277,0.003533587923800427,-0.4082697084518914,1.248308543844028,0.5663350048930914,1.0534923334915642,-0.9481704215798904,-0.9698848299521217,0.0,0.0,0.0,0.0,0.0,0.0,1.0,0.0,Medium
0.32748547235350844,0.5244295581451554,-1.4026901776700578,0.7245513320293248,-0.12195487130608433,2.117316303189572,-1.2106559061994466,0.028969779277916333,0.2775451811165564,0.0,0.0,0.0,0.0,0.0,1.0,0.0,0.0,Medium
-0.20539447765376626,-1.812324085575171,0.039590607554412176,-0.3345357945744157,0.07787521006997374,0.42674668804640836,0.5452141572343984,-0.9117552588150031,-0.849469263272792,0.0,0.0,0.0,0.0,1.0,0.0,0.0,0.0,Medium
1.885134556990155,0.5118325034620276,0.9121704826152162,0.5368650057957507,0.9742558608140057,0.4655212205038204,-1.3426762117207884,-0.8328557394910809,1.0677723374496566,1.0,0.0,0.0,0.0,0.0,0.0,0.0,0.0,Low
0.6417480069731825,0.15911497233443056,0.7823652119450141,0.5502711719552918,0.02078090110538572,-1.2483131141137902,-0.8476000660157569,-1.646127707906895,-0.5804157314736653,0.0,0.0,0.0,1.0,0.0,0.0,0.0,0.0,Medium
-0.7314426334301773,0.8960426712974447,0.032379203628289215,0.0944615225308964,1.2026330966723577,-0.7519990986589165,-0.9862213868131658,-0.6750567008432363,-0.21916903143567648,1.0,0.0,0.0,0.0,0.0,0.0,0.0,0.0,Medium
-0.24638524303894077,-0.4707377618219917,-1.2151936755908772,-0.1468494683408416,0.19777325889560865,2.342208591442562,-0.16769549258084676,-0.1409676469582242,-0.0310197084992255,0.0,0.0,0.0,0.0,0.0,1.0,0.0,0.0,Medium
-1.1276866988202014,0.8771470892727523,-2.167098993839027,-0.1468494683408416,-0.08198885503087255,1.1479529917542715,-0.6429685924576771,-1.640058514112747,-1.3687613945774,0.0,0.0,0.0,0.0,0.0,1.0,0.0,0.0,Medium
1.236114105058219,-0.3951554337232208,0.7030397687576686,0.43631875959919303,-0.20188690385650748,-1.2483131141137902,2.2614781290118406,1.2124625691367503,1.474174874992393,0.0,0.0,0.0,0.0,0.0,0.0,0.0,1.0,Low
-0.4308436872722281,-0.4140510157479133,0.4362178234911414,1.5222182185220159,0.0892940718628915,0.4034819685719614,-0.9004081882242934,-0.092414096605041,0.17594454673087365,1.0,0.0,0.0,0.0,0.0,0.0,0.0,0.0,Medium
0.04055011465728383,1.954195264680234,0.017956395776045332,-1.071874933349172,-0.17904918027067235,0.9773450489416596,-3.171157443191371,1.1092862746362364,-0.10439794444444202,1.0,0.0,0.0,0.0,0.0,0.0,0.0,0.0,Medium
-0.8475831353548393,1.3810292765978902,-0.046946239559056226,0.2352262672060777,0.8943238282635823,-0.7907736311163285,-0.2205036147893837,1.230670150519194,0.8175337379441755,0.0,0.0,0.0,0.0,0.0,0.0,1.0,0.0,Low
0.1703542050436705,-1.4029198083734964,-0.6454927654272111,0.5703804211946032,-0.15050202578837835,0.6593938827908804,1.56177050974873,-0.16524442213481558,0.15524812120786402,0.0,0.0,0.0,0.0,1.0,0.0,0.0,0.0,Medium
0.09520446850418353,0.24099582777476528,0.24150991748583778,0.6240050858327671,-1.0754298310147044,-0.09283204688291283,0.030334965701165832,-2.2348395059392385,-0.9059140601537272,0.0,0.0,0.0,1.0,0.0,0.0,0.0,0.0,Medium
-0.2805442141932532,-0.11802023069439514,-0.40030503193905126,0.496646507317127,-0.12195487130608433,0.18634458681045432,-0.29971579810218846,-1.0452775222862563,-0.6029936502260391,0.0,0.0,0.0,1.0,0.0,0.0,0.0,0.0,Medium
-0.027767827651341028,-0.4392451251141706,-1.1430796363296536,1.1468455660548666,-1.0868486928076218,0.44225650102937336,0.9082699974180881,2.03787292514086,0.6557253202188266,0.0,1.0,0.0,0.0,0.0,0.0,0.0,0.0,Medium
-0.5059934238117151,1.1605808196431424,0.3064125528209393,0.677629750470931,-1.4294145465951498,1.4193747189561556,-1.1248427076105743,1.4552303209026651,0.6011620165672542,0.0,1.0,0.0,0.0,0.0,0.0,0.0,0.0,Medium
-0.7656016045844898,-1.0942919686368497,1.3015862946258234,1.354641141527753,1.8249610643863667,0.07777589592970025,0.617825325271136,-0.6932642822256802,0.9548827436877864,0.0,0.0,0.0,0.0,1.0,0.0,0.0,0.0,Medium
-0.6494611026598274,1.0598043821781142,0.7463081923144023,0.7714729135877185,-0.6757696682625882,0.7214331347227394,1.667386754165803,-0.41408136769487824,1.0602463645322002,0.0,1.0,0.0,0.0,0.0,0.0,0.0,0.0,Low
-0.184899094961178,1.0849984915443716,1.8712872047894884,0.5234588396362094,-0.024894546066284533,0.8765312645523875,0.05013801152936691,-1.6946812582600783,0.7516814749164182,0.0,0.0,0.0,1.0,0.0,0.0,0.0,0.0,Medium
1.639189964679105,-0.26918488689193637,1.2799520828474567,-1.4673568350556323,0.3690561857893723,-0.1781360182892188,1.205315684841107,-0.12276006557578034,0.8457561363846443,0.0,0.0,1.0,0.0,0.0,0.0,0.0,0.0,Low
0.5119439165867948,-0.21879666815942278,0.8400564433539927,-0.17366180065992354,-2.354342351821476,-0.4805773714570324,-0.29311478282612174,1.3459848326080037,-0.3903849153078488,0.0,1.0,0.0,0.0,0.0,0.0,0.0,0.0,Medium
1.3795817839063307,-0.17470697676847305,-0.06858045133742308,0.047539940972503594,-0.4416830015077773,-1.5817740932475337,0.3537847142284525,1.4977146774617003,0.4487610649887301,0.0,0.0,0.0,0.0,0.0,0.0,0.0,1.0,Medium
0.04055011465728383,-1.157277242052492,1.366488929960924,0.06764919021181494,-0.6986073918484234,0.36470743611454937,0.043536996253300195,-0.44442733666561757,-0.2831398012340709,0.0,0.0,0.0,0.0,1.0,0.0,0.0,0.0,Medium
-0.2395534488080787,-0.26918488689193637,0.42179501563889654,0.32236634724309415,-0.3674603998538126,-1.6825878776368048,-1.9235655560146918,-0.21379797248799834,-1.361235421659942,1.0,0.0,0.0,0.0,0.0,0.0,0.0,0.0,Medium
1.0379920723632063,2.2187334130259315,1.5179284124094938,-0.5624406192866134,1.8820553733509549,0.7757174801631165,2.2614781290118406,0.2838759186321269,3.410231408008489,0.0,0.0,1.0,0.0,0.0,0.0,0.0,0.0,Low
-0.3830211276561905,1.3243425305238117,-0.24165414556435988,-1.5276845827735668,0.8372295192989943,0.4577663140123384,-0.5571553938688052,0.3384986627794572,0.1646555873546861,0.0,0.0,1.0,0.0,0.0,0.0,0.0,0.0,Medium
-0.5059934238117151,0.2535928824578939,0.16218447429849234,0.2888509318442416,-0.15050202578837835,1.5822277552772868,-0.9334132646046288,2.3838169714072888,1.084705776513938,1.0,0.0,0.0,0.0,0.0,0.0,0.0,0.0,Medium
-0.7041154565067276,0.06463706221096722,-1.8570086250157662,-0.8707824409560565,-0.9441129203961517,-0.21691055074663082,1.436351219503455,2.3838169714072888,-0.14767228871982546,0.0,0.0,0.0,0.0,0.0,1.0,0.0,0.0,Medium
-1.0252097853572641,1.280252839132862,1.4890827967050042,-1.688558576688059,-1.6121163352818317,0.7989821996375635,-1.5275046394506666,1.0182483677240184,-0.5540748262625619,0.0,1.0,0.0,0.0,0.0,0.0,0.0,0.0,Medium
-0.4786662468882652,-2.0768622339208687,0.44342922741726337,-0.5155190377282197,-0.7043168227448823,1.8614043889706529,1.0072852265590944,-1.9435182038201408,-1.095944876319545,0.0,0.0,0.0,1.0,0.0,0.0,0.0,0.0,Medium
-0.5948067488129276,0.5370266128282839,0.42900641956501845,0.3424755964824055,-0.6472225137802943,0.7679625736716345,-0.3327208744825239,-0.5354652435778355,-0.10439794444444202,0.0,1.0,0.0,0.0,0.0,0.0,0.0,0.0,Medium
0.06787729158073319,-0.5967083086532762,-1.5613410640447498,-0.7367207793606463,1.5223612268740505,2.171600648629949,-0.26671072172185306,-0.31090507319436433,0.10256631078565714,0.0,0.0,0.0,0.0,0.0,1.0,0.0,0.0,Medium
0.5187757108176578,-2.0138769605052262,-0.046946239559056226,-1.3064828411411398,0.10642236455226774,-0.9924011998948711,-0.6693726535619454,1.3399156388138553,-1.0244481336036926,0.0,0.0,0.0,0.0,1.0,0.0,0.0,0.0,Medium
0.3138218838917833,0.6315045229517473,0.13333885859400252,-0.4082697084518914,-0.7671205626059288,0.16307986733600735,0.06994105735756798,-1.6582660954951909,-0.64062351481333,0.0,0.0,0.0,1.0,0.0,0.0,0.0,0.0,Medium
0.7032341550509452,0.001651788795325004,2.368874075691931,-0.4015666253721208,-0.8413431642598934,-0.976891386911906,2.2614781290118406,-1.4397751189058676,0.47886495665856177,0.0,0.0,0.0,1.0,0.0,0.0,0.0,0.0,Medium
-0.17123550649945382,0.5874148315607975,-2.2536358409524953,-1.2394520103434346,0.16922610441331465,1.7605906045813817,-0.8145949896354214,0.7026502904283293,-0.4242517934364102,0.0,0.0,0.0,0.0,0.0,1.0,0.0,0.0,Medium
-1.1003595218967515,-1.528890355204781,0.11170464681563567,-0.11333405294198903,-0.20188690385650748,0.062266082946735225,0.30757760729598366,0.1564228489550212,-0.8475877700434279,0.0,0.0,0.0,0.0,1.0,0.0,0.0,0.0,Medium
-0.4240118930413655,-1.7178461754517076,-0.45078485942190794,0.38939717804079926,-0.36175096895735415,0.9153057970097995,-0.8476000660157569,0.09573091101354253,-0.9341364585941961,0.0,0.0,0.0,0.0,1.0,0.0,0.0,0.0,Medium
-0.5128252180425776,-0.5904097813117118,-1.1142340206251637,0.3692879288014879,1.870636511558038,0.5198055659441974,1.5485684791965957,2.3838169714072888,1.7733322984613529,0.0,0.0,0.0,0.0,0.0,1.0,0.0,0.0,Low
-0.12341294688341622,-1.9697872691142766,-0.2849225691210936,0.12797693792974896,-1.829074709347266,0.5120506594527154,-0.03567518705950503,0.4356057634858236,-1.267160760191716,0.0,1.0,0.0,0.0,0.0,0.0,0.0,0.0,Medium
-0.7246108391993148,-0.7667685468755099,1.222260851438477,1.4954058862029336,-0.8641808878457286,0.03900136347228824,-0.79479194380722,1.9771809871993813,0.5259022873926749,0.0,1.0,0.0,0.0,0.0,0.0,0.0,0.0,Medium
1.2019551339039065,-1.528890355204781,0.5443888823829767,0.858612993624735,0.5517579744760541,2.187110461612914,-0.4185340730713963,0.40525979451508426,1.2201732890281836,0.0,0.0,0.0,0.0,1.0,0.0,0.0,0.0,Low
0.8193746569756066,-0.47703628916355556,0.1982414939291041,0.3290694303228643,-0.08769828592733143,-0.015282981968088798,0.9478760890744903,0.4113289883092318,0.7403925155402307,0.0,0.0,0.0,0.0,1.0,0.0,0.0,0.0,Low
-0.04826321034392829,0.41105606599699945,-0.2560769534166043,0.8988314921033577,-0.13908316399546056,-0.015282981968088798,-0.9862213868131658,1.7768975919925019,0.644436360842639,1.0,0.0,0.0,0.0,0.0,0.0,0.0,0.0,Medium
-0.2873760084241158,1.5384924601369956,0.5155432666784868,0.5435680888755208,1.3225311454979924,0.10104061540414724,-0.21390259951331655,0.6419583524868505,1.5833014822955378,0.0,0.0,0.0,0.0,0.0,0.0,1.0,0.0,Low
-0.5879749545820651,-1.0753963866121568,0.6741941530531788,0.9256438244224401,1.0598973242608878,1.2099922436861317,1.1261035015283019,2.371678583818993,2.0649637490128536,0.0,0.0,0.0,0.0,1.0,0.0,0.0,0.0,Low
1.0174966896706192,-0.017243793229367484,-0.061369047411301135,0.2888509318442416,-0.24185292013171925,-0.08507714039142976,-1.7981462657694172,1.3702616077845946,0.18911499933642403,1.0,0.0,0.0,0.0,0.0,0.0,0.0,0.0,Medium
-0.5196570122734402,0.4614442847295131,-1.092599808846797,1.093220901416703,0.16922610441331465,1.3806001864987436,-0.5769584396970063,1.0182483677240184,0.6989996644942114,0.0,0.0,0.0,0.0,0.0,1.0,0.0,0.0,Medium
0.8330382454373318,-0.017243793229367484,0.6165029216442002,-0.7367207793606463,-1.2695504814943035,1.6752866331750758,-0.25350869116971914,1.6251677471388053,0.7479184884576873,0.0,1.0,0.0,0.0,0.0,0.0,0.0,0.0,Medium
1.3454228127520182,0.8519529799064951,-0.8978919028414933,-1.4941691673747144,-0.9954977984642809,1.7450807915984168,-0.20070056896118219,-1.197007367139953,-0.45247419187687776,0.0,0.0,1.0,0.0,0.0,0.0,0.0,0.0,Medium
-1.6059122949805753,-0.9998140585133863,-0.4147278397912962,1.7501230432342127,1.5908743976315562,1.0936686463138956,-0.24690767589365198,-0.32911265457680816,0.3245825118506695,0.0,0.0,0.0,0.0,0.0,0.0,1.0,0.0,Medium
0.68957056658922,-0.13691581271908762,-1.5324954483402604,1.5222182185220159,-1.0640109692217867,1.5356983163283917,0.6904364933078745,0.07752332963109909,0.5240207941633094,0.0,0.0,0.0,0.0,0.0,1.0,0.0,0.0,Medium
1.0721510435175188,1.066102909519679,0.7535195962405242,0.007321442493879959,-1.0754298310147044,1.1324431787713076,0.44619892809339207,-0.371597011135843,0.9304233317060457,0.0,1.0,0.0,0.0,0.0,0.0,0.0,0.0,Low
2.178901708917242,-0.9746199491471295,-0.3354023966039502,1.3814534738468347,1.1112822023290165,1.985482892834372,0.2481684698113795,0.089661717219395,1.944548182333524,0.0,0.0,0.0,0.0,1.0,0.0,0.0,0.0,Low
1.5435448454470309,1.7211497530423576,-0.32097958875170535,-0.2272864652980879,1.4138820398413336,0.07002098943821829,0.043536996253300195,0.5509204455746326,1.8222511224248314,0.0,0.0,0.0,0.0,0.0,1.0,0.0,0.0,Low
0.5187757108176578,-0.4959318711882485,-1.5324954483402604,0.44302184267896316,-1.4179956848022326,-0.798528537607811,1.0468913182154966,0.44774415107411863,-0.6312160486665079,0.0,1.0,0.0,0.0,0.0,0.0,0.0,0.0,Medium
1.1063100146718312,-1.0690978592705929,0.9193818865413391,-0.0932248037026777,0.23202984427436155,0.1320602413700773,-0.24690767589365198,1.4188151581377775,0.8457561363846443,0.0,0.0,0.0,0.0,1.0,0.0,0.0,0.0,Low
0.5119439165867948,0.7700721244661604,-0.49405328297864215,0.5837865873541445,-0.4816490177829887,-0.10058695337439479,-0.4119330577953291,-1.2455609174931357,-0.35087355749119364,0.0,0.0,0.0,1.0,0.0,0.0,0.0,0.0,Medium
-0.6016385430437903,-0.9305302577561798,0.15497307037236938,0.9792684890606039,1.0598973242608878,-1.325862179028614,0.26137050036351384,-2.2105627307626463,-0.8889806210894472,0.0,0.0,0.0,1.0,0.0,0.0,0.0,0.0,Medium
0.7100659492818072,0.9779235267377795,-0.19838572200762516,-0.32112962841487497,-0.5787093430227884,-0.643430407778163,0.2283654239831784,-0.5111884684012442,-0.11756839704999239,0.0,1.0,0.0,0.0,0.0,0.0,0.0,0.0,Medium
0.6349162127423204,0.29768257384884367,0.4362178234911414,0.15478927024883138,0.9856747226069236,1.2642765891265075,-1.2898680895122514,0.47202092625071046,1.0395499390091905,1.0,0.0,0.0,0.0,0.0,0.0,0.0,0.0,Low
0.6280844185114572,-0.4959318711882485,-0.13348308667252462,-0.2272864652980879,0.4718259419256314,-0.798528537607811,-0.10828635509624354,1.3823999953728905,0.3565678967498667,0.0,0.0,0.0,0.0,1.0,0.0,0.0,0.0,Medium
-0.0345996218822041,0.4803398667542065,-1.6334551033059732,1.9177001202284754,-1.8062369857614309,-1.0001561063863535,1.0336892876633632,-1.1241770416101784,-0.8061949189974086,0.0,1.0,0.0,0.0,0.0,0.0,0.0,0.0,Medium
-0.6084703372746524,-0.42034954308947764,-0.724818208614557,0.04083685789273251,-1.7548521076933017,-0.6046558753207509,0.3801887753327212,-0.8753400960501162,-1.6980227097161917,0.0,1.0,0.0,0.0,0.0,0.0,0.0,0.0,Medium
0.9833377185163067,-0.9557243671224366,-0.7752980360974137,-0.595956034685466,-0.7385734081236347,-1.8376860074664527,0.2547694850874462,1.0303867553123145,-0.8513507565021562,0.0,0.0,0.0,0.0,0.0,0.0,0.0,1.0,Medium
0.6280844185114572,-0.4959318711882485,-1.6623007190104626,0.737957498188866,-0.2247246274423426,0.18634458681045432,-1.4548934714139286,-2.022417723144063,-1.5907775956424137,0.0,0.0,0.0,1.0,0.0,0.0,0.0,0.0,Medium
0.5870936531262827,0.2724884644825864,1.496294200631127,1.1200332337357852,-0.7842488552953054,-0.9691364804204241,0.5188100961301296,1.3459848326080037,1.2747365926797558,0.0,1.0,0.0,0.0,0.0,0.0,0.0,0.0,Low
2.178901708917242,-0.9872170038302577,-0.27771116519497163,0.6843328335507021,0.40902220206458406,0.43450159453789144,-0.3129178286543228,-0.36552781734169504,0.5785840978148817,0.0,0.0,0.0,0.0,1.0,0.0,0.0,0.0,Medium
-0.1439083295760035,-0.19360255879316554,-0.34982520445619514,0.20171085180722514,-2.165931132238335,-0.682204940235575,-0.15449346202871286,0.8543801352820259,-0.9886997622457672,0.0,1.0,0.0,0.0,0.0,0.0,0.0,0.0,Medium
0.12253164542763385,-0.5400215625791978,0.9049590786890942,1.3948596400063757,1.9905345603836724,1.5201885033454277,0.11614816429003777,-0.8753400960501162,1.6077608942772756,0.0,0.0,0.0,1.0,0.0,0.0,0.0,0.0,Low
-0.9159010776634642,1.0535058548365503,0.2631441292642046,0.4564280088385044,0.19777325889560865,-0.3875184935592439,-1.1974538756473123,-2.05883288590895,-0.9360179518235603,0.0,0.0,0.0,1.0,0.0,0.0,0.0,0.0,Medium
0.1908495877362587,0.3354737378982286,1.0203415415070514,-0.13344330218130038,-0.4074264161290244,-1.7368722230771818,-0.7353828063226162,1.4370227395202217,0.0781068988039192,0.0,0.0,0.0,0.0,0.0,0.0,0.0,1.0,Medium
1.5230494627544435,1.8597173545567707,-0.010889219928444478,1.0731116521773916,1.0028030152963,0.023491550489323214,0.6640324322036057,-1.099900266433587,1.8222511224248314,0.0,0.0,0.0,1.0,0.0,0.0,0.0,0.0,Low
0.04738190888814593,-0.4392451251141706,-1.0565427892161852,0.8921284090235875,0.44898821833979585,0.9540803294672116,-1.3096711353404529,0.1928380117199085,-0.09687197152698275,1.0,0.0,0.0,0.0,0.0,0.0,0.0,0.0,Medium
-0.014104239189615862,0.5244295581451554,1.1789924278817432,-0.12003713602175964,0.2719958605495729,0.26389365172527834,-0.09508432454410917,0.8361725538995824,1.01509052702745,1.0,0.0,0.0,0.0,0.0,0.0,0.0,0.0,Low
2.03543403006913,-0.5463200899207621,-0.9411603263982276,0.14138310408929017,-0.9326940586032343,2.342208591442562,-0.2799127522739874,-2.0891788548796892,-0.3433475845737357,0.0,0.0,0.0,1.0,0.0,0.0,0.0,0.0,Medium
-0.7792651930462144,1.5258954054538671,-1.1070226166990418,1.1334393998953256,-0.8470525951563523,-0.4340479325081379,-0.4251350883474635,-0.34125104216510366,-0.4261332866657743,0.0,0.0,0.0,0.0,0.0,1.0,0.0,0.0,Medium
0.3138218838917833,0.7259824330752106,-0.9844287499549618,-0.8640793578762864,-0.37316983075027155,0.4112368750634433,-1.3888833186532576,1.491645483667552,-0.19094663299520892,1.0,0.0,0.0,0.0,0.0,0.0,0.0,0.0,Medium
-1.544426146902813,-0.3321701603075786,-2.1959446095435164,0.8116914120663412,-0.2247246274423426,-0.705469659710022,0.10954714901397106,0.21104559310235235,-1.2728052398798098,0.0,0.0,0.0,0.0,0.0,1.0,0.0,0.0,Medium
-0.08242218149824072,0.7637735971245965,0.4866976509739981,0.13468002100952003,-1.252422188804927,0.6749036957738455,0.7102395391360755,-0.38980459251828686,0.25308576913481845,0.0,1.0,0.0,0.0,0.0,0.0,0.0,0.0,Medium
-0.29420780265497837,2.155748139610289,0.7390967883882803,0.8116914120663412,-0.8013771479846816,-2.2176764255490906,0.38678979060878793,0.5266436703980416,0.5691766316680597,0.0,0.0,0.0,0.0,0.0,0.0,0.0,1.0,Medium
-0.08242218149824072,-0.3762598516985284,0.13333885859400252,0.0274306917331913,-0.5615810503334122,1.1634628047372366,-0.12148838564837743,-0.9117552588150031,-0.3903849153078488,0.0,0.0,0.0,1.0,0.0,0.0,0.0,0.0,Medium
-1.1891728468979637,-0.3006775235997575,-0.24165414556435988,-0.6696899485629412,0.40902220206458406,-0.783018724624846,-0.009271125955237247,0.8483109414878783,-0.5785342382443012,0.0,0.0,0.0,0.0,0.0,0.0,1.0,0.0,Medium
0.43679418004730786,1.1101926009106287,-0.6166471497227218,2.4003221019719523,0.48324480371854833,-0.03079279495105272,1.291128883429979,-0.16524442213481558,1.7921472307549997,0.0,0.0,0.0,0.0,0.0,1.0,0.0,0.0,Low
2.178901708917242,-0.6974847461183034,1.3160091024780682,0.3692879288014879,1.0142218770892175,-0.4883322779485149,-0.79479194380722,0.6540967400751465,1.2879070452853063,1.0,0.0,0.0,0.0,0.0,0.0,0.0,0.0,Low
0.1703542050436705,1.0094161634456007,0.2487213214119597,1.4417812215647696,-0.059151131445037426,-0.1393614858318068,1.5683715250247967,0.8968644918410611,1.8617624802414854,0.0,1.0,0.0,0.0,0.0,0.0,0.0,0.0,Low
-1.3941266738238383,-0.45814070713886307,0.010744991849922367,-0.6428776162438593,0.28341472234249065,1.4193747189561556,-0.7749888979790188,-1.3487372119936496,-1.1241672747600127,0.0,0.0,0.0,1.0,0.0,0.0,0.0,0.0,Medium
0.5597664762028324,-0.8297538202911521,0.6092915177180772,0.9457530736617514,-1.3494825140447266,-2.3882843683617034,0.6904364933078745,-0.7903713829320457,-0.9266104856767369,0.0,1.0,0.0,0.0,0.0,0.0,0.0,0.0,Medium
0.68957056658922,-0.6344994727026612,-1.4820156208574038,-0.43508204077097334,0.5060825273043839,-0.2711948961870079,-0.708978745218348,-0.44442733666561757,-0.9341364585941961,0.0,0.0,0.0,0.0,0.0,1.0,0.0,0.0,Medium
1.4683951089075429,-0.18730403145160168,-2.8449709628945277,-0.8037516101583514,0.46040708013271364,2.000992705817336,-0.477943210556,0.5509204455746326,0.06493644619836615,0.0,0.0,0.0,0.0,0.0,1.0,0.0,0.0,Medium
0.32748547235350844,-0.18100550411003735,1.1357240043250096,-0.4551912900102852,-1.2067467416332567,0.6361291633164334,1.0864974098718996,-1.919241428643549,-0.40543686114276467,0.0,0.0,0.0,1.0,0.0,0.0,0.0,0.0,Medium
-2.9517757584604856,-1.0187096405380789,1.373700333887047,-1.4606537519758618,-0.6757696682625882,0.6128644438419865,2.1360588387665658,-0.3351818483709557,-0.9228474992180086,0.0,0.0,0.0,0.0,0.0,0.0,1.0,0.0,Medium
0.20451317619798293,-1.1509787147109276,-1.4315357933745476,-0.3345357945744157,-1.3551919449411856,-0.06956732740846473,-0.30631681337825567,-0.3776662049299909,-1.778926918578866,0.0,1.0,0.0,0.0,0.0,0.0,0.0,0.0,High
-1.4214538507472885,0.37956342928917836,0.6814055569793007,-0.4551912900102852,0.6773654541981479,0.2871583711997253,0.34718369895238577,0.4962977014273023,0.397960747795886,0.0,0.0,0.0,0.0,0.0,0.0,1.0,0.0,Low
-0.9022374892017395,1.0786999642028077,-0.19117431808150323,2.2394481080574598,-1.338063652251809,0.1320602413700773,0.5980222794429348,-0.019583771075266862,0.5089688483283935,0.0,1.0,0.0,0.0,0.0,0.0,0.0,0.0,Medium
1.324927430059431,-0.01094526588780362,0.8472678472801156,0.29555401492401173,0.42615049475396033,0.36470743611454937,0.043536996253300195,-0.559742018754427,0.9172528791004954,0.0,0.0,0.0,1.0,0.0,0.0,0.0,0.0,Low
-0.895405694970877,0.11502528094348083,-0.1623287023770134,-1.8963541521609448,0.5574674053725134,-0.4418028389996209,-1.1578477839909096,0.2474607558672392,-1.205071483622687,0.0,0.0,1.0,0.0,0.0,0.0,0.0,0.0,Medium
-0.9090692834326021,1.1416852376184499,1.8640758008633664,-0.17366180065992354,0.8714861046777475,0.7524527606886695,-1.0390295090217023,-0.5233268559895397,0.6745402525124707,1.0,0.0,0.0,0.0,0.0,0.0,0.0,0.0,Medium
-0.6357975141981027,-0.5589171446038907,-0.061369047411301135,-0.23398954837785804,-0.7442828390200936,0.17858968031897127,-0.30631681337825567,1.29743128225482,-0.3885034220784833,0.0,1.0,0.0,0.0,0.0,0.0,0.0,0.0,Medium
1.5367130512161677,0.7385794877583393,0.9121704826152162,-2.1309620599529127,1.1112822023290165,-0.04630260793401775,-0.12148838564837743,-0.41408136769487824,0.5936360436497976,0.0,0.0,1.0,0.0,0.0,0.0,0.0,0.0,Medium
-1.1003595218967515,-0.12431875803595945,-0.7680866321712913,1.1803609814537193,1.0827350478467226,-0.24793017671256087,-0.4317361036235302,-1.1423846229926222,-0.48634107000543914,0.0,0.0,0.0,1.0,0.0,0.0,0.0,0.0,Medium
-0.4854980411191278,0.8330573978818026,-1.2007708677386322,1.890887787909394,-0.17904918027067235,-0.11609676635735981,-0.24690767589365198,-1.5975741575537123,-0.3997923814546709,0.0,0.0,0.0,1.0,0.0,0.0,0.0,0.0,Medium
0.0063911435029714025,-3.941226327023878,-0.4147278397912962,-1.1925304287850413,1.2368896820511104,-0.4495577454911029,-0.45153914945173174,0.4356057634858236,-1.6415779128352566,0.0,0.0,0.0,0.0,1.0,0.0,0.0,0.0,High
0.33431726658437055,-1.396621281031932,0.9121704826152162,0.8183944951461123,1.0256407388821345,-0.3254792416273849,1.6343816777854676,-1.3305296306112062,0.5691766316680597,0.0,0.0,0.0,1.0,0.0,0.0,0.0,0.0,Medium
2.0149386473765416,-0.8486494023158451,0.6453485373486889,-0.38145737613280944,-1.6292446279712078,-0.33323414811886687,-1.6595249449720084,0.13821526757257777,-0.85699523619025,0.0,1.0,0.0,0.0,0.0,0.0,0.0,0.0,Medium
-1.544426146902813,0.49923544877889897,0.2559327253380827,-1.1187965149075656,1.0313501697785938,-0.3797635870677608,-1.9895757087753627,-0.8692709022559683,-1.3894578201004097,1.0,0.0,0.0,0.0,0.0,0.0,0.0,0.0,Medium
-0.5538159834277526,-0.798261183583331,0.5227546706046098,-0.43508204077097334,0.6088522834406421,0.7834723866545995,0.023733950425098186,-0.28662829801777295,-0.08558301215079518,0.0,0.0,0.0,0.0,1.0,0.0,0.0,0.0,Medium
0.9423469531311321,-0.19990108613472984,-1.4748042169312814,-1.1791242626255,-0.2875283673033895,0.48878593997826736,0.426395882265191,-1.0634851036686996,-0.8758101684838955,0.0,0.0,0.0,0.0,0.0,1.0,0.0,0.0,Medium
-0.4308436872722281,0.5937133589023623,0.45064063134338633,0.8519099105449649,-0.3503321071644364,0.7446978541971875,2.050245640177694,-1.379083180964389,0.7968373124211658,0.0,0.0,0.0,1.0,0.0,0.0,0.0,0.0,Low
-0.04826321034392829,0.35436931992292203,0.6020801137919553,-0.5289252038877609,0.9457087063317118,-1.9152350723812768,-0.5835594549730735,2.3838169714072888,0.6500808405307328,0.0,0.0,0.0,0.0,0.0,0.0,0.0,1.0,Medium
0.30699008966092023,-0.22509519550098664,-0.046946239559056226,-0.7434238624404169,-0.1276643022025432,0.00022683101487622702,-0.31951884393039004,-0.037791352457710294,-0.4355407528125964,0.0,0.0,1.0,0.0,0.0,0.0,0.0,0.0,Medium
0.1908495877362587,-1.0942919686368497,-0.29934537697333846,-0.6629868654831711,-0.5901282048157063,-0.05405751442550081,1.1393055320804362,-0.3230434607826602,-0.6519124741895176,0.0,0.0,0.0,0.0,1.0,0.0,0.0,0.0,Medium
-2.193446598834749,-0.31957310562445,-0.6022243418704774,1.9847309510261806,-0.053441700548578545,-0.34874396110183187,0.9148710126941548,-0.28055910422362496,-0.28502129446343505,0.0,0.0,0.0,0.0,0.0,0.0,1.0,0.0,Medium
0.6007572415880079,0.12762233562660946,0.44342922741726337,-0.6026591177652361,1.6536781374926026,2.342208591442562,0.07654207263363562,-0.6629183132549409,1.3499963218543352,0.0,0.0,0.0,1.0,0.0,0.0,0.0,0.0,Low
1.5503766396778929,-0.31957310562445,0.09728183896339078,0.9390499905819812,0.6145617143371014,0.015736643997841252,0.16235527122250756,-0.2441439414587377,0.9962755947338057,0.0,0.0,0.0,0.0,1.0,0.0,0.0,0.0,Low
2.178901708917242,-0.9305302577561798,1.784750357676021,-0.6965022808820236,0.36334675489291385,0.31042309067417234,-0.4449381341756646,1.2792237008723766,1.321773923413869,0.0,0.0,0.0,0.0,1.0,0.0,0.0,0.0,Low
-0.014104239189615862,-0.4140510157479133,-0.8762576910631265,-1.0986872656682543,-0.10482657861670808,0.3957270620804794,-0.009271125955237247,-0.062068127634301674,-0.7817355070156693,0.0,0.0,1.0,0.0,0.0,0.0,0.0,0.0,Medium
0.16352241081280838,0.7700721244661604,-1.1430796363296536,1.5088120523624746,1.3567877308767458,-0.4340479325081379,-0.1874985384090483,1.3338464450197078,1.3782187202948042,0.0,0.0,0.0,0.0,0.0,1.0,0.0,0.0,Low
-0.6357975141981027,0.4047575386554356,-1.4675928130051594,0.617302002752997,-0.6186753592980002,-0.976891386911906,2.2614781290118406,1.8982814678754591,0.6613697999069204,0.0,0.0,0.0,0.0,0.0,1.0,0.0,0.0,Medium
0.5051121223559327,-1.9445931597480197,-1.3305761384088344,0.24192935028584783,-0.7214451154342585,0.1940994933019363,0.010531919872964762,0.40525979451508426,-0.9792922960989437,0.0,0.0,0.0,0.0,1.0,0.0,0.0,0.0,Medium
0.9833377185163067,0.20320466372538032,0.07564762718502392,-0.9847348533121554,-0.002056822480449409,-0.27894980267848984,0.300976592019916,-0.8146481581086376,-0.20035409914203098,0.0,0.0,1.0,0.0,0.0,0.0,0.0,0.0,Medium
-1.0866959334350264,-0.43294659777260625,0.5588116902352216,-1.3198890073006808,-1.1896184489438804,-0.4418028389996209,-1.9235655560146918,1.2428085381074898,-1.6453408992939849,1.0,0.0,0.0,0.0,0.0,0.0,0.0,0.0,High
1.0653192492866568,-0.42034954308947764,-0.9772173460288393,0.30896018108355294,-0.12195487130608433,-1.2250483946393431,0.7366436002403443,0.5266436703980416,0.0442400206753565,0.0,0.0,0.0,0.0,0.0,1.0,0.0,0.0,Medium
-1.6059122949805753,0.9842220540793443,2.368874075691931,-0.36805120997326823,1.7621573245253201,0.8144920126205285,-0.0752812787159081,-0.08634490281089349,1.370692747377345,0.0,0.0,0.0,0.0,0.0,0.0,1.0,0.0,Low
0.8535336281299191,0.08983117157722448,0.13333885859400252,-0.3010203791755631,-0.5615810503334122,0.13981514786155924,0.6376283710993379,-0.5415344373719835,0.09315884463883506,0.0,1.0,0.0,0.0,0.0,0.0,0.0,0.0,Medium
0.06787729158073319,1.3621336945731977,0.21266430178134796,0.9055345751831287,0.9742558608140057,-0.6356755012866805,0.3933908058848556,1.8315203361398331,1.9784150604620867,0.0,0.0,0.0,0.0,0.0,0.0,0.0,1.0,Low
-1.81086612190645,-0.9998140585133863,0.6020801137919553,0.4028033442003405,-1.5264748718349497,1.9156887344110298,1.2779268528778445,0.46595173245656296,-0.07053106631587931,0.0,1.0,0.0,0.0,0.0,0.0,0.0,0.0,Medium
-1.223331818052276,-0.8423508749742807,-0.3642480123084395,-0.05970938830382515,0.06074691738059749,1.0859137398224126,0.3537847142284525,-0.6750567008432363,-0.6556754606482459,0.0,0.0,0.0,0.0,0.0,0.0,1.0,0.0,Medium
-0.5059934238117151,0.03314442550314612,0.5876573059397103,0.38269409496102913,1.5280706577705097,0.11655042838711226,-0.5769584396970063,1.0061099801357225,1.013209033798087,1.0,0.0,0.0,0.0,0.0,0.0,0.0,0.0,Low
-0.6221339257363775,-0.45184217979729874,0.003533587923800427,-0.019490889825201987,1.316821714601534,0.015736643997841252,-0.708978745218348,-0.8389249332852289,-0.4186073137483164,0.0,0.0,0.0,1.0,0.0,0.0,0.0,0.0,Medium
0.18401779350539565,-1.4973977184969598,0.28477834104257144,0.9993777382999153,-1.0583015383253278,0.8377567320949755,0.9610781196266246,0.12000768619013434,0.15524812120786402,0.0,0.0,0.0,0.0,1.0,0.0,0.0,0.0,Medium
1.003833101208894,-1.2202625154681341,-0.5661673222398657,0.731254415109095,-0.8584714569492696,0.20960930628490132,-0.5175493022124026,0.362775437956049,-0.3715699830142033,0.0,0.0,0.0,0.0,1.0,0.0,0.0,0.0,Medium
-0.5059934238117151,-1.1257846053446707,-1.3738445619655686,-0.2742080468564812,-0.6129659284015414,1.0393843008735186,0.017132935149031473,-0.062068127634301674,-1.0940633830901796,0.0,0.0,0.0,0.0,0.0,1.0,0.0,0.0,Medium
-0.854414929585702,-0.36996132435696405,-0.9123147106937383,-0.05970938830382515,-0.8127960097775995,0.20960930628490132,0.9478760890744903,-0.36552781734169504,-0.8268913445204182,0.0,1.0,0.0,0.0,0.0,0.0,0.0,0.0,Medium
-0.8475831353548393,1.1038940735690639,1.0347643493592962,2.4003221019719523,-0.36175096895735415,0.8842861710438705,-1.0786356006781048,0.4295365696916752,1.2013583567345394,1.0,0.0,0.0,0.0,0.0,0.0,0.0,0.0,Low
1.9124617339136045,-1.5225918278632167,0.5155432666784868,-0.5088159546484491,0.8315200884025358,-0.29445961566145484,0.043536996253300195,-0.41408136769487824,0.18723350610706121,0.0,0.0,0.0,0.0,1.0,0.0,0.0,0.0,Medium
-1.5854169122879882,-1.0942919686368497,-1.31615333055659,-0.3345357945744157,-1.5150560100420318,-0.9924011998948711,-0.009271125955237247,0.11393849239598638,-2.3847677384342423,0.0,1.0,0.0,0.0,0.0,0.0,0.0,0.0,High
1.1951233396730434,-0.11802023069439514,-0.7320296125406794,1.3278288092086707,-0.11624544040962545,-2.000539043787583,0.5650172030625994,0.24139156207309168,0.2342708368411743,0.0,0.0,0.0,0.0,0.0,0.0,0.0,1.0,Medium
0.5119439165867948,-0.6659921094104823,-1.4099015815961802,-2.5532562939784547,-0.3389132453715186,-0.2711948961870079,0.4990070503019286,-1.5854357699654165,-2.085610314965284,0.0,0.0,1.0,0.0,0.0,0.0,0.0,0.0,High
2.178901708917242,1.3306410578653765,2.123686342203771,-0.13344330218130038,-1.1211052781863746,0.44225650102937336,0.056739026805433614,-0.1773828097231115,1.5155677260384124,0.0,1.0,0.0,0.0,0.0,0.0,0.0,0.0,Low
1.174627956980456,2.2187334130259315,0.3424695724515511,-0.14014638526107098,-0.49877731047236534,1.4503943449220857,-0.015872141231303958,1.0728711118713496,1.9407851958747957,0.0,1.0,0.0,0.0,0.0,0.0,0.0,0.0,Low
0.3206536781226454,0.9905205814209082,1.9073442244201002,0.315663264163324,-1.2980976359765977,-1.4111661504349207,-0.79479194380722,-0.15310603454651966,-0.09122749183888897,0.0,1.0,0.0,0.0,0.0,0.0,0.0,0.0,Medium
1.475226903138406,0.23469730043320142,-0.11184887489415779,-0.5490344531270722,-2.9081571487779794,0.7679625736716345,1.7598009680307425,1.273154507078229,0.5221393009339466,0.0,1.0,0.0,0.0,0.0,0.0,0.0,0.0,Medium
2.178901708917242,-0.6722906367520466,-1.0349085774378184,0.04083685789273251,-0.059151131445037426,0.2328740257593483,-0.16109447730478005,-0.5658112125485749,-0.05359762725159796,0.0,0.0,0.0,0.0,0.0,1.0,0.0,0.0,Medium
1.2771048704433934,0.3102796285319723,-0.27771116519497163,-0.03960013906451333,0.6716560233016895,0.31042309067417234,-0.30631681337825567,-1.197007367139953,0.24932278267609018,0.0,0.0,0.0,1.0,0.0,0.0,0.0,0.0,Medium
1.7006761127568677,-1.025008167879643,-0.14790589452476954,-1.96338498295865,-0.33320381447506014,-0.2556850832040428,-1.2634640284079832,0.5630588331629285,-0.9811737893283092,0.0,0.0,1.0,0.0,0.0,0.0,0.0,0.0,Medium
-0.007272444958753764,0.4362501753632567,1.35206612210868,0.30896018108355294,0.23773927517082002,0.13981514786155924,-1.5011005783463984,2.013596149964269,1.0959947358901256,1.0,0.0,0.0,0.0,0.0,0.0,0.0,0.0,Low
0.04738190888814593,-0.2502893048672439,0.5299660745307317,1.8506692894307704,-0.3389132453715186,-0.09283204688291283,1.3637400514667175,2.116772444464782,1.882458905764495,0.0,1.0,0.0,0.0,0.0,0.0,0.0,0.0,Low
-1.1618456699745139,0.9086397259805734,0.5876573059397103,1.0664085690976204,-0.24756235102817814,0.6981684152482924,1.04029030293943,-0.5415344373719835,0.7761408868981562,0.0,0.0,0.0,0.0,0.0,0.0,1.0,0.0,Low
-2.8219716680740983,0.15911497233443056,0.12612745466788058,0.3290694303228643,-0.24756235102817814,0.8222469191120115,1.8390131513435468,0.453813344868267,0.22298187746498674,0.0,0.0,0.0,0.0,0.0,0.0,1.0,0.0,Medium
-1.0320415795881266,0.8834456166143162,-1.3377875423349568,-0.30772346225533376,-0.7557017008130114,-0.744244192167434,-0.8608020965678908,-2.283393056292421,-2.2982190498834756,0.0,0.0,0.0,1.0,0.0,0.0,0.0,0.0,High
0.5051121223559327,0.8771470892727523,2.1885889775388723,0.6910359166304723,2.293134397895989,0.4034819685719614,1.5683715250247967,-0.34125104216510366,2.9511470600435454,0.0,0.0,0.0,1.0,0.0,0.0,0.0,0.0,Low
-0.47183445265740265,-0.24399077752567958,0.11170464681563567,1.2071733137728018,0.6488182997158539,0.2949132776912073,0.3339816684002514,0.4902285076331539,0.8720970415957477,0.0,0.0,0.0,0.0,0.0,0.0,1.0,0.0,Low
1.803153026219805,0.8393559252233664,0.7967880197972589,-0.18706796681946475,-0.1276643022025432,-0.899342321997082,-0.048877217611639386,0.05931574824865567,0.8081262717973534,0.0,0.0,0.0,0.0,0.0,0.0,0.0,1.0,Low
1.6665171416025553,1.5573880421616881,1.063609965063786,0.8183944951461123,1.0313501697785938,-0.643430407778163,-0.2865137675500546,-1.288045274052171,1.417730078111458,0.0,0.0,0.0,1.0,0.0,0.0,0.0,0.0,Low
-0.499161629580853,0.3102796285319723,-0.5661673222398657,0.17489851948814272,0.45469764923625433,0.48878593997826736,-0.4449381341756646,0.9636256235766874,0.3716198425847826,0.0,0.0,0.0,0.0,0.0,1.0,0.0,0.0,Low
-0.7246108391993148,-0.38885690638165654,0.44342922741726337,1.408265806165917,-0.4131358470254833,-0.29445961566145484,-1.3690802728250566,-0.28055910422362496,-0.6124011163728625,1.0,0.0,0.0,0.0,0.0,0.0,0.0,0.0,Medium
-0.41034830457964033,-0.19990108613472984,0.1982414939291041,0.12127385484997882,-0.7671205626059288,0.09328570891266527,0.017132935149031473,1.321708057431412,0.12138124307930132,0.0,1.0,0.0,0.0,0.0,0.0,0.0,0.0,Medium
-0.3830211276561905,-0.8927390937067944,-0.8546234792847597,0.4162095103598817,-1.024044952946575,-0.9070972284885646,1.6739877694418697,2.3838169714072888,0.22486337069434956,0.0,1.0,0.0,0.0,0.0,0.0,0.0,0.0,Medium
0.9560105415928564,0.3102796285319723,-0.58059013009211,-1.4941691673747144,-1.2695504814943035,0.023491550489323214,0.7960527377249474,0.8847261042527652,-0.1589612480960117,0.0,1.0,0.0,0.0,0.0,0.0,0.0,0.0,Medium
1.0311602781323443,0.11502528094348083,-1.4820156208574038,-2.680614872494094,-0.9441129203961517,0.0467562699637713,-0.9598173257088971,0.9939715925474267,-1.3574724352012137,0.0,0.0,1.0,0.0,0.0,0.0,0.0,0.0,Medium
0.08154088004245837,-1.1257846053446707,-0.2488655494904818,1.9244032033082465,-0.030603976962743418,0.5973546308590214,0.5716182183386671,-0.9785163905506297,0.19475947902451782,0.0,0.0,0.0,0.0,1.0,0.0,0.0,0.0,Medium
0.7305613319743945,0.8330573978818026,-1.3305761384088344,-1.0450626010300899,0.5175013890973016,-0.814038350590776,0.3933908058848556,-0.7539562201671589,-0.4242517934364102,0.0,0.0,0.0,0.0,0.0,1.0,0.0,0.0,Medium
0.8671972165916443,1.3621336945731977,1.5684082398923507,-0.5289252038877609,-0.9498223512926106,0.7059233217397755,0.08974410318576904,0.2474607558672392,1.084705776513938,0.0,1.0,0.0,0.0,0.0,0.0,0.0,0.0,Low
1.482058697369268,0.8834456166143162,-2.051716531021069,-2.7878642017704225,-0.23043405833880148,-1.2870876465712022,-0.4185340730713963,0.46595173245656296,-1.2615162805036222,0.0,0.0,1.0,0.0,0.0,0.0,0.0,0.0,Medium
0.47778494543248234,0.4677428120710778,0.3424695724515511,1.468593553883851,-1.2067467416332567,-0.02303788845957076,-1.3954843339293248,-0.1773828097231115,-0.10439794444444202,0.0,1.0,0.0,0.0,0.0,0.0,0.0,0.0,Medium
-0.5674795718894778,2.2187334130259315,0.7607310001666472,0.48994342423735693,-0.9384034894996928,-0.11609676635735981,1.1063004557001006,-0.2198671662821463,0.9398307978528705,0.0,1.0,0.0,0.0,0.0,0.0,0.0,0.0,Low
0.2591675300448836,1.9793893740464912,-0.025312027780689382,-0.07981863754313649,-0.36175096895735415,1.2255020566690955,0.5122090808540629,-0.8085789643144896,0.8833860009719327,0.0,0.0,0.0,1.0,0.0,0.0,0.0,0.0,Medium
1.0721510435175188,2.2187334130259315,-0.8546234792847597,-2.0103065645170433,-0.9441129203961517,-1.2250483946393431,-1.025827478469568,-0.38980459251828686,-1.0639594914203478,0.0,0.0,1.0,0.0,0.0,0.0,0.0,0.0,High
0.7168977435126693,-1.5792785739372945,-0.4147278397912962,0.38939717804079926,1.4538480561165446,0.9928548619246235,1.3571390361906497,0.16249204274916915,1.1054022020369476,0.0,0.0,0.0,0.0,1.0,0.0,0.0,0.0,Low
-0.2327216545772156,0.1024282262603531,-0.21280852985987006,-0.3546450438137275,0.38047504758229006,1.1014235528053775,-0.1412914314765785,-0.820717351902785,-0.1138054105912641,0.0,0.0,0.0,1.0,0.0,0.0,0.0,0.0,Medium
1.9876114704530923,-0.5652156719454551,1.366488929960924,1.656279880117426,-0.6586413755732116,2.342208591442562,2.2614781290118406,-0.2926974918119209,2.631293211051576,0.0,1.0,0.0,0.0,0.0,0.0,0.0,0.0,Low
0.6827387723583569,0.14021939030973807,-0.39309362801292885,1.6026552154792613,-0.20188690385650748,0.15532496084452427,0.763047661344612,-1.3972907623468325,0.41677568008953286,0.0,0.0,0.0,1.0,0.0,0.0,0.0,0.0,Medium
-0.15757191803772866,-1.8879064136739419,0.5155432666784868,-1.8628387367620924,-1.1496524326686686,0.3491976231315843,-0.9070092035003606,0.6480275462809989,-1.68485225711064,0.0,0.0,0.0,0.0,1.0,0.0,0.0,0.0,Medium
0.42996238581644575,0.4677428120710778,-0.6743383811317009,1.1535486491346378,1.4766857797023802,-2.0935979216853724,0.7498456307924777,-1.2455609174931357,0.2662562217403715,0.0,0.0,0.0,0.0,0.0,0.0,0.0,1.0,Medium
0.19768138196712082,0.9842220540793443,-0.15511729845089148,0.7178482489495547,0.42615049475396033,0.5740899113845744,-1.3096711353404529,1.7283440416393192,1.1900693973583518,1.0,0.0,0.0,0.0,0.0,0.0,0.0,0.0,Low
0.5802618588954197,0.12132380828504559,-0.32819099267782775,0.9256438244224401,0.39189390937520785,0.25613874523379526,0.08974410318576904,-2.374430963204639,-0.18530215330711514,0.0,0.0,0.0,1.0,0.0,0.0,0.0,0.0,Medium
1.9056299396827423,0.1528164449928667,-1.1214454245512864,-0.3546450438137275,-0.6415130828838354,-1.9384997918557243,1.225118730669308,0.569128026957076,0.027306581611075145,0.0,0.0,0.0,0.0,0.0,0.0,0.0,1.0,Medium
0.43679418004730786,0.1339208629681742,1.6044652595229623,-0.991437936391926,0.009362039312467952,0.36470743611454937,-0.16109447730478005,0.660165933869294,0.6877107051180238,0.0,0.0,1.0,0.0,0.0,0.0,0.0,0.0,Low
0.28649470696833296,-0.47703628916355556,0.7823652119450141,-0.31442654533510433,0.9970935843998405,-0.4650675584740679,0.2811735461917149,-0.559742018754427,0.21921889100625844,0.0,0.0,0.0,1.0,0.0,0.0,0.0,0.0,Medium
0.27966291273747085,-0.5967083086532762,-0.6022243418704774,1.6964983785960488,-0.8641808878457286,0.8610214515694236,-0.25350869116971914,-0.7539562201671589,-0.2041170856007606,0.0,1.0,0.0,0.0,0.0,0.0,0.0,0.0,Medium
-0.6767882795832773,-1.2202625154681341,0.8039994237233808,-2.3789761339044215,1.6194215521138502,0.4189917815549264,-0.7155797604944152,0.5873356083395203,-0.49386704292289707,0.0,0.0,1.0,0.0,0.0,0.0,0.0,0.0,Medium
0.2659993242757457,-1.8060255582336067,0.1766072821507362,1.7970446247926064,1.6708064301819798,-0.1393614858318068,-0.5769584396970063,-1.5126054444356423,-0.04042717464604758,0.0,0.0,0.0,0.0,1.0,0.0,0.0,0.0,Medium
-0.24638524303894077,-1.0690978592705929,0.017956395776045332,0.04083685789273251,0.14638838082747951,-0.9613815739289415,0.763047661344612,-1.203076560934101,-0.8889806210894472,0.0,0.0,0.0,1.0,0.0,0.0,0.0,0.0,Medium
0.846701833899057,-0.3447672149907072,-0.11906027882027972,-2.3052422200269462,-0.5787093430227884,-0.34874396110183187,-0.49114524110813434,0.4962977014273023,-1.011277680998141,0.0,0.0,1.0,0.0,0.0,0.0,0.0,0.0,Medium
-0.26004883150066593,1.3558351672316329,0.5299660745307317,0.08775843945112627,0.0264903320018446,0.5198055659441974,-0.4647411800038656,-2.155939986615316,-0.21164305851821855,0.0,0.0,0.0,1.0,0.0,0.0,0.0,0.0,Medium
0.04738190888814593,-0.8045597109248953,0.926593290467461,-1.9566818998788793,0.6259805761300183,-0.12385167284884177,0.8488608599334839,1.2428085381074898,0.33587147122685707,0.0,0.0,1.0,0.0,0.0,0.0,0.0,0.0,Medium
-0.4786662468882652,0.41105606599699945,0.6453485373486889,0.14808618716906125,-1.8404935711401837,-1.7136075036027343,-0.9334132646046288,0.4902285076331539,-1.1693231122647616,0.0,1.0,0.0,0.0,0.0,0.0,0.0,0.0,Medium
0.9696741300545816,-0.8990376210483586,-0.42915064764354055,-0.7233146132011056,0.5917239907512659,-0.49608718443999744,0.763047661344612,-0.05599893384015415,-0.05171613402223515,0.0,0.0,0.0,0.0,1.0,0.0,0.0,0.0,Medium
-0.6084703372746524,-0.8927390937067944,0.06122481933277902,1.58254596623995,0.11784122634518551,0.24062893225083137,1.3241339598103143,-0.037791352457710294,0.610569482714079,0.0,0.0,0.0,0.0,1.0,0.0,0.0,0.0,Medium
0.42996238581644575,-0.5904097813117118,-0.6382813615010892,1.3747503907670644,-0.7671205626059288,-1.2095385816563782,-1.3558782422729223,1.4188151581377775,-0.41484432728958676,1.0,0.0,0.0,0.0,0.0,0.0,0.0,0.0,Medium
1.4137407550606431,-1.3462330622994185,0.19103009000298113,0.7647698305079474,1.43101033253071,1.3495805605328146,0.44619892809339207,-0.12882925936992828,1.4214930645701862,0.0,0.0,0.0,0.0,1.0,0.0,0.0,0.0,Low
-0.08925397572910379,0.15911497233443056,-0.05415764348517817,0.0006183594141098294,-1.0811392619111628,1.0626490203479655,1.6409826930615343,-2.070971273497246,-0.330177131968184,0.0,0.0,0.0,1.0,0.0,0.0,0.0,0.0,Medium
-1.2369954065140012,-0.43294659777260625,-1.2151936755908772,0.9524561567415225,0.6202711452335599,-1.6515682516708752,1.6607857388897362,-0.7964405767261937,-0.6124011163728625,0.0,0.0,0.0,0.0,0.0,0.0,1.0,0.0,Medium
1.256609487750806,0.5118325034620276,1.2366836592907218,-1.018250268711008,1.019931307985676,-0.3875184935592439,-0.2799127522739874,1.922558243052051,1.6171683604240978,0.0,0.0,1.0,0.0,0.0,0.0,0.0,0.0,Low
1.2087869281347685,1.1290881829353212,0.1982414939291041,0.4028033442003405,1.0941539096396402,-0.814038350590776,0.6970375085839412,-0.6689875070490884,1.2371067280924648,0.0,0.0,0.0,1.0,0.0,0.0,0.0,0.0,Low
-0.05509500457479136,0.5937133589023623,-0.7176068046884346,-0.9579225209930734,-0.9897883675678224,-0.6899598467270575,1.541967463920528,1.182116600166011,0.023543595152346847,0.0,1.0,0.0,0.0,0.0,0.0,0.0,0.0,Medium
0.6280844185114572,-1.4596065544475745,-0.018100623854566417,0.5167557565564393,-0.8755997496386463,0.6361291633164334,-2.3856366253393877,-0.6932642822256802,-1.4402581372932524,1.0,0.0,0.0,0.0,0.0,0.0,0.0,0.0,Medium
-1.2643225834374512,-0.5589171446038907,-1.2007708677386322,-0.19377104989923535,-1.3095164977695148,0.15532496084452427,-0.009271125955237247,-1.2455609174931357,-2.081847328506554,0.0,1.0,0.0,0.0,0.0,0.0,0.0,0.0,High
-1.2096682295905514,1.6140747882357664,-0.061369047411301135,1.046299319858309,-0.6072564975050825,0.8997959840268356,0.888466951589887,-0.9906547781389256,0.48827242280538385,0.0,0.0,0.0,0.0,0.0,0.0,1.0,0.0,Medium
-0.07559038726737863,0.4236531206801281,-0.22001993378599305,-0.622768367004548,0.9457087063317118,0.03124645698080628,0.16235527122250756,-1.4337059251117197,-0.2567988960229675,0.0,0.0,0.0,1.0,0.0,0.0,0.0,0.0,Medium
-0.6357975141981027,1.4251189679888399,-0.07579185526354604,0.4832403411575868,-0.3160755217856835,-1.1319895167415541,-2.1546010906770396,1.2367393443133414,-0.30383622675708055,1.0,0.0,0.0,0.0,0.0,0.0,0.0,0.0,Medium
-1.7015574142126502,0.2535928824578939,0.8112108276495038,1.0865178183369326,0.40902220206458406,-0.015282981968088798,-0.1346904162005113,-0.04386054625185824,0.25308576913481845,0.0,0.0,0.0,0.0,0.0,0.0,1.0,0.0,Medium
0.4982803281250706,0.5244295581451554,0.3641037842299179,-0.2205833822183173,1.8535082188686607,-0.3022145221529368,-1.5539087005549348,-0.037791352457710294,0.5127318347871218,1.0,0.0,0.0,0.0,0.0,0.0,0.0,0.0,Medium
-0.895405694970877,0.8771470892727523,-0.45078485942190794,-1.1523119303064182,-0.4473924324042362,-0.8915874155056001,-1.5209036241745995,0.751203840781512,-1.2370568685218843,1.0,0.0,0.0,0.0,0.0,0.0,0.0,0.0,Medium
0.37530803196954504,-0.4833348165051199,-0.40030503193905126,-0.9042978563549091,-0.12195487130608433,-0.6666951272526099,-1.0192264631935013,-1.5975741575537123,-1.7337710810741185,0.0,0.0,0.0,1.0,0.0,0.0,0.0,0.0,High
-0.1370765353451414,-1.1698742967356202,-0.16954010630313637,-1.0450626010300899,0.5803051289583482,0.1940994933019363,0.18215831705070862,-0.3594586235475475,-0.6820163658593493,0.0,0.0,0.0,0.0,1.0,0.0,0.0,0.0,Medium
-0.4035165103487778,0.1528164449928667,2.368874075691931,-0.23398954837785804,0.4946636655114661,0.49654084646975044,-1.025827478469568,-0.22593636007629425,0.5089688483283935,1.0,0.0,0.0,0.0,0.0,0.0,0.0,0.0,Medium
0.5187757108176578,1.1857749290093986,1.5179284124094938,0.4832403411575868,0.06645634827705597,0.1087955218956303,0.4527999433694588,0.1442844613667257,1.564486550001891,0.0,1.0,0.0,0.0,0.0,0.0,0.0,0.0,Low
1.4547315204458187,-2.0768622339208687,-0.7464524203929244,1.0328931536987678,1.3624971617732042,-2.0780881087024072,-1.0522315395738366,-0.7539562201671589,-0.8908621143188113,0.0,0.0,0.0,0.0,1.0,0.0,0.0,0.0,Medium
1.5298812569853055,-1.3336360076162899,-1.2007708677386322,-0.0865217206229071,1.57374610494218,-1.4266759634178856,0.36038572950452014,0.362775437956049,0.09127735140946958,0.0,0.0,0.0,0.0,1.0,0.0,0.0,0.0,Medium
1.5845356108322053,-0.36996132435696405,1.2727406789213336,-0.8506731917167452,0.5574674053725134,0.8377567320949755,-0.5637564091448719,-0.41408136769487824,0.6463178540720045,0.0,0.0,1.0,0.0,0.0,0.0,0.0,0.0,Medium
0.4162987973547206,-0.33846868764914295,-0.5445331104614983,-0.37475429305303887,1.9791156985907545,0.5275604724356794,0.99408319600696,-0.7782329953437502,0.7366295290815024,0.0,0.0,0.0,1.0,0.0,0.0,0.0,0.0,Medium
-0.1917308891920411,0.7511765424414678,-0.11906027882027972,0.5100526734766683,-0.4074264161290244,-0.814038350590776,0.5518151725104651,-0.3776662049299909,-0.010323282976215853,0.0,1.0,0.0,0.0,0.0,0.0,0.0,0.0,Medium
-2.309587100759412,-0.653395054727354,-0.8185664596541479,-1.6081215797308126,0.9228709827458762,-1.5972839062304982,0.7828507071728131,-0.8328557394910809,-2.0178765587081613,0.0,0.0,0.0,0.0,0.0,0.0,1.0,0.0,High
-1.1140231103584768,0.8204603431986739,0.15497307037236938,-0.2272864652980879,-0.2818189364069306,-0.6511853142696454,-0.048877217611639386,0.28994511242627447,-0.3245326522800902,0.0,0.0,0.0,0.0,0.0,0.0,1.0,0.0,Medium
-0.9159010776634642,-0.4140510157479133,1.2583178710690888,0.007321442493879959,2.053338300244719,0.44225650102937336,-0.8476000660157569,1.8679354989047199,1.3443518421662415,0.0,0.0,0.0,0.0,0.0,0.0,1.0,0.0,Low
-1.8928476526768,0.8015647611739815,-0.4796304751263972,0.8519099105449649,-1.2352938961155506,0.3414427166401024,-0.8872061576721595,0.4962977014273023,-0.7384611627402845,0.0,0.0,0.0,0.0,0.0,0.0,1.0,0.0,Medium
0.23184035312143325,-0.38885690638165654,0.039590607554412176,-0.6093622008450067,-1.3152259286659738,0.25613874523379526,0.8752649210377527,2.013596149964269,0.3622123764379605,0.0,1.0,0.0,0.0,0.0,0.0,0.0,0.0,Medium
0.1703542050436705,0.058338534869403366,-0.11906027882027972,-0.26750496377671057,0.5517579744760541,-1.186273862181931,-0.12148838564837743,-0.007445383486970956,-0.23045799081186405,0.0,0.0,0.0,0.0,0.0,0.0,0.0,1.0,Medium
-0.3761893334253279,1.2235660930587846,0.3641037842299179,-1.4003260042579273,-0.2190151965458841,1.4736590643965326,-0.49114524110813434,0.2838759186321269,0.2474412894467247,0.0,0.0,1.0,0.0,0.0,0.0,0.0,0.0,Medium
1.2087869281347685,0.6441015776348759,0.9121704826152162,-2.5130377954998315,0.14067894993102065,-0.3642537740847969,-1.1182416923345075,-1.2152149485223964,-0.849469263272792,0.0,0.0,1.0,0.0,0.0,0.0,0.0,0.0,Medium
-0.24638524303894077,2.1872407763181103,0.7823652119450141,-2.104149727633831,-0.7157356845377997,0.5895997243675395,-0.5901604702491406,-0.9906547781389256,-0.46188165802369985,0.0,0.0,1.0,0.0,0.0,0.0,0.0,0.0,Medium
0.5187757108176578,-0.10542317601126651,-1.1286568284774088,2.2461511911372307,0.05503748648413861,0.1087955218956303,-2.0423838309838995,-0.44442733666561757,-0.28502129446343505,1.0,0.0,0.0,0.0,0.0,0.0,0.0,0.0,Medium
2.09008838391603,2.2187334130259315,1.820807377306633,-0.48870670540913774,0.8886143973671238,2.342208591442562,2.2614781290118406,-0.23200555387044222,3.7620706418996552,0.0,0.0,1.0,0.0,0.0,0.0,0.0,0.0,Low
0.47778494543248234,-1.9445931597480197,0.8039994237233808,-0.5892529516056954,1.9391496823155427,-1.069950264809695,-0.4845442258320672,-1.3487372119936496,-0.7271722033640983,0.0,0.0,0.0,0.0,1.0,0.0,0.0,0.0,Medium
0.9355151589002692,-1.7304432301348363,0.7607310001666472,0.9658623229010628,0.14067894993102065,0.5198055659441974,0.26137050036351384,-1.2152149485223964,0.10068481755629166,0.0,0.0,0.0,0.0,1.0,0.0,0.0,0.0,Medium
0.32748547235350844,-0.8612464569989732,-1.1430796363296536,0.5100526734766683,0.5631768362689719,1.4581492514135677,0.2811735461917149,-0.5900879877251662,0.14395916183167645,0.0,0.0,0.0,0.0,0.0,1.0,0.0,0.0,Medium
0.48461673966334545,0.7070868510505182,0.039590607554412176,-0.04630322214428394,0.015071470208926834,1.6442670072091456,-0.3855289966910609,0.9757640111649832,1.1731359582940704,1.0,0.0,0.0,0.0,0.0,0.0,0.0,0.0,Low
0.07470908581159626,-1.1950684061018773,0.5155432666784868,0.8720191597842762,1.231180251154652,-0.3177243351359018,1.1525075626325705,-1.203076560934101,0.4092497071720736,0.0,0.0,0.0,1.0,0.0,0.0,0.0,0.0,Medium
0.5256075050485199,0.5181310308035915,-1.2224050795169992,-1.7354801582464527,0.02078090110538572,-1.4576955893838153,-2.1480000754009727,-2.25911628111583,-2.706503080655576,0.0,0.0,0.0,1.0,0.0,0.0,0.0,0.0,High
0.6554115954349076,-1.421815390398189,0.8761134629846044,-1.453950668896091,0.03219976289830348,-0.24017527022107782,-0.015872141231303958,0.05931574824865567,-0.5728897585562074,0.0,0.0,0.0,0.0,1.0,0.0,0.0,0.0,Medium
1.1268053973644185,0.08353264423565972,0.5588116902352216,-0.12003713602175964,-1.166780725358045,2.342208591442562,-0.5769584396970063,-0.34125104216510366,0.4506425582180929,0.0,1.0,0.0,0.0,0.0,0.0,0.0,0.0,Medium
0.5392710935102452,-1.950891687089584,-1.013274365659451,-0.5021128715686785,-1.0069166602571986,0.03900136347228824,-3.157955412639237,-1.3365988244053537,-3.095972179134032,1.0,0.0,0.0,0.0,0.0,0.0,0.0,0.0,High
0.4914485338942075,-1.4785021364722672,0.003533587923800427,0.014024525573651041,-0.9612412130855283,-0.24017527022107782,-0.5967614855252074,-0.6325723442842015,-1.3029091315496415,0.0,0.0,0.0,0.0,1.0,0.0,0.0,0.0,Medium
0.20451317619798293,0.39845901131387085,-1.3522103501872016,-1.0450626010300899,-0.4359735706113184,-1.186273862181931,-1.2700650436840504,0.31422188760286623,-1.4590730695868979,0.0,0.0,0.0,0.0,0.0,1.0,0.0,0.0,Medium
0.47095315120162023,-0.48963334384668417,-2.4916121705145327,-0.5825498685259247,0.734459763162736,-2.0548233892279604,-1.4152873797575265,0.7390654531932169,-1.5757256498074979,0.0,0.0,0.0,0.0,0.0,1.0,0.0,0.0,Medium
0.7920474800521573,0.2661899371410225,-1.3449989462610792,0.14808618716906125,1.1569576495006877,0.1320602413700773,-1.0786356006781048,-0.6750567008432363,-0.14390930226109583,0.0,0.0,0.0,0.0,0.0,1.0,0.0,0.0,Medium
2.055929412761717,-0.6470965273857897,-1.027697173511696,1.2607979784109655,1.43101033253071,-1.1397444232330365,0.2481684698113795,-0.48084249943050483,0.719696090017221,0.0,0.0,0.0,0.0,0.0,1.0,0.0,0.0,Medium
0.7100659492818072,0.8771470892727523,-0.9195261146198607,0.8854253259438174,0.11213179544872663,0.2949132776912073,-0.5637564091448719,-0.5233268559895397,0.3151750457038474,0.0,0.0,0.0,0.0,0.0,1.0,0.0,0.0,Low
-2.9244485815370354,0.7448780150999031,-0.6382813615010892,1.408265806165917,-0.9098563350173988,-0.19364583127218382,-0.7881909285311532,1.6676521036978404,-0.5108004819871784,0.0,0.0,0.0,0.0,0.0,0.0,1.0,0.0,Medium
-2.1661194219112994,-1.5477859372294733,-1.013274365659451,0.5435680888755208,0.7972635030237825,0.10104061540414724,0.888466951589887,0.47202092625071046,-0.6048751434554046,0.0,0.0,0.0,0.0,0.0,0.0,1.0,0.0,Medium
-0.29420780265497837,-1.931996105064891,0.3208353606731832,-0.2205833822183173,2.053338300244719,1.5589630358028397,-1.0588325548499034,0.26566833724968264,0.24932278267609018,0.0,0.0,0.0,0.0,1.0,0.0,0.0,0.0,Medium
0.23867214735229533,-0.710081800801432,-0.6310699575749666,1.0798147352571617,0.4147316329610434,1.1867275242116835,0.036935980977232545,1.0728711118713496,0.9492382639996926,0.0,0.0,0.0,0.0,0.0,1.0,0.0,0.0,Low
0.38213982620040815,-1.8375181949414277,0.5732344980874655,-1.1322026810671069,0.8201012266096179,-0.10058695337439479,0.532012126682264,0.2353223682789433,-0.1777761803896572,0.0,0.0,0.0,0.0,1.0,0.0,0.0,0.0,Medium
1.167796162749594,1.8786129365814632,-0.804143651801903,-0.10663096986221843,0.3747656166858316,-1.325862179028614,-0.6825746841140797,1.7708283981983544,1.000038581192534,0.0,0.0,0.0,0.0,0.0,1.0,0.0,0.0,Medium
-0.21222627188462834,-0.5715141992870189,0.06843622325890096,-0.3613481268934981,-0.1562114566848372,1.8846691084450997,-0.8740041271200252,0.830103360105435,0.1270257227673951,1.0,0.0,0.0,0.0,0.0,0.0,0.0,0.0,Medium
0.5597664762028324,1.1605808196431424,0.010744991849922367,0.3491786795621766,-0.11053600951316656,0.9850999554331415,0.7960527377249474,-2.5747143584115184,0.29071563372210946,0.0,0.0,0.0,1.0,0.0,0.0,0.0,0.0,Medium
0.7852156858212942,0.06463706221096722,-1.2007708677386322,-0.31442654533510433,1.8991836660403318,-1.0079110128778361,-1.1842518450951784,-0.8996168712267076,-0.501393015840355,1.0,0.0,0.0,0.0,0.0,0.0,0.0,0.0,Medium
0.3479808550460957,-0.8423508749742807,-0.8762576910631265,-0.11333405294198903,-1.7605615385897604,-0.7907736311163285,0.300976592019916,0.06538494204280319,-1.35182795551312,0.0,1.0,0.0,0.0,0.0,0.0,0.0,0.0,Medium
0.43679418004730786,1.3243425305238117,-0.16954010630313637,0.21511701796676636,0.5117919582008423,-1.7446271295686644,1.5287654333683947,1.376330801578743,1.4252560510289172,0.0,0.0,0.0,0.0,0.0,0.0,0.0,1.0,Low
1.1131418089026943,0.6818927416842608,-0.7176068046884346,-0.4015666253721208,-0.39029812343964815,0.20185439979341935,0.7894517224488807,0.9393488484000964,0.8081262717973534,0.0,0.0,0.0,0.0,0.0,1.0,0.0,0.0,Low
0.7510567146669818,0.34807079258135726,-0.37145941623456197,-0.38145737613280944,0.2605769987566556,-0.4418028389996209,-0.39873102724319476,0.6844427090458858,0.23050785038244334,1.0,0.0,0.0,0.0,0.0,0.0,0.0,0.0,Low
0.27966291273747085,-1.6233682653282442,0.5227546706046098,0.034133774812962384,1.0427690315715115,0.2871583711997253,-0.015872141231303958,-0.23807474766459016,0.09127735140946958,0.0,0.0,0.0,0.0,1.0,0.0,0.0,0.0,Medium
0.6554115954349076,-0.88644056636523,0.9914959258025626,1.2473918122514245,-1.280969343287221,0.13981514786155924,0.195360347602843,-0.8389249332852289,-0.08558301215079518,0.0,1.0,0.0,0.0,0.0,0.0,0.0,0.0,Medium
1.482058697369268,-1.0879934412952854,0.3208353606731832,0.1614923533286015,1.6479687065961441,-0.41853811952517284,1.5023613722641258,0.4295365696916752,1.5193307124971434,0.0,0.0,0.0,0.0,1.0,0.0,0.0,0.0,Low
0.11569985119677079,-0.8045597109248953,-0.8257778635802698,-1.0584687671896311,0.934289844538794,0.6749036957738455,0.6310273558232703,1.0668019180772013,0.326464005080035,0.0,0.0,1.0,0.0,0.0,0.0,0.0,0.0,Medium
0.1908495877362587,0.08983117157722448,1.1862038318078651,-1.333295173460222,0.3119618768247847,-0.5969009688292685,-0.79479194380722,-0.32911265457680816,-0.44494821895941983,0.0,0.0,1.0,0.0,0.0,0.0,0.0,0.0,Medium
0.4572895627398951,0.36066784726448586,1.2583178710690888,1.468593553883851,-1.7491426767968428,0.31042309067417234,-1.4482924561378618,0.8483109414878783,0.4036052274839798,0.0,1.0,0.0,0.0,0.0,0.0,0.0,0.0,Medium
1.8509755858358425,-1.6233682653282442,2.0155152833119354,-0.2205833822183173,-0.5615810503334122,1.1091784592968597,1.667386754165803,-2.022417723144063,0.5259022873926749,0.0,0.0,0.0,1.0,0.0,0.0,0.0,0.0,Medium
1.5777038166013433,-0.6030068359948401,0.06122481933277902,-0.24069263145762865,0.9514181372281703,-0.9458717609459766,-0.7551858521508178,-1.5368822196122336,-0.5051560022990846,0.0,0.0,0.0,1.0,0.0,0.0,0.0,0.0,Medium
0.04055011465728383,1.9227026279724129,0.7607310001666472,-1.5813092474117307,-0.12195487130608433,0.37246234260603134,-1.9763736782232286,-2.05883288590895,-1.013159174227505,0.0,0.0,0.0,1.0,0.0,0.0,0.0,0.0,Medium
-0.62896571996724,1.6644630069682802,1.0419757532854181,-0.6562837824034005,-0.10482657861670808,-0.5348617168974095,0.2283654239831784,-0.13489845316407625,0.33775296445622255,0.0,0.0,0.0,0.0,0.0,0.0,1.0,0.0,Medium
1.5093858742927184,-0.036139375254059976,0.6165029216442002,1.515515135442245,-0.3674603998538126,0.32593290365713734,-0.2733117369979202,2.3838169714072888,2.0122819385906467,0.0,1.0,0.0,0.0,0.0,0.0,0.0,0.0,Low
0.11569985119677079,2.2187334130259315,-0.6815497850578228,-0.8238608593976633,-1.223875034322633,-1.5274897478071567,0.1557542559464399,-0.6325723442842015,-0.8005504393093148,0.0,1.0,0.0,0.0,0.0,0.0,0.0,0.0,Medium
-0.1917308891920411,0.7889677064908528,-0.37867082016068443,1.7300137939949014,-0.3160755217856835,0.6826586022653274,-0.3327208744825239,1.0607327242830538,1.0809427900552098,0.0,0.0,0.0,0.0,0.0,1.0,0.0,0.0,Low
1.721171495449455,0.2598914097994587,0.5660230941613436,-2.285132970787634,-1.2067467416332567,-0.8450579765567056,1.1195024862522351,-1.925310622437697,-1.0282111200624222,0.0,0.0,1.0,0.0,0.0,0.0,0.0,0.0,Medium
-1.1071913161276141,0.8519529799064951,1.207838043586233,-0.4082697084518914,0.3405090313070787,-0.14711639232328877,0.300976592019916,-0.14703684075237217,0.33398997799749425,0.0,0.0,0.0,0.0,0.0,0.0,1.0,0.0,Low
-0.9500600488177766,-1.5792785739372945,-1.0709655970684302,0.3491786795621766,0.35192789309999606,1.3340707475498497,0.26137050036351384,-1.2334225299048402,-0.9792922960989437,0.0,0.0,0.0,0.0,1.0,0.0,0.0,0.0,Medium
-0.2395534488080787,0.2787869918241512,-2.0156595113904574,-1.56790308125219,-0.14479259489191945,-0.3875184935592439,-1.2766660589601175,1.2124625691367503,-1.3480649690543904,0.0,0.0,0.0,0.0,0.0,1.0,0.0,0.0,Medium
0.846701833899057,-1.560382991912602,0.017956395776045332,0.29555401492401173,2.4187418776180825,-0.03079279495105272,-0.26671072172185306,0.4173981821033793,0.8720970415957477,0.0,0.0,0.0,0.0,1.0,0.0,0.0,0.0,Medium
1.256609487750806,0.4047575386554356,1.1140897925466418,0.07435227329158506,-1.2124561725297156,-1.0389306388437656,-0.550554378592738,-1.2759068864638752,-0.5314969075101881,0.0,1.0,0.0,0.0,0.0,0.0,0.0,0.0,Medium
-0.3830211276561905,-0.5337230352376339,0.24150991748583778,0.5033495903968981,-0.7899582861917643,0.6593938827908804,0.3735877600566545,1.103217080842089,0.3603308832085977,0.0,1.0,0.0,0.0,0.0,0.0,0.0,0.0,Medium
-0.29420780265497837,0.6189074682686186,1.4313915652960256,-0.2809111299362518,1.459557487013004,-1.2948425530626846,2.2614781290118406,-1.2455609174931357,1.0301424728623658,0.0,0.0,0.0,1.0,0.0,0.0,0.0,0.0,Medium
1.6733489358334175,-0.3762598516985284,-1.1863480598863874,-1.3064828411411398,-1.6235351970747491,-0.9924011998948711,0.14255222539430648,-0.38980459251828686,-1.4797694951099076,0.0,1.0,0.0,0.0,0.0,0.0,0.0,0.0,High
0.7715520973595701,-0.9809184764886933,-0.3065567808994609,0.060946107132043854,-0.24185292013171925,0.9773450489416596,1.2713258376017778,-0.06813732142844962,0.4431165853006363,0.0,0.0,0.0,0.0,1.0,0.0,0.0,0.0,Medium
-0.2258898603463535,-0.5841112539701475,-0.6094357457965993,-0.6629868654831711,-0.17904918027067235,-0.581391155846304,1.6607857388897362,0.28994511242627447,-0.2737323350872475,0.0,0.0,0.0,0.0,0.0,1.0,0.0,0.0,Medium
0.6690751838966328,0.4047575386554356,-0.7536638243190463,0.7513636643484072,-1.5550220263172436,-0.24793017671256087,-0.4119330577953291,-1.0270699409038129,-0.8607582226489796,0.0,1.0,0.0,0.0,0.0,0.0,0.0,0.0,Medium
1.7484986723729055,-1.0187096405380789,0.12612745466788058,-0.8573762747965158,-1.686338936935796,-1.2095385816563782,0.5914212641668681,0.36884463175019655,-0.7459871356577438,0.0,1.0,0.0,0.0,0.0,0.0,0.0,0.0,Medium
-0.9568918430486393,0.996819108762472,-0.42915064764354055,0.034133774812962384,0.32338073861770206,-0.2556850832040428,0.6376283710993379,-1.555089800994677,-0.40543686114276467,0.0,0.0,0.0,1.0,0.0,0.0,0.0,0.0,Medium
0.9628423358237195,0.12762233562660946,-0.3570366083823171,0.15478927024883138,0.6944937468875242,0.8765312645523875,-1.6067168227634718,0.7451346469873644,0.5861100707323383,1.0,0.0,0.0,0.0,0.0,0.0,0.0,0.0,Low
0.04738190888814593,0.41105606599699945,-1.1286568284774088,2.3399943542540176,-0.7271545463307174,-1.1397444232330365,0.31417862257205037,-0.4504965304597655,-0.08558301215079518,0.0,0.0,0.0,0.0,0.0,1.0,0.0,0.0,Medium
-0.8475831353548393,0.34807079258135726,-0.27771116519497163,1.4551873877243109,-1.9204256036906069,-0.03854770144253578,0.3207796378481171,-0.456565724253913,-0.6067566366847688,0.0,1.0,0.0,0.0,0.0,0.0,0.0,0.0,Medium
0.6827387723583569,0.21580171840850892,-2.1959446095435164,1.5490305508410973,0.09500350275934998,0.7136782282312575,-0.49774625638420106,-0.5658112125485749,0.0028471696293372005,0.0,0.0,0.0,0.0,0.0,1.0,0.0,0.0,Medium
-0.47183445265740265,0.3102796285319723,1.2799520828474567,-0.04630322214428394,-1.223875034322633,0.45001140752085533,0.31417862257205037,1.5341298402265873,0.6933551848061176,0.0,1.0,0.0,0.0,0.0,0.0,0.0,0.0,Low
-0.9978826084338143,-0.4833348165051199,1.2799520828474567,-1.0919841825884837,-1.395157961216397,0.8997959840268356,1.205315684841107,0.5145052828097457,-0.16272423455474133,0.0,1.0,0.0,0.0,0.0,0.0,0.0,0.0,Medium
-0.2532170372698029,-0.5085289258713767,0.6092915177180772,0.2218201010465365,2.00195342217659,-1.4189210569264032,0.26137050036351384,1.1760474063718627,0.9417122910822333,0.0,0.0,0.0,0.0,0.0,0.0,0.0,1.0,Low
0.42313059158558264,-0.8612464569989732,-0.292133973047216,-0.38145737613280944,0.16351667351685575,-0.720979472692987,-0.79479194380722,0.5630588331629285,-0.6218085825196845,1.0,0.0,0.0,0.0,0.0,0.0,0.0,0.0,Medium
1.4069089608297811,0.4677428120710778,-0.34982520445619514,-0.7970485270785813,0.0892940718628915,0.7369429477057045,0.06334004208150126,0.5812664145453719,0.7742593936687907,0.0,0.0,1.0,0.0,0.0,0.0,0.0,0.0,Low
-0.20539447765376626,1.1920734563509634,0.10449324288951271,0.38939717804079926,-1.1724901562545038,0.5508251919101275,-0.5043472716602683,0.4173981821033793,0.21169291808879917,0.0,1.0,0.0,0.0,0.0,0.0,0.0,0.0,Medium
-1.3189769372843514,-1.3147404255915975,-1.1358682324035312,-0.441785123850744,0.42615049475396033,-0.16262620530625377,-0.8608020965678908,-1.4094291499351284,-2.19661841549779,0.0,0.0,0.0,1.0,0.0,0.0,0.0,0.0,High
-0.6631246911215525,-0.9809184764886933,0.49390905490012005,-1.4472475858163205,-0.2704000746140133,1.0859137398224126,-0.1808975231329811,-1.2152149485223964,-1.2577532940448939,0.0,0.0,1.0,0.0,0.0,0.0,0.0,0.0,Medium
0.12936343965849595,0.6629971596595684,1.6982135105625527,1.3747503907670644,-0.9269846277067755,-0.744244192167434,-0.16769549258084676,-1.0392083284921083,0.25873024882291223,0.0,1.0,0.0,0.0,0.0,0.0,0.0,0.0,Medium
-1.9475020065236996,0.7511765424414678,1.6044652595229623,0.0274306917331913,-0.2247246274423426,-1.186273862181931,-0.17429650785691392,0.5630588331629285,-0.1533167684079179,0.0,0.0,0.0,0.0,0.0,0.0,1.0,0.0,Medium
1.4478997262149556,0.001651788795325004,-0.6310699575749666,-1.3198890073006808,2.4187418776180825,1.4271296254476387,0.13595121011823882,0.28994511242627447,1.4196115713408235,0.0,0.0,1.0,0.0,0.0,0.0,0.0,0.0,Low
0.32748547235350844,-0.8927390937067944,0.7607310001666472,0.7781759966674887,0.03219976289830348,-1.4266759634178856,0.30757760729598366,-2.1316632114387244,-0.8362988106672403,0.0,0.0,0.0,1.0,0.0,0.0,0.0,0.0,Medium
0.8330382454373318,1.2172675657172198,-0.03973483563293429,-0.36805120997326823,0.6887843159910657,-0.2711948961870079,-2.7288894196948763,0.945418042194244,0.19475947902451782,1.0,0.0,0.0,0.0,0.0,0.0,0.0,0.0,Medium
-1.400958468054701,-0.16210992208534442,-0.8546234792847597,1.3613442246075234,0.2491581369637378,1.1169333657883427,0.16895628649857428,-0.462634918048061,-0.021612242352400748,0.0,0.0,0.0,0.0,0.0,0.0,1.0,0.0,Medium
1.0174966896706192,-0.16840844942690875,-1.6839349307888298,0.0274306917331913,1.3853348853590397,-0.8295481635737405,0.5650172030625994,-0.22593636007629425,0.17970753318960195,0.0,0.0,0.0,0.0,0.0,1.0,0.0,0.0,Medium
0.9696741300545816,0.5118325034620276,1.7342705301931645,0.32236634724309415,0.4661165110291721,0.07002098943821829,-0.4713421952799328,-0.25021313525288563,1.1524395327710608,1.0,0.0,0.0,0.0,0.0,0.0,0.0,0.0,Low
0.28649470696833296,0.12132380828504559,-1.6334551033059732,-0.8238608593976633,-0.7271545463307174,-0.3177243351359018,0.023733950425098186,-0.13489845316407625,-1.1185227950719188,0.0,0.0,0.0,0.0,0.0,1.0,0.0,0.0,Medium
0.28649470696833296,-0.42664807043104197,-1.1070226166990418,-0.2809111299362518,-0.3503321071644364,-0.2246654572381128,-1.0852366159541722,-0.4262197552831737,-1.2840941992559973,1.0,0.0,0.0,0.0,0.0,0.0,0.0,0.0,Medium
0.5256075050485199,0.19690613638381643,1.7054249144886746,0.2888509318442416,0.5974334216477244,0.7989821996375635,1.1921136542889725,0.544851251780485,2.0367413505723873,0.0,0.0,0.0,0.0,1.0,0.0,0.0,0.0,Low
-1.1618456699745139,1.6959556436761012,0.1766072821507362,-2.332054552346028,0.16922610441331465,-1.2638229270967551,0.1491532406703732,1.2610161194899332,-0.29819174706898677,0.0,0.0,1.0,0.0,0.0,0.0,0.0,0.0,Medium
1.5093858742927184,0.02684589816158225,-0.061369047411301135,-1.9432757337193383,-1.3780296685270208,-0.3875184935592439,0.3537847142284525,-1.112038654021883,-1.1617971393473023,0.0,0.0,1.0,0.0,0.0,0.0,0.0,0.0,Medium
0.3616444435078209,-1.5414874098879094,-0.1839629141553813,0.7580667474281774,0.6088522834406421,0.5973546308590214,0.44619892809339207,1.12749385601868,0.78178536658625,0.0,0.0,0.0,0.0,1.0,0.0,0.0,0.0,Low
0.17718599927453355,0.7007883237089543,0.8184222315756258,1.2540948953311954,-0.13908316399546056,0.21736421277638326,0.6640324322036057,0.8968644918410611,1.6228128401121915,0.0,1.0,0.0,0.0,0.0,0.0,0.0,0.0,Low
0.32748547235350844,-0.38885690638165654,1.3809117378131688,-0.1535525514206122,-2.085999099687912,-0.5581264363718564,-0.30631681337825567,-0.559742018754427,-0.9905812554751313,0.0,1.0,0.0,0.0,0.0,0.0,0.0,0.0,Medium
0.47095315120162023,0.052040007527838605,0.06843622325890096,0.2888509318442416,-1.0697204001182454,-0.11609676635735981,-1.2172569214755138,-1.0877618788452916,-1.0263296268330568,0.0,1.0,0.0,0.0,0.0,0.0,0.0,0.0,Medium
-0.5674795718894778,-0.036139375254059976,-0.789720843949658,0.1681954364083726,0.3405090313070787,-1.0621953583182127,0.8422598446574172,0.8907952980469136,0.055528980051544066,0.0,0.0,0.0,0.0,0.0,1.0,0.0,0.0,Medium
-1.1208549045893388,-0.6596935820689184,-0.14790589452476954,-0.5423313700473016,0.22632041337790265,-0.3642537740847969,0.6706334474796734,0.28994511242627447,-0.5371413871982819,0.0,0.0,0.0,0.0,0.0,0.0,1.0,0.0,Medium
-0.014104239189615862,0.959027944713087,0.9193818865413391,0.5435680888755208,-0.07627942413441408,-1.1940287686734137,0.7960527377249474,-0.10455248419333692,0.6933551848061176,0.0,0.0,0.0,0.0,0.0,0.0,0.0,1.0,Low
-0.6836200738141398,-1.4281139177397533,-0.22001993378599305,0.7044420827900134,0.6545277306123124,-0.12385167284884177,1.581573555576931,0.7633422283698079,0.49767988895220594,0.0,0.0,0.0,0.0,1.0,0.0,0.0,0.0,Low
0.13619523388935806,-0.10542317601126651,0.6958283648315456,-0.8975947732751389,-0.5787093430227884,0.6749036957738455,-0.11488737037231025,0.9029336856352087,0.19475947902451782,0.0,0.0,1.0,0.0,0.0,0.0,0.0,0.0,Medium
1.0584874550557937,-1.7808314488673498,1.7198477223409194,-0.3412388776541863,0.32338073861770206,-0.6666951272526099,0.45940095864552644,-1.4276367313175717,-0.31700667936263227,0.0,0.0,0.0,0.0,1.0,0.0,0.0,0.0,Medium
0.38213982620040815,-2.127250452653382,0.5876573059397103,2.4003221019719523,1.4081726089448743,1.5279434098369098,1.1921136542889725,0.7390654531932169,2.1251715323525198,0.0,0.0,0.0,0.0,1.0,0.0,0.0,0.0,Low
-0.06875859303651653,-0.16210992208534442,1.359277526034802,-0.9110009394346796,1.0427690315715115,-1.069950264809695,-2.392237640615455,-1.209145754728249,-1.1768490851822195,1.0,0.0,0.0,0.0,0.0,0.0,0.0,0.0,Medium
0.8740290108225073,-0.6156038906779686,-0.14790589452476954,-0.6897991978022531,-1.0183355220501165,-0.4418028389996209,-1.1446457534387757,-0.1409676469582242,-1.2351753752925188,0.0,1.0,0.0,0.0,0.0,0.0,0.0,0.0,Medium
0.7032341550509452,0.20320466372538032,2.368874075691931,-0.9110009394346796,2.2074929344491068,-0.21691055074663082,-0.7353828063226162,-0.4201505614890262,1.1900693973583518,0.0,0.0,1.0,0.0,0.0,0.0,0.0,0.0,Medium
0.5051121223559327,0.4425487027048206,0.27756693711644953,0.5435680888755208,1.4424291943236276,0.2794034647082434,0.34058268367631905,1.3338464450197078,1.9370222094160674,0.0,0.0,0.0,0.0,0.0,1.0,0.0,0.0,Low
-0.007272444958753764,0.285085519165715,-1.9796024917598458,-0.012787806745431382,-0.24756235102817814,0.9540803294672116,0.45940095864552644,1.2792237008723766,0.30012309986893154,0.0,0.0,0.0,0.0,0.0,1.0,0.0,0.0,Medium
0.4982803281250706,-0.7478729648508174,-0.22001993378599305,2.4003221019719523,-0.1562114566848372,-0.5581264363718564,0.05013801152936691,2.0985648630823386,1.2596846468448373,0.0,0.0,0.0,0.0,1.0,0.0,0.0,0.0,Medium
0.9013561877459567,-0.854947929657409,-0.29934537697333846,-1.1992335118648119,0.29483358413540806,-0.41078321303369086,0.5122090808540629,1.0061099801357225,0.042358527445991015,0.0,0.0,1.0,0.0,0.0,0.0,0.0,0.0,Medium
0.19768138196712082,-0.6093053633364043,0.6958283648315456,0.3558817626419467,-1.1839090180474214,-0.736489285675952,-1.1842518450951784,-1.5186746382297898,-1.5286883190733849,0.0,0.0,0.0,1.0,0.0,0.0,0.0,0.0,Medium
0.6622433896657697,0.20320466372538032,0.4145836117127746,-1.500872250454485,-0.8242148715705168,1.6132473812432158,1.31093192925818,-0.9603088091681863,0.1571296144372268,0.0,0.0,1.0,0.0,0.0,0.0,0.0,0.0,Medium
-0.8817421065091517,-0.9179332030730512,-0.45078485942190794,-0.7635331116797287,0.5232108199937601,-0.14711639232328877,-1.382282303377191,0.36884463175019655,-1.2389383617512484,1.0,0.0,0.0,0.0,0.0,0.0,0.0,0.0,Medium
-0.62896571996724,-0.13061728537752332,-0.09021466311578992,1.7434199601544424,0.28341472234249065,-1.2172934881478605,-1.0324284937456352,0.6298199648985546,-0.059242106939691744,1.0,0.0,0.0,0.0,0.0,0.0,0.0,0.0,Medium
0.3138218838917833,-0.3510657423322711,0.9914959258025626,0.7781759966674887,-0.8527620260528108,1.0083646749075885,1.0930984251479663,-0.8935476774325596,0.5710581248974225,0.0,1.0,0.0,0.0,0.0,0.0,0.0,0.0,Low
-0.26688062573152804,-0.28178194157506503,1.0275529454331744,0.5368650057957507,1.8477987879722022,-0.5736362493548215,0.1491532406703732,-0.11669087178163282,0.9210158655592237,0.0,0.0,0.0,0.0,0.0,0.0,1.0,0.0,Low
-0.10291756419082895,-0.06133348462031722,0.7535195962405242,-1.0249533517907785,1.0085124461927581,-0.8295481635737405,0.2019613628789097,-0.17131361592896355,-0.0027973100587565833,0.0,0.0,1.0,0.0,0.0,0.0,0.0,0.0,Medium
1.9329571166061927,-0.12431875803595945,0.34968097637767304,-1.4271383365770092,0.009362039312467952,1.9622181733599238,-0.25350869116971914,-0.05599893384015415,0.719696090017221,0.0,0.0,1.0,0.0,0.0,0.0,0.0,0.0,Medium
0.5119439165867948,-0.9746199491471295,-0.09021466311578992,-1.6282308289701244,0.16351667351685575,0.7136782282312575,-1.1116406770584404,-1.5854357699654165,-1.515517866467833,0.0,0.0,0.0,1.0,0.0,0.0,0.0,0.0,Medium
0.450457768509033,-0.0991246486697022,-0.7464524203929244,0.37599101188125805,0.06074691738059749,-0.69771475321854,-0.39873102724319476,-0.35338942975339954,-0.4600001647943357,0.0,0.0,0.0,0.0,0.0,1.0,0.0,0.0,Medium
-1.6878938257509255,1.5195968781123033,-2.051716531021069,1.039596236778539,-0.2704000746140133,1.2332569631605785,0.7762496918967464,-0.29876668560606884,0.10444780401501996,0.0,0.0,0.0,0.0,0.0,1.0,0.0,0.0,Medium
-0.8202559584313895,1.4251189679888399,-0.5084760908308865,1.6361706308781139,1.5908743976315562,0.2871583711997253,-1.0522315395738366,-0.456565724253913,0.8495191228433726,1.0,0.0,0.0,0.0,0.0,0.0,0.0,0.0,Medium
-0.06875859303651653,-0.9242317304146155,0.3280467645993062,-0.5557375362068429,0.5745956980618897,1.6442670072091456,-1.1776508298191113,-1.3365988244053537,-0.6594384471069755,0.0,0.0,0.0,1.0,0.0,0.0,0.0,0.0,Medium
-0.26004883150066593,1.1479837649600138,1.2438950632168448,0.6307081689125372,-0.14479259489191945,0.32593290365713734,1.9314273652084863,1.4734379022851085,2.2644020313254933,0.0,0.0,0.0,0.0,0.0,0.0,1.0,0.0,Low
1.249777693519944,-0.3762598516985284,-0.32097958875170535,-0.964625604072844,-1.5835691807995376,-0.5658813428633389,-1.1842518450951784,1.29743128225482,-0.8965065940069051,0.0,1.0,0.0,0.0,0.0,0.0,0.0,0.0,Medium
0.18401779350539565,1.2235660930587846,-0.19838572200762516,0.14808618716906125,2.053338300244719,1.6520219137006278,-0.5043472716602683,0.18676881792576053,1.7469913932502494,1.0,0.0,0.0,0.0,0.0,0.0,0.0,0.0,Low
-1.2096682295905514,-1.0753963866121568,1.1501468121772536,0.8854253259438174,1.1512482186042283,-0.6899598467270575,-1.0786356006781048,1.139632243606976,0.19099649256578952,0.0,0.0,0.0,0.0,0.0,0.0,1.0,0.0,Medium
-0.8475831353548393,0.03314442550314612,-0.11184887489415779,2.091980280302509,0.29483358413540806,-0.061812420916982774,1.0732953793197653,0.4234673758975277,1.0677723374496566,0.0,0.0,0.0,0.0,0.0,0.0,1.0,0.0,Low
0.9833377185163067,0.8519529799064951,-0.27771116519497163,-0.535628286967531,-1.1896184489438804,0.11655042838711226,-0.4317361036235302,-0.019583771075266862,-0.23798396372932198,0.0,1.0,0.0,0.0,0.0,0.0,0.0,0.0,Medium
-0.62896571996724,-0.11172170335283083,-1.445958601226792,0.2620385995251592,1.316821714601534,-1.7989114750090407,-0.20070056896118219,-1.6764736768776345,-1.361235421659942,0.0,0.0,0.0,1.0,0.0,0.0,0.0,0.0,Medium
-1.9953245661397374,1.456611604696661,-0.42915064764354055,-0.47530053924959653,-0.7385734081236347,-0.5658813428633389,0.2481684698113795,-0.36552781734169504,-0.9792922960989437,0.0,0.0,0.0,0.0,0.0,0.0,1.0,0.0,Medium
0.3616444435078209,0.5811163042192337,-0.724818208614557,-0.8707824409560565,0.2434487060672789,-1.2638229270967551,-0.4845442258320672,-1.8585494907020703,-1.376287367494858,0.0,0.0,0.0,1.0,0.0,0.0,0.0,0.0,Medium
-2.0158199488323247,-0.7352759101676888,0.34968097637767304,-0.622768367004548,0.6830748850946063,-0.37200868057627884,-3.0391371376700294,-0.8146481581086376,-2.3038635295715677,1.0,0.0,0.0,0.0,0.0,0.0,0.0,0.0,High
0.6485798012040445,-0.13691581271908762,2.0227266872380585,-0.24739571453739925,-1.5378937336278673,-0.7675089116418815,0.6376283710993379,1.3702616077845946,0.6369103879251824,0.0,1.0,0.0,0.0,0.0,0.0,0.0,0.0,Medium
0.09520446850418353,-0.6407980000442255,-0.05415764348517817,0.6508174181518496,0.5117919582008423,0.6749036957738455,1.6937908152700718,-0.14703684075237217,0.9661717030639739,0.0,0.0,0.0,0.0,1.0,0.0,0.0,0.0,Low
0.4162987973547206,0.20320466372538032,0.6237143255703221,0.02072760865342117,0.4946636655114661,0.1087955218956303,2.2614781290118406,-0.5293960497836876,1.2672106197622965,0.0,0.0,0.0,1.0,0.0,0.0,0.0,0.0,Low
-1.4214538507472885,1.204670511034092,-0.3642480123084395,1.8104507909521477,-1.2980976359765977,-0.783018724624846,-0.9730193562610314,-0.03172215866356234,-0.6537939674188817,0.0,1.0,0.0,0.0,0.0,0.0,0.0,0.0,Medium
-1.4351174392090134,2.2187334130259315,-2.102196358503926,0.617302002752997,-0.45881129419715355,-0.4030283065422089,0.6838354780318068,-1.4943978630531984,-0.7817355070156693,0.0,0.0,0.0,0.0,0.0,1.0,0.0,0.0,Medium
-0.05509500457479136,0.3732649019476145,-1.301730522704345,0.04083685789273251,0.3005430150318669,-1.930744885364242,0.6376283710993379,-1.9799333665850278,-1.2916201721734553,0.0,0.0,0.0,1.0,0.0,0.0,0.0,0.0,Medium
-0.984219019972089,0.39845901131387085,-0.061369047411301135,1.9780278679464105,-1.3095164977695148,1.6054924747517338,0.5122090808540629,-1.4701210878766071,0.0442400206753565,0.0,0.0,0.0,1.0,0.0,0.0,0.0,0.0,Medium
2.131079149301204,0.37956342928917836,-0.3426138005300727,1.649576797037655,-0.3446226762679775,-0.9458717609459766,-0.3261198592064572,0.02290058548376838,0.8062447785679879,0.0,1.0,0.0,0.0,0.0,0.0,0.0,0.0,Medium
-0.2873760084241158,-0.16840844942690875,0.6814055569793007,-0.2742080468564812,-1.771980400382678,-0.30996942864441984,-0.6891756993901469,-0.820717351902785,-1.4233246982289711,0.0,1.0,0.0,0.0,0.0,0.0,0.0,0.0,Medium
0.22500855889057114,0.7259824330752106,-0.6094357457965993,-0.7702361947594989,0.7116220395769004,0.31042309067417234,-0.2271046300654509,0.48415931383900634,0.37350133581414807,0.0,0.0,1.0,0.0,0.0,0.0,0.0,0.0,Low
0.38213982620040815,-1.3462330622994185,-0.08300325918966797,1.515515135442245,0.46040708013271364,-0.7287343791844695,1.647583708337602,-0.16524442213481558,0.6256214285489948,0.0,0.0,0.0,0.0,1.0,0.0,0.0,0.0,Medium
-1.1140231103584768,1.0535058548365503,-2.123830570282293,1.4283750554052284,-1.1953278798403388,-0.6666951272526099,0.9874821807308933,-1.3305296306112062,-1.0395000794386084,0.0,0.0,0.0,0.0,0.0,1.0,0.0,0.0,Medium
-1.694725619981788,-1.528890355204781,2.368874075691931,0.7580667474281774,-0.8984374732244814,-0.938116854454494,0.34058268367631905,0.44774415107411863,-0.47505211062925157,0.0,0.0,0.0,0.0,0.0,0.0,1.0,0.0,Medium
-2.9107849930753105,-0.7289773828261245,1.07803277291603,-1.8628387367620924,-0.007766253376908292,0.14757005435304232,-2.029181800431765,0.8907952980469136,-1.9125129378637473,0.0,0.0,0.0,0.0,0.0,0.0,1.0,0.0,High
-2.241269158450787,-0.08652759398657402,-2.412286727327187,0.28214784876447146,0.6145617143371014,-1.6050388127219808,-0.1874985384090483,0.5873356083395203,-1.5644366904313103,0.0,0.0,0.0,0.0,0.0,1.0,0.0,0.0,Medium
-0.3351985680401529,-0.4392451251141706,1.640522279153574,-0.4685974561698259,0.9685464299175465,0.4655212205038204,0.6772344627557401,0.15035365516087368,0.9304233317060457,0.0,0.0,1.0,0.0,0.0,0.0,0.0,0.0,Low
0.17718599927453355,0.39845901131387085,-2.282481456656985,0.2352262672060777,-0.7499922699165525,0.4577663140123384,1.8060080749632115,-0.49905008081294827,-0.17213170070156342,0.0,0.0,0.0,0.0,0.0,1.0,0.0,0.0,Medium
0.47095315120162023,-0.45184217979729874,-0.5878015340182324,2.4003221019719523,0.22061098248144378,0.4189917815549264,-2.1017929684685033,0.16249204274916915,0.17594454673087365,1.0,0.0,0.0,0.0,0.0,0.0,0.0,0.0,Medium
0.47095315120162023,-0.7604700195339456,-0.6743383811317009,-0.019490889825201987,1.2425991129475695,-2.0238037632620305,-1.6265198685916729,-1.112038654021883,-1.4609545628162621,1.0,0.0,0.0,0.0,0.0,0.0,0.0,0.0,Medium
0.1908495877362587,-0.13061728537752332,-1.5973980836753614,-2.8750042818074397,-0.7956677170882228,0.31042309067417234,0.974280150178759,0.1928380117199085,-1.3254870503020166,0.0,0.0,1.0,0.0,0.0,0.0,0.0,0.0,Medium
-1.1550138757436512,-1.1194860780031064,-1.7199919504194416,0.12797693792974896,1.5794555358386384,-1.1940287686734137,-0.43833711889959737,1.115355468430384,-0.7666835611807534,0.0,0.0,0.0,0.0,0.0,1.0,0.0,0.0,Medium
-1.5854169122879882,-0.7541714921923817,0.3352581685254281,-0.2742080468564812,-1.4465428392845265,-0.30996942864441984,-0.39213001196712804,0.31422188760286623,-1.521162346155927,0.0,1.0,0.0,0.0,0.0,0.0,0.0,0.0,Medium
0.8876925992842315,-0.17470697676847305,1.1357240043250096,0.4765372580778157,-1.1839090180474214,-0.39527340005072586,-1.8113482963215515,0.13214607377842982,-0.4242517934364102,1.0,0.0,0.0,0.0,0.0,0.0,0.0,0.0,Medium
1.1473007800570068,-0.993515531171822,0.5804459020135885,1.1200332337357852,-0.6586413755732116,1.0238744878905535,-0.9466152951567632,0.9879023987532791,0.6914736915767521,1.0,0.0,0.0,0.0,0.0,0.0,0.0,0.0,Medium
1.1336371915952816,-0.5463200899207621,-0.5084760908308865,0.3692879288014879,-0.9555317821890694,0.49654084646975044,-1.4086863644814591,1.1517706311952718,-0.1495537819491896,1.0,0.0,0.0,0.0,0.0,0.0,0.0,0.0,Medium
0.5802618588954197,-0.5337230352376339,1.8352301851588768,0.48994342423735693,-2.234444302995841,-1.186273862181931,-0.4251350883474635,-0.037791352457710294,-0.6744903929418914,0.0,1.0,0.0,0.0,0.0,0.0,0.0,0.0,Medium
1.3454228127520182,-0.04243790259562474,0.1982414939291041,1.5088120523624746,0.2491581369637378,1.0316293943820356,-1.4482924561378618,-1.1423846229926222,0.49767988895220594,1.0,0.0,0.0,0.0,0.0,0.0,0.0,0.0,Medium
-0.007272444958753764,1.1794764016678347,-1.1070226166990418,-0.0865217206229071,0.6373994379229362,-0.015282981968088798,-0.6825746841140797,1.3277772512255595,0.5748211113561508,0.0,0.0,0.0,0.0,0.0,1.0,0.0,0.0,Medium
-0.8270877526622521,-0.10542317601126651,0.15497307037236938,1.166954815294178,-1.2752599123907624,0.36470743611454937,2.2614781290118406,-1.5126054444356423,-0.059242106939691744,0.0,0.0,0.0,1.0,0.0,0.0,0.0,0.0,Medium
1.0448238665940695,1.0157146907871655,-0.789720843949658,0.9323469075022102,-1.0126260911536575,-0.09283204688291283,-1.9895757087753627,-1.021000747109665,-0.7422241491990141,1.0,0.0,0.0,0.0,0.0,0.0,0.0,0.0,Medium
0.1908495877362587,-0.3006775235997575,-0.6743383811317009,-0.9780317702323847,0.07787521006997374,-1.3956563374519562,-0.2271046300654509,0.4356057634858236,-0.9134400330711865,0.0,0.0,1.0,0.0,0.0,0.0,0.0,0.0,Medium
-0.57431136612034,0.8015647611739815,0.08285903111114587,0.25533551644538904,-1.1896184489438804,-0.21691055074663082,-1.0588325548499034,-0.5779496001368704,-0.9378994450529244,0.0,1.0,0.0,0.0,0.0,0.0,0.0,0.0,Medium
0.18401779350539565,-0.9557243671224366,-0.8906804989153714,-2.4661162139414383,0.6259805761300183,-0.914852134980047,-1.857555403254021,1.4066767705494823,-1.58513311595432,0.0,0.0,1.0,0.0,0.0,0.0,0.0,0.0,High
1.3590864012137434,-1.3210389529331616,2.368874075691931,-0.6361745331640887,-1.2410033270120095,-1.4732054023667802,1.56177050974873,-0.44442733666561757,-0.049834640792869665,0.0,1.0,0.0,0.0,0.0,0.0,0.0,0.0,Medium
-0.05509500457479136,0.4803398667542065,1.35206612210868,0.9390499905819812,0.3462184622035376,-1.069950264809695,0.5914212641668681,-0.2926974918119209,0.8457561363846443,0.0,0.0,0.0,0.0,0.0,0.0,0.0,1.0,Low
0.08837267427332143,-0.8423508749742807,-0.5445331104614983,0.0944615225308964,-0.13908316399546056,-1.5119799348241922,-0.9532163104328304,-0.08634490281089349,-1.3179610773845587,1.0,0.0,0.0,0.0,0.0,0.0,0.0,0.0,Medium
-2.0636425084483623,-1.1509787147109276,0.5516002863090986,1.1200332337357852,-0.4816490177829887,-0.5348617168974095,0.617825325271136,0.2595991434555351,-0.6067566366847688,0.0,0.0,0.0,0.0,0.0,0.0,1.0,0.0,Medium
0.09520446850418353,0.7070868510505182,-0.27771116519497163,-0.4283789576912032,-1.2866787741836798,0.6671487892823635,-0.35252392031072544,-0.6082955691076097,-0.6330975418958721,0.0,1.0,0.0,0.0,0.0,0.0,0.0,0.0,Medium
-0.8475831353548393,-1.724144702793272,0.23429851355971584,1.9378093694677867,-1.7891086930720543,-0.7907736311163285,-0.1874985384090483,0.9696948173708357,-0.8475877700434279,0.0,1.0,0.0,0.0,0.0,0.0,0.0,0.0,Medium
-0.19856268342290317,-0.09282612132813833,-0.8185664596541479,1.4954058862029336,-0.43026413971485955,0.8455116385864585,-0.5571553938688052,-1.203076560934101,-0.42989627312450396,0.0,0.0,0.0,1.0,0.0,0.0,0.0,0.0,Medium
-0.3488621565018781,2.2187334130259315,-0.789720843949658,1.58254596623995,-0.6358036519873765,-0.13160657934032483,-0.8938071729482262,-1.391221568552685,-0.1533167684079179,0.0,0.0,0.0,1.0,0.0,0.0,0.0,0.0,Medium
-0.2532170372698029,0.6566986323180045,-0.10463747096803483,-0.3412388776541863,0.991384153503382,0.6981684152482924,-0.708978745218348,0.18676881792576053,0.4431165853006363,1.0,0.0,0.0,0.0,0.0,0.0,0.0,0.0,Low
1.4410679319840936,1.072401436861243,0.8184222315756258,-0.24069263145762865,-1.2638410505978446,-0.09283204688291283,-0.2865137675500546,1.4855762898734044,1.0038015676512624,0.0,1.0,0.0,0.0,0.0,0.0,0.0,0.0,Low
-0.7587698103536272,2.2187334130259315,1.1357240043250096,-0.0865217206229071,0.39760334027166633,0.9153057970097995,0.08314308790970233,0.19890720551405644,1.455359942698749,0.0,0.0,0.0,0.0,0.0,0.0,1.0,0.0,Low
2.1447427377629293,-1.1068890233199777,0.039590607554412176,-0.2138802991385467,-0.030603976962743418,0.7834723866545995,0.4792040044737275,0.830103360105435,0.9793421556695243,0.0,0.0,0.0,0.0,1.0,0.0,0.0,0.0,Low
0.293326501199196,-0.8612464569989732,0.06843622325890096,-1.112093431827795,1.7221913082501086,-0.9303619479630121,0.21516339343104407,-1.0877618788452916,-0.5051560022990846,0.0,0.0,0.0,1.0,0.0,0.0,0.0,0.0,Medium
-0.3556939507327406,0.8456544525649312,-0.292133973047216,-0.5490344531270722,0.03219976289830348,0.25613874523379526,-0.16109447730478005,0.16856123654331712,0.004728662858702686,0.0,0.0,1.0,0.0,0.0,0.0,0.0,0.0,Medium
-1.6332394719040253,-0.11172170335283083,-0.58059013009211,-1.1791242626255,-1.1496524326686686,-0.20915564425514885,-2.075388907364235,-0.10455248419333692,-2.5239982374072176,1.0,0.0,0.0,0.0,0.0,0.0,0.0,0.0,High
1.2224505165964936,0.04574148018627474,2.3111828442829525,1.9244032033082465,2.09901374741639,1.3883550929902266,1.2713258376017778,0.4598825386624146,3.7846485606520277,0.0,0.0,0.0,0.0,1.0,0.0,0.0,0.0,Low
-1.052536962280714,1.2487602024250408,0.6814055569793007,-1.2796705088220577,-0.3103660908892246,0.062266082946735225,-1.0126254479174341,0.2353223682789433,-0.501393015840355,0.0,0.0,1.0,0.0,0.0,0.0,0.0,0.0,Medium
-0.9500600488177766,-0.42664807043104197,1.085244176842153,1.0261900706189977,2.4187418776180825,-1.403411243943438,1.1855126390129058,-1.640058514112747,0.5861100707323383,0.0,0.0,0.0,1.0,0.0,0.0,0.0,0.0,Medium
1.2976002531359807,0.6315045229517473,-0.789720843949658,-0.7970485270785813,-0.45881129419715355,0.8144920126205285,1.0006842112830276,1.8011743671690936,1.2578031536154746,0.0,0.0,0.0,0.0,0.0,1.0,0.0,0.0,Low
0.42996238581644575,2.06756875682839,1.5395626241878608,0.26874168260493025,-0.37316983075027155,-1.5740191867560511,0.8092547682770818,1.6008909719622133,1.7940287239843626,0.0,0.0,0.0,0.0,0.0,0.0,0.0,1.0,Low
-0.30787139111670303,2.2187334130259315,-0.9051033067676157,0.1145707717702087,-0.8755997496386463,0.9618352359586946,0.7960527377249474,0.19890720551405644,0.7592074478338748,0.0,1.0,0.0,0.0,0.0,0.0,0.0,0.0,Medium
-1.81086612190645,-0.17470697676847305,0.42900641956501845,0.38269409496102913,-1.6406634897641257,-0.12385167284884177,0.06334004208150126,0.6662351276634424,-0.8475877700434279,0.0,1.0,0.0,0.0,0.0,0.0,0.0,0.0,Medium
-0.854414929585702,-0.5022303985298128,-0.8402006714325148,-1.5611999981724194,0.009362039312467952,0.24062893225083137,-1.771742204665149,-0.5415344373719835,-2.0667953826716383,1.0,0.0,0.0,0.0,0.0,0.0,0.0,0.0,High
-0.7519380161227647,-1.6044726833035519,0.10449324288951271,-1.4271383365770092,-0.6415130828838354,-0.5581264363718564,-1.9367675865668261,-0.5233268559895397,-2.6500582837746407,1.0,0.0,0.0,0.0,0.0,0.0,0.0,0.0,High
0.6827387723583569,1.6392688976020229,-0.14790589452476954,1.0328931536987678,-0.8984374732244814,-0.720979472692987,1.2119167001171738,-1.9860025603791758,0.2342708368411743,0.0,0.0,0.0,1.0,0.0,0.0,0.0,0.0,Medium
0.8057110685138824,0.4866383940957703,-1.171925252034143,-1.293076674981599,0.10071293365580886,0.4189917815549264,-1.79154525049335,0.2474607558672392,-0.7497501221164721,1.0,0.0,0.0,0.0,0.0,0.0,0.0,0.0,Medium
-0.7724333988153524,0.41735459333856423,-0.9627945381765949,0.28214784876447146,0.38618447847874937,-0.5969009688292685,0.6772344627557401,-1.014931553315517,-0.4995115226109908,0.0,0.0,0.0,1.0,0.0,0.0,0.0,0.0,Medium
-0.5059934238117151,0.6944897963673895,-0.49405328297864215,-0.7233146132011056,1.9163119587297082,0.1087955218956303,0.20856237815497736,-1.0816926850511437,0.14772214829040475,0.0,0.0,0.0,1.0,0.0,0.0,0.0,0.0,Medium
-0.7177790449684522,1.1920734563509634,0.7895766158711359,0.43631875959919303,-0.17904918027067235,-1.4887152153497447,-0.7551858521508178,-1.2516301112872836,-0.6707274064831618,0.0,0.0,0.0,1.0,0.0,0.0,0.0,0.0,Medium
0.8125428627447445,-0.5904097813117118,1.5611968359662276,-0.8573762747965158,-0.2875283673033895,0.6749036957738455,-0.5307513327645365,0.24139156207309168,0.25873024882291223,0.0,0.0,1.0,0.0,0.0,0.0,0.0,0.0,Medium
-0.20539447765376626,0.07723411689409586,1.6837907027103078,0.0006183594141098294,0.26628642965311405,-1.0621953583182127,0.08974410318576904,0.660165933869294,0.58234708427361,0.0,0.0,0.0,0.0,0.0,0.0,0.0,1.0,Low
0.5529346819719703,0.1024282262603531,0.5155432666784868,1.1870640645334904,1.2939839910156983,0.15532496084452427,1.6211796472333333,0.5145052828097457,2.1703273698572674,0.0,0.0,0.0,0.0,1.0,0.0,0.0,0.0,Low
-0.2737124199623911,1.0912970188859354,-0.789720843949658,0.2218201010465365,-0.7214451154342585,-0.37200868057627884,0.3339816684002514,0.30208350001457035,-0.04042717464604758,0.0,1.0,0.0,0.0,0.0,0.0,0.0,0.0,Medium
-0.41034830457964033,1.4440145500135324,-1.381055965891691,-0.07981863754313649,0.5060825273043839,-1.1707640491989662,-0.10828635509624354,0.11393849239598638,-0.22105052466504063,0.0,0.0,0.0,0.0,0.0,1.0,0.0,0.0,Medium
0.19768138196712082,0.39845901131387085,1.9938810715335686,0.0006183594141098294,-1.5436031645243258,-0.5426166233888919,0.13595121011823882,-0.2623515228411815,0.014136129005524767,0.0,1.0,0.0,0.0,0.0,0.0,0.0,0.0,Medium
-0.8749103122782896,0.2724884644825864,0.9121704826152162,-1.1322026810671069,-1.3780296685270208,-0.7907736311163285,-1.5209036241745995,0.8543801352820259,-1.3179610773845587,0.0,1.0,0.0,0.0,0.0,0.0,0.0,0.0,Medium
-1.5854169122879882,-1.5981741559619875,-0.9700059421027168,0.7647698305079474,-1.5321843027314084,1.6132473812432158,1.7333969069264739,0.7026502904283293,-0.4430667257300557,0.0,1.0,0.0,0.0,0.0,0.0,0.0,0.0,Medium
-0.9500600488177766,0.14021939030973807,2.1164749382776487,-0.26080188069694044,-0.8527620260528108,1.0859137398224126,-0.9004081882242934,0.38098301933849243,0.12890721599676058,0.0,1.0,0.0,0.0,0.0,0.0,0.0,0.0,Medium
-0.1370765353451414,-0.31327457828288613,-2.801702539337794,1.0865178183369326,-1.0525921074288689,0.25613874523379526,0.195360347602843,0.47809012004485796,-0.7986689460799493,0.0,0.0,0.0,0.0,0.0,1.0,0.0,0.0,Medium
0.6349162127423204,1.5447909874785595,-1.4315357933745476,0.02072760865342117,0.46040708013271364,0.4577663140123384,0.7366436002403443,1.3095696698431158,1.4346635171757394,0.0,0.0,0.0,0.0,0.0,1.0,0.0,0.0,Low
1.400077166598918,0.07093558955253199,0.4794862470478751,-0.23398954837785804,-0.8299243024669757,0.9618352359586946,1.0336892876633632,0.46595173245656296,1.0809427900552098,0.0,1.0,0.0,0.0,0.0,0.0,0.0,0.0,Low
0.4982803281250706,1.1038940735690639,-0.3858822240868069,-1.5209814996937963,0.8029729339202417,0.7136782282312575,0.5650172030625994,0.30208350001457035,0.7893113395037066,0.0,0.0,1.0,0.0,0.0,0.0,0.0,0.0,Low
0.48461673966334545,-0.5715141992870189,0.08285903111114587,-0.4954097884889083,0.1863543971026909,0.3569525296230674,0.21516339343104407,0.12607687998428185,0.11761825662057301,0.0,0.0,0.0,0.0,1.0,0.0,0.0,0.0,Medium
2.178901708917242,0.014248843478453628,0.017956395776045332,-1.7019647428476001,-0.6986073918484234,-1.7911565685175583,-1.8311513421497527,-1.0634851036686996,-1.731889587844753,1.0,0.0,0.0,0.0,0.0,0.0,0.0,0.0,High
0.19768138196712082,-1.2202625154681341,-0.4579962633480304,-0.8841886071155978,-0.1619208875812961,-0.8450579765567056,-0.4317361036235302,-1.7068196458483738,-1.985891173808964,0.0,0.0,0.0,1.0,0.0,0.0,0.0,0.0,High
-0.027767827651341028,1.488104241404482,-0.11184887489415779,1.2406887291716542,-0.3103660908892246,-1.5972839062304982,-0.4251350883474635,0.8665185228703218,0.5164948212458528,0.0,0.0,0.0,0.0,0.0,0.0,0.0,1.0,Medium
2.178901708917242,0.15911497233443056,0.8184222315756258,-1.226045844183894,-1.4408334083880676,0.8920410775353524,-0.854201081291824,-0.39587378631243436,-0.13450183611427374,0.0,1.0,0.0,0.0,0.0,0.0,0.0,0.0,Medium
-0.6972836622758649,0.02684589816158225,1.1068783886205198,-1.4271383365770092,1.4995235032882157,-0.4418028389996209,0.7894517224488807,-1.385152374758537,-0.14202780903173035,0.0,0.0,0.0,1.0,0.0,0.0,0.0,0.0,Medium
1.2156187223656316,-0.31327457828288613,0.4578520352695083,-1.1925304287850413,-1.2467127579084685,-1.1009698907756247,0.4329968975412577,-1.882826265878662,-1.3894578201004097,0.0,0.0,0.0,1.0,0.0,0.0,0.0,0.0,Medium
0.06787729158073319,-0.16840844942690875,-1.3522103501872016,0.13468002100952003,-0.3960075543361066,-1.4576955893838153,0.36698674478058685,0.362775437956049,-0.7666835611807534,0.0,0.0,0.0,0.0,0.0,1.0,0.0,0.0,Medium
0.7237295377435324,-0.40145396106478515,-0.789720843949658,-0.3412388776541863,-0.9555317821890694,-0.5193519039144444,0.5254111114061973,-0.21379797248799834,-0.7252907101347341,0.0,1.0,0.0,0.0,0.0,0.0,0.0,0.0,Medium
0.8262064512064697,-1.8753093589908132,-0.8546234792847597,-2.546553210898684,0.991384153503382,1.0161195813990715,1.2779268528778445,-1.0574159098745521,-0.8250098512910528,0.0,0.0,1.0,0.0,0.0,0.0,0.0,0.0,Medium
0.5392710935102452,0.2787869918241512,-1.5180726404880156,0.5770835042743734,0.09500350275934998,-0.7132245662015044,-0.6891756993901469,-0.8935476774325596,-0.7723280408688472,0.0,0.0,0.0,0.0,0.0,1.0,0.0,0.0,Medium
-0.5879749545820651,0.001651788795325004,-2.75843411578106,0.25533551644538904,0.06074691738059749,1.5667179422943218,-1.487898547794264,-0.6993334760198278,-1.312316597696465,0.0,0.0,0.0,0.0,0.0,1.0,0.0,0.0,Medium
-0.00044065072789166643,-0.3447672149907072,2.065995110794792,-1.1053903487480243,-0.48735844867944755,-0.938116854454494,-0.4845442258320672,-0.08027570901674554,-0.5314969075101881,0.0,0.0,1.0,0.0,0.0,0.0,0.0,0.0,Medium
0.23867214735229533,0.782669179149289,-0.32097958875170535,-1.9969003983575027,0.4661165110291721,0.8997959840268356,1.8720182277238824,0.18676881792576053,0.7742593936687907,0.0,0.0,1.0,0.0,0.0,0.0,0.0,0.0,Low
-0.4035165103487778,-0.5211259805545053,0.5588116902352216,-1.8226202382834693,0.20348268979206754,0.5508251919101275,0.5188100961301296,-0.6932642822256802,-0.6236900757490487,0.0,0.0,1.0,0.0,0.0,0.0,0.0,0.0,Medium
-0.5948067488129276,-2.0768622339208687,0.7318853844621573,-0.5490344531270722,0.5460485435795956,-1.0466855453352482,0.8818659363138194,0.02290058548376838,-0.702712791382359,0.0,0.0,0.0,0.0,1.0,0.0,0.0,0.0,Medium
-0.3283667738092908,-1.2643522068590833,1.3015862946258234,-0.9378132717537616,-0.45881129419715355,1.3961099994817086,-0.9268122493285617,0.36884463175019655,-0.4430667257300557,0.0,0.0,0.0,0.0,1.0,0.0,0.0,0.0,Medium
0.0063911435029714025,-0.2943789962581932,0.5299660745307317,-0.9579225209930734,1.630840413906768,-0.744244192167434,-0.9004081882242934,-0.5415344373719835,-0.35463654394992195,1.0,0.0,0.0,0.0,0.0,0.0,0.0,0.0,Medium
-2.049978919986637,-1.9256975777233267,0.8544792512062376,-1.1523119303064182,0.152097811723938,-0.682204940235575,0.5980222794429348,0.271737531043831,-1.376287367494858,0.0,0.0,0.0,0.0,0.0,0.0,1.0,0.0,Medium
0.9081879819768197,0.7448780150999031,-0.08300325918966797,-0.8037516101583514,-0.7157356845377997,0.6749036957738455,0.8422598446574172,0.5934048021336678,0.7215775832465838,0.0,1.0,0.0,0.0,0.0,0.0,0.0,0.0,Low
1.9397889108370547,-0.13691581271908762,0.10449324288951271,-0.5088159546484491,-0.8185054406740583,0.2871583711997253,0.9610781196266246,-1.967794978996732,-0.19847260591266683,0.0,0.0,0.0,1.0,0.0,0.0,0.0,0.0,Medium
-0.4786662468882652,0.1339208629681742,1.4674485849266372,0.29555401492401173,-0.8242148715705168,1.2565216826350256,-0.1280894009244446,-0.5111884684012442,0.2662562217403715,0.0,1.0,0.0,0.0,0.0,0.0,0.0,0.0,Medium
0.28649470696833296,-0.6093053633364043,-0.4075164358651737,-0.30772346225533376,-1.1896184489438804,-0.5581264363718564,0.8818659363138194,-2.338015800439752,-1.6208814873122468,0.0,0.0,0.0,1.0,0.0,0.0,0.0,0.0,Medium
-0.027767827651341028,0.16541349967599533,0.9338046943935829,-1.3735136719388448,-0.08198885503087255,0.9385705164842476,-0.16109447730478005,-1.4458443127000156,-0.4919855496935329,0.0,0.0,0.0,1.0,0.0,0.0,0.0,0.0,Medium
-0.7997605757388022,-0.12431875803595945,-0.1623287023770134,-0.3345357945744157,-0.06486056234149631,-0.14711639232328877,-0.9928224020892326,1.1578398249894193,-0.46752613771179363,1.0,0.0,0.0,0.0,0.0,0.0,0.0,0.0,Medium
-1.0115461968955395,-0.40145396106478515,-0.7752980360974137,0.3961002611205694,-0.37316983075027155,0.14757005435304232,0.3273806531241847,1.9346966306403461,0.14584065506104193,0.0,0.0,0.0,0.0,0.0,0.0,1.0,0.0,Medium
0.4982803281250706,0.17801055435912305,1.215049447512355,0.6374112519923083,-1.5949880425924552,0.21736421277638326,-0.20070056896118219,-1.1666613981692135,-0.2567988960229675,0.0,1.0,0.0,0.0,0.0,0.0,0.0,0.0,Medium
0.19768138196712082,0.889744143955881,-1.092599808846797,-0.6696899485629412,0.46040708013271364,0.023491550489323214,-0.7353828063226162,1.0303867553123145,0.14395916183167645,0.0,0.0,0.0,0.0,0.0,1.0,0.0,0.0,Medium
0.2591675300448836,0.8834456166143162,0.5588116902352216,-1.5880123304915013,-0.6015470666086236,0.00022683101487622702,-0.1808975231329811,0.6298199648985546,-0.02349373558176623,0.0,0.0,1.0,0.0,0.0,0.0,0.0,0.0,Medium
-0.7041154565067276,0.014248843478453628,-0.19117431808150323,-1.085281099508713,-0.2589812128210955,-1.1164797037585896,2.2614781290118406,-0.39587378631243436,-0.4731706173998874,0.0,0.0,1.0,0.0,0.0,0.0,0.0,0.0,Medium
-1.4351174392090134,1.0786999642028077,-0.94837173032435,1.0865178183369326,0.7002031777839834,0.43450159453789144,0.4924060350258619,-0.06813732142844962,0.5503616993744128,0.0,0.0,0.0,0.0,0.0,0.0,1.0,0.0,Low
2.178901708917242,-0.5022303985298128,0.16939587822461427,-0.7903454439988107,-0.4416830015077773,1.1712177112287196,-1.091837631230239,-1.482259475464903,-0.44871120541814813,0.0,0.0,0.0,1.0,0.0,0.0,0.0,0.0,Medium
1.81681661468153,0.2535928824578939,0.508331862752365,1.2809072276502769,-0.5844187739192473,-0.4262930260166559,0.1755573017746419,0.4113289883092318,1.1881879041289862,0.0,1.0,0.0,0.0,0.0,0.0,0.0,0.0,Low
-2.2139419815273365,-0.4392451251141706,-0.9411603263982276,-0.32112962841487497,-1.2067467416332567,-0.5969009688292685,-0.867403111843958,-1.2576993050814316,-2.819392674417448,0.0,0.0,0.0,0.0,0.0,0.0,1.0,0.0,High
1.1404689858261436,-0.5463200899207621,0.24150991748583778,-0.9847348533121554,1.5623272431492623,-2.5666472176657984,0.036935980977232545,0.5387820579863366,0.008491649317430985,0.0,0.0,0.0,0.0,0.0,0.0,0.0,1.0,Medium
-0.2873760084241158,-1.7430402848179645,0.21987570570747092,0.0274306917331913,0.6088522834406421,1.8846691084450997,1.4165481736752539,0.362775437956049,0.7987188056505313,0.0,0.0,0.0,0.0,1.0,0.0,0.0,0.0,Medium
0.5870936531262827,2.06756875682839,0.34968097637767304,-0.1468494683408416,0.2491581369637378,1.6132473812432158,1.3835430972949185,0.5387820579863366,2.3302542943532534,0.0,0.0,1.0,0.0,0.0,0.0,0.0,0.0,Low
-0.06875859303651653,-0.21249814081785848,-2.823336751116161,-0.3479419607339569,0.734459763162736,0.2871583711997253,-0.8740041271200252,0.08359252342524705,-1.0357370929798801,0.0,0.0,0.0,0.0,0.0,1.0,0.0,0.0,Medium
-0.027767827651341028,-0.28808046891662886,0.16218447429849234,0.8452068274651937,1.0142218770892175,0.49654084646975044,-1.9037625101864908,-1.561158994788825,-0.4825780835467095,1.0,0.0,0.0,0.0,0.0,0.0,0.0,0.0,Medium
-0.1302447411142783,0.23469730043320142,-0.8474120753586372,1.099923984496473,0.6431088688193954,0.2871583711997253,-0.4647411800038656,-1.6886120644659304,-0.3151251861332668,0.0,0.0,0.0,1.0,0.0,0.0,0.0,0.0,Medium
0.5051121223559327,0.568519249536105,0.22708710963359288,0.18830468564768393,1.2083425275688162,-1.0621953583182127,-0.10828635509624354,1.29743128225482,1.165609985376611,0.0,0.0,0.0,0.0,0.0,0.0,0.0,1.0,Low
0.04738190888814593,0.03314442550314612,-0.6743383811317009,-0.414972791531662,-0.09340771682379032,-1.2560680206052726,-1.1314437228866414,0.5509204455746326,-0.9454254179703824,1.0,0.0,0.0,0.0,0.0,0.0,0.0,0.0,Medium
0.10886805696590869,-2.385490073657515,-0.32819099267782775,-0.6361745331640887,2.4187418776180825,1.1634628047372366,-0.4251350883474635,0.05931574824865567,0.03671404775789723,0.0,0.0,0.0,0.0,1.0,0.0,0.0,0.0,Medium
1.1882915454421814,0.001651788795325004,-1.5685524679708722,-0.3412388776541863,0.5631768362689719,-0.02303788845957076,-0.17429650785691392,-0.49298088701880033,-0.24927292310550955,0.0,0.0,0.0,0.0,0.0,1.0,0.0,0.0,Medium
-1.1208549045893388,-1.1509787147109276,-2.455555150883921,0.9122376582628988,-0.9954977984642809,0.1087955218956303,2.0304425943494926,0.19890720551405644,-0.8739286752545313,0.0,0.0,0.0,0.0,0.0,1.0,0.0,0.0,Medium
0.6280844185114572,-1.2958448435669045,-0.2849225691210936,-0.06641247138359528,-1.6920483678322549,1.977727986342889,-0.029074171783438317,-1.2455609174931357,-0.97364781641085,0.0,1.0,0.0,0.0,0.0,0.0,0.0,0.0,Medium
0.33431726658437055,1.072401436861243,0.3641037842299179,0.7915821628270299,-0.2532717819246366,-0.47282246496554986,0.6772344627557401,0.28994511242627447,1.018853513486181,0.0,1.0,0.0,0.0,0.0,0.0,0.0,0.0,Low
1.8509755858358425,-1.0187096405380789,-1.6334551033059732,1.58254596623995,-1.657791782453502,0.4189917815549264,-0.9004081882242934,-1.6704044830834865,-1.2445828414393423,0.0,1.0,0.0,0.0,0.0,0.0,0.0,0.0,High
1.3454228127520182,1.563686569503252,1.092455580768275,0.3961002611205694,0.7687163485414884,-0.4340479325081379,0.4131938517130566,1.0668019180772013,2.2869799500778685,0.0,0.0,0.0,0.0,0.0,0.0,0.0,1.0,Low
-0.2327216545772156,0.4551457573879492,0.6165029216442002,0.2620385995251592,-0.47023015599007134,-1.0079110128778361,-0.8740041271200252,-0.025652964869414815,-0.4374222460419619,1.0,0.0,0.0,0.0,0.0,0.0,0.0,0.0,Medium
0.1703542050436705,0.14021939030973807,-0.061369047411301135,-0.8975947732751389,-0.042022838755661186,0.7446978541971875,0.3999918211609223,0.1564228489550212,0.18723350610706121,0.0,0.0,1.0,0.0,0.0,0.0,0.0,0.0,Medium
-1.5717533238262629,-0.5904097813117118,-0.6599155732794559,1.1535486491346378,1.4195914707377921,0.3491976231315843,-0.9334132646046288,1.285292894666525,0.2850711540340157,0.0,0.0,0.0,0.0,0.0,0.0,1.0,0.0,Medium
1.3590864012137434,-0.6093053633364043,-0.94837173032435,0.6642235843113898,-0.8755997496386463,-1.6825878776368048,-0.6033625008012745,0.10180010480769049,-0.8814546481719893,0.0,1.0,0.0,0.0,0.0,0.0,0.0,0.0,Medium
-0.26004883150066593,-1.3399345349578542,-0.19838572200762516,0.6575205012316196,-0.4473924324042362,0.7757174801631165,0.5650172030625994,0.6662351276634424,0.08751436495074127,0.0,0.0,0.0,0.0,1.0,0.0,0.0,0.0,Medium
-0.7246108391993148,1.1101926009106287,-0.7031839968361902,0.5770835042743734,0.4718259419256314,-0.30996942864441984,0.1029461337379034,-1.8646186844962183,-0.446829712188784,0.0,0.0,0.0,1.0,0.0,0.0,0.0,0.0,Medium
0.6212526242805951,-1.9634887417727123,0.35689238030379494,1.6696860462769663,-0.5387433267475767,0.7679625736716345,2.2614781290118406,1.5462682278148832,1.5983534281304537,0.0,0.0,0.0,0.0,1.0,0.0,0.0,0.0,Low
0.11569985119677079,2.1809422489765464,-0.724818208614557,-0.2004741329790055,0.015071470208926834,-0.0773222338999478,-0.3261198592064572,0.4598825386624146,0.5917545504204321,0.0,0.0,0.0,0.0,0.0,1.0,0.0,0.0,Medium
0.07470908581159626,-0.36996132435696405,-1.1070226166990418,-0.18036488373969414,-2.342923490028558,-0.27894980267848984,0.5584161877865327,-0.7418178325788629,-1.675444790963818,0.0,1.0,0.0,0.0,0.0,0.0,0.0,0.0,Medium
-0.44450727573395277,-1.4344124450813176,0.20545289785522602,0.1145707717702087,0.5060825273043839,-0.23242036372959585,0.16235527122250756,-1.549020607200529,-0.9868182690164017,0.0,0.0,0.0,1.0,0.0,0.0,0.0,0.0,Medium
-1.2369954065140012,0.5748177768776698,-0.8546234792847597,0.8116914120663412,1.2996934219121576,0.7912272931460815,-0.4449381341756646,0.556989639368781,0.6275029217783576,0.0,0.0,0.0,0.0,0.0,0.0,1.0,0.0,Low
-1.1618456699745139,-0.3447672149907072,-1.8353744132373988,0.08105535637135615,1.4024631780484158,0.0467562699637713,0.43959791281732535,-0.32911265457680816,-0.4788150970879812,0.0,0.0,0.0,0.0,0.0,1.0,0.0,0.0,Medium
0.9081879819768197,0.6504001049764397,1.1789924278817432,0.25533551644538904,1.019931307985676,0.8532665450779405,-0.2865137675500546,1.3338464450197078,2.123290039123154,1.0,0.0,0.0,0.0,0.0,0.0,0.0,0.0,Low
-0.8339195468931146,1.1416852376184499,-0.9195261146198607,0.05424302405227372,0.015071470208926834,-0.27894980267848984,1.4033461431231196,-0.007445383486970956,0.2775451811165564,0.0,0.0,0.0,0.0,0.0,1.0,0.0,0.0,Medium
1.4274043435223682,-1.0502022772458999,-0.6527041693533335,-0.5892529516056954,0.3290901695141609,-1.4576955893838153,-2.5176569308607295,0.9696948173708357,-1.1486266867417518,1.0,0.0,0.0,0.0,0.0,0.0,0.0,0.0,Medium
0.5187757108176578,2.1242555029024683,0.8833248669107273,0.6240050858327671,0.8029729339202417,1.7450807915984168,-0.7617868674268845,-0.48084249943050483,1.8805774125351322,1.0,0.0,0.0,0.0,0.0,0.0,0.0,0.0,Low
0.6212526242805951,-1.0439037499043355,-0.09742606704191288,0.5435680888755208,0.23773927517082002,0.062266082946735225,-0.39873102724319476,-2.6778906529120325,-1.0808929304846278,0.0,0.0,0.0,1.0,0.0,0.0,0.0,0.0,Medium
-0.5401523949660275,-1.0627993319290285,1.5684082398923507,0.12797693792974896,1.248308543844028,0.4732761269953034,-0.6429685924576771,1.4188151581377775,0.9511197572290554,0.0,0.0,0.0,0.0,1.0,0.0,0.0,0.0,Low
0.48461673966334545,-1.2391580974928267,-1.3449989462610792,0.2754447656847004,0.20348268979206754,-0.5193519039144444,-0.20730158423724937,1.3035004760489683,-0.27937681477534126,0.0,0.0,0.0,0.0,0.0,1.0,0.0,0.0,Medium
0.2591675300448836,0.07723411689409586,0.9049590786890942,1.528921301601786,-1.0297543838430336,-0.976891386911906,-1.4152873797575265,-2.070971273497246,-1.0771299440258995,0.0,0.0,0.0,1.0,0.0,0.0,0.0,0.0,Medium
1.010664895439757,0.5370266128282839,0.37131518815603987,0.9792684890606039,-0.6300942210909176,0.09328570891266527,-0.11488737037231025,-0.092414096605041,0.7046441441823051,0.0,1.0,0.0,0.0,0.0,0.0,0.0,0.0,Low
-0.08925397572910379,1.563686569503252,-2.051716531021069,-0.9847348533121554,1.6022932594244739,1.4038649059731918,2.2218720373554386,0.7572730345756604,1.7093615286629584,0.0,0.0,0.0,0.0,0.0,1.0,0.0,0.0,Low
-0.5469841891968901,-0.9998140585133863,-0.19117431808150323,0.6709266673911609,0.29483358413540806,-0.5969009688292685,0.36698674478058685,-0.5051192746070963,-0.5126819752165426,0.0,0.0,0.0,0.0,1.0,0.0,0.0,0.0,Medium
-1.134518493051064,-1.415516863056625,0.5299660745307317,-0.7635331116797287,1.1797953730865223,0.2949132776912073,0.1029461337379034,0.9029336856352087,-0.05171613402223515,0.0,0.0,0.0,0.0,1.0,0.0,0.0,0.0,Medium
-0.4513390699648154,-1.2391580974928267,-0.933948922472105,0.33577251340263536,-0.5444527576440356,-2.0160488567705483,-0.5967614855252074,1.1092862746362364,-1.4233246982289711,0.0,0.0,0.0,0.0,0.0,0.0,0.0,1.0,Medium
0.14985882235108322,0.039442952844710874,-0.14790589452476954,0.865316076704505,-0.4473924324042362,-0.938116854454494,1.1063004557001006,0.06538494204280319,0.2719007014284626,0.0,1.0,0.0,0.0,0.0,0.0,0.0,0.0,Medium
-0.984219019972089,-0.38885690638165654,0.7463081923144023,-0.4954097884889083,0.03790919379476196,1.0781588333309307,-1.3096711353404529,-1.2637684988755795,-1.0282111200624222,1.0,0.0,0.0,0.0,0.0,0.0,0.0,0.0,Medium
-0.5811431603512025,0.3732649019476145,1.1717810239556214,1.0328931536987678,0.07216577917351485,1.4038649059731918,-0.8872061576721595,-0.23807474766459016,0.7309850493934086,1.0,0.0,0.0,0.0,0.0,0.0,0.0,0.0,Low
-0.05509500457479136,0.34807079258135726,-1.027697173511696,0.5033495903968981,-0.7328639772271763,-1.0854600777926602,1.060093348767631,-0.826786545696933,-0.6218085825196845,0.0,0.0,0.0,0.0,0.0,1.0,0.0,0.0,Medium
1.557208433908756,0.19060760904225169,-1.8209516053851544,0.0006183594141098294,0.17493553530977352,0.1320602413700773,0.45940095864552644,-0.7660946077554543,-0.008441789746850366,0.0,0.0,0.0,0.0,0.0,1.0,0.0,0.0,Medium
-1.3941266738238383,-0.42664807043104197,-0.883469094989249,2.4003221019719523,-2.171640563134794,0.015736643997841252,-0.5109482869363354,1.5644758091973265,-0.5503118398038322,0.0,1.0,0.0,0.0,0.0,0.0,0.0,0.0,Medium
-1.1003595218967515,0.34807079258135726,1.9578240519029568,-0.9311101886739915,0.5346296817866779,1.4736590643965326,0.8290578141052829,1.206393375342602,1.49298980728604,0.0,0.0,0.0,0.0,0.0,0.0,1.0,0.0,Low
-0.9910508142029517,-0.02984084791249611,-0.11906027882027972,1.8439662063510003,-1.2467127579084685,-0.5426166233888919,0.7102395391360755,1.0546635304889054,0.2399153165292681,0.0,1.0,0.0,0.0,0.0,0.0,0.0,0.0,Medium
-0.08242218149824072,-1.7178461754517076,0.21987570570747092,-2.559959377058225,1.6822252919748968,-0.3254792416273849,-0.7749888979790188,0.5327128641921891,-0.9717663231814858,0.0,0.0,1.0,0.0,0.0,0.0,0.0,0.0,Medium
-0.15074012380686558,1.1731778743262709,-0.7680866321712913,0.007321442493879959,-1.0126260911536575,1.1091784592968597,-1.4614944866899957,-1.2455609174931357,-0.9454254179703824,1.0,0.0,0.0,0.0,0.0,0.0,0.0,0.0,Medium
-0.24638524303894077,0.08353264423565972,-0.6022243418704774,-1.3064828411411398,0.7515880558521122,-0.5426166233888919,-0.15449346202871286,-0.40801217390073025,-0.7760910273275755,0.0,0.0,1.0,0.0,0.0,0.0,0.0,0.0,Medium
-0.9159010776634642,0.19690613638381643,-0.19117431808150323,0.6441143350720785,1.248308543844028,1.0471392073650005,-0.8938071729482262,-1.0756234912569957,0.017899115464253067,0.0,0.0,0.0,1.0,0.0,0.0,0.0,0.0,Medium
1.6665171416025553,-0.7856641289002029,0.45064063134338633,-0.8238608593976633,0.28341472234249065,-0.5426166233888919,-1.0720345854020377,-0.007445383486970956,-0.29442876061025713,1.0,0.0,0.0,0.0,0.0,0.0,0.0,0.0,Medium
-0.5469841891968901,-0.7730670742170742,-0.9555831342504725,-1.2394520103434346,-0.2589812128210955,0.8144920126205285,-0.5703574244209391,0.010762197895472473,-1.282212706026632,0.0,0.0,1.0,0.0,0.0,0.0,0.0,0.0,Medium
0.02005473196469657,0.11502528094348083,0.4362178234911414,0.2620385995251592,1.3682065926696627,-1.2948425530626846,0.8158557835531485,-0.6811258946373843,0.4807464498879246,0.0,0.0,0.0,1.0,0.0,0.0,0.0,0.0,Low
-0.3761893334253279,0.19690613638381643,1.2727406789213336,1.0865178183369326,0.10071293365580886,-1.9462546983472064,0.14255222539430648,0.6055431897219637,0.4769834634291963,0.0,0.0,0.0,0.0,0.0,0.0,0.0,1.0,Low
-0.31470318534756564,1.0598043821781142,-1.0998112127729194,1.0328931536987678,-0.3160755217856835,0.09328570891266527,1.2845278681539123,-1.7553731962015566,-0.03290120172858831,0.0,0.0,0.0,1.0,0.0,0.0,0.0,0.0,Medium
-1.3121451430534887,0.20950319106694418,0.8328450394278707,-0.5557375362068429,0.8714861046777475,0.5353153789271624,-2.557263022517132,-1.4883286692590505,-1.2633977737329878,1.0,0.0,0.0,0.0,0.0,0.0,0.0,0.0,Medium
-1.1481820815127892,0.19690613638381643,1.0996669846943978,-0.36805120997326823,-0.5672904812298707,-0.9226070414715295,-0.04227620233557268,0.6540967400751465,-0.36780699655547366,0.0,0.0,0.0,0.0,0.0,0.0,1.0,0.0,Medium
0.6964023608200821,-0.48963334384668417,-2.405075323401065,0.4095064272801106,-0.4416830015077773,0.6206193503334684,-1.8245503268736856,1.139632243606976,-0.7854984934743976,0.0,0.0,0.0,0.0,0.0,1.0,0.0,0.0,Medium
2.0695930012234425,-0.40145396106478515,-1.5469182561925048,1.2071733137728018,-0.0363134078592023,-0.0075280754766057344,-1.2898680895122514,0.4902285076331539,0.19475947902451782,0.0,0.0,0.0,0.0,0.0,1.0,0.0,0.0,Medium
-0.19856268342290317,1.1731778743262709,-1.0060629617333285,2.4003221019719523,0.2777052914460318,0.5275604724356794,-0.8476000660157569,0.830103360105435,1.1768989447527987,0.0,0.0,0.0,0.0,0.0,1.0,0.0,0.0,Low
-1.4214538507472885,0.02684589816158225,-0.24165414556435988,0.034133774812962384,0.3062524459283258,-1.015665919369318,1.898422288828151,-0.08027570901674554,-0.08370151892143236,0.0,0.0,0.0,0.0,0.0,0.0,1.0,0.0,Medium
0.2591675300448836,0.927535308005266,0.21987570570747092,-0.5423313700473016,0.7287503322662775,-1.031175732352283,-1.0654335701259705,-0.5172576621953917,-0.27561382831661296,1.0,0.0,0.0,0.0,0.0,0.0,0.0,0.0,Medium
-0.5674795718894778,0.07093558955253199,-0.20559712593374813,0.9256438244224401,-0.04773226965212007,0.8765312645523875,1.8918212735520843,2.3838169714072888,1.933259222957339,0.0,0.0,0.0,0.0,0.0,0.0,1.0,0.0,Low
-0.41718009881050294,0.35436931992292203,-0.1623287023770134,-0.535628286967531,0.6602371615087717,-0.5348617168974095,0.6706334474796734,0.24139156207309168,0.19099649256578952,0.0,0.0,1.0,0.0,0.0,0.0,0.0,0.0,Low
-1.2711543776683136,-0.6470965273857897,-1.31615333055659,1.287610310730048,-0.29323779819984835,-0.03079279495105272,0.9214720279702224,-0.7600254139613064,-0.7535131085752017,0.0,0.0,0.0,0.0,0.0,1.0,0.0,0.0,Medium
1.1882915454421814,-1.5162933005216523,0.5155432666784868,-1.3064828411411398,-0.7214451154342585,0.15532496084452427,-0.36572595086285936,1.0971478870479405,-0.4035553679134005,0.0,0.0,0.0,0.0,1.0,0.0,0.0,0.0,Medium
-0.7792651930462144,0.7763706518077242,-0.292133973047216,-0.6897991978022531,0.7744257794379477,-0.658940220761128,-0.7023777299422809,-0.18952119731140696,-0.5202079481340005,0.0,0.0,0.0,0.0,0.0,0.0,1.0,0.0,Medium
-1.1276866988202014,1.204670511034092,-1.2224050795169992,-0.5825498685259247,0.6431088688193954,1.1557078982457547,-0.9598173257088971,-0.4747733056363569,-0.45247419187687776,0.0,0.0,0.0,0.0,0.0,1.0,0.0,0.0,Medium
0.47095315120162023,-0.35736426967383544,1.2943748906997006,1.6696860462769663,0.06645634827705597,-1.5662642802645688,-2.74209145024701,0.7329962593990685,-0.10439794444444202,1.0,0.0,0.0,0.0,0.0,0.0,0.0,0.0,Medium
1.7348350839111801,0.6944897963673895,0.45064063134338633,-0.3881604592125801,0.12355065724164399,1.1712177112287196,-0.0752812787159081,0.8361725538995824,1.5701310296899846,0.0,0.0,1.0,0.0,0.0,0.0,0.0,0.0,Low
0.32748547235350844,-0.20619961347629417,-0.5589559183137431,1.093220901416703,0.7173314704733597,0.7989821996375635,1.0534923334915642,-0.41408136769487824,0.9906311150457119,0.0,0.0,0.0,0.0,0.0,1.0,0.0,0.0,Low
-0.36935753919446535,0.12132380828504559,0.9698617140241947,0.3961002611205694,-0.5615810503334122,0.3336878101486193,-0.3261198592064572,-0.11062167798748487,0.08375137849201031,0.0,1.0,0.0,0.0,0.0,0.0,0.0,0.0,Medium
1.1268053973644185,-0.33846868764914295,0.6453485373486889,1.6696860462769663,0.8258106575060764,-1.3491268985030618,0.003930904596897114,0.1442844613667257,1.0451944186972817,0.0,0.0,0.0,0.0,0.0,0.0,0.0,1.0,Low
0.3001582954300581,1.702254171017665,-1.3305761384088344,0.5167557565564393,0.009362039312467952,0.9773450489416596,-0.7881909285311532,-0.7903713829320457,0.19852246548324612,0.0,0.0,0.0,0.0,0.0,1.0,0.0,0.0,Medium
-0.2395534488080787,0.22839877309163756,-0.03973483563293429,-0.5825498685259247,-1.1610712944615864,1.8846691084450997,-0.7683878827029517,0.4598825386624146,-0.21728753820631233,0.0,1.0,0.0,0.0,0.0,0.0,0.0,0.0,Medium
0.6485798012040445,-0.7541714921923817,0.652559941274812,0.6709266673911609,-0.47023015599007134,1.3961099994817086,0.4726029891976608,2.1653259948179655,1.6265758265709198,0.0,0.0,0.0,0.0,1.0,0.0,0.0,0.0,Low
0.2659993242757457,0.2535928824578939,0.6669827491270568,-1.3399982565399922,1.3682065926696627,-1.6438133451793928,1.2515227917735767,0.4234673758975277,0.6086879894847135,0.0,0.0,1.0,0.0,0.0,0.0,0.0,0.0,Low
-0.0345996218822041,-0.17470697676847305,-0.14069449059864658,0.1681954364083726,-1.4693805628703616,-0.4262930260166559,0.5716182183386671,-0.6022263753134622,-0.8287728377497824,0.0,1.0,0.0,0.0,0.0,0.0,0.0,0.0,Medium
-0.3351985680401529,0.7952662338324176,-0.8185664596541479,-0.3412388776541863,-0.20759633475296635,-1.108724797267107,0.4726029891976608,-0.32911265457680816,-0.5860602111617591,0.0,0.0,0.0,0.0,0.0,1.0,0.0,0.0,Medium
-0.5811431603512025,-0.14951286740221625,1.5828310477445944,-0.23398954837785804,2.0818854547270127,0.24062893225083137,0.300976592019916,0.17463043033746506,1.284144058826578,0.0,0.0,0.0,0.0,0.0,0.0,1.0,0.0,Low
0.8740290108225073,2.06756875682839,1.373700333887047,0.12797693792974896,-0.053441700548578545,-0.23242036372959585,0.9874821807308933,-0.037791352457710294,1.8109621630486439,0.0,1.0,0.0,0.0,0.0,0.0,0.0,0.0,Low
0.764720303128707,-0.05503495727875291,-1.799317393606787,0.12127385484997882,0.7287503322662775,-0.6899598467270575,-0.6165645313534089,-1.3730139871702411,-0.9623588570346637,0.0,0.0,0.0,0.0,0.0,1.0,0.0,0.0,Medium
-0.41718009881050294,-1.4973977184969598,0.6381371334225671,-0.5557375362068429,-0.14479259489191945,0.42674668804640836,0.12935019484217214,-0.4504965304597655,-0.7478686288871079,0.0,0.0,0.0,0.0,1.0,0.0,0.0,0.0,Medium
-0.4854980411191278,1.0535058548365503,0.003533587923800427,-1.2729674257422872,-1.3323542213553505,-1.0234208258608006,-0.21390259951331655,0.37491382554434494,-1.0093961877687767,0.0,1.0,0.0,0.0,0.0,0.0,0.0,0.0,Medium
-1.1413502872819266,0.8960426712974447,0.16939587822461427,-0.2809111299362518,-0.4473924324042362,0.7679625736716345,-0.26671072172185306,0.5266436703980416,0.055528980051544066,0.0,0.0,0.0,0.0,0.0,0.0,1.0,0.0,Medium
0.8057110685138824,-0.11802023069439514,0.9914959258025626,0.3558817626419467,0.08358464096643262,0.5353153789271624,1.205315684841107,-0.46870411184220895,1.1260986275599574,0.0,0.0,0.0,1.0,0.0,0.0,0.0,0.0,Low
-1.134518493051064,-1.7682343941842211,1.4602371810005152,-0.2205833822183173,0.3347996004106198,-0.69771475321854,-0.29971579810218846,-0.8328557394910809,-1.1561526596592098,0.0,0.0,0.0,0.0,1.0,0.0,0.0,0.0,Medium
-0.09608576995996589,0.6881912690258256,-0.14790589452476954,1.1535486491346378,-0.2704000746140133,-1.27933274007972,1.7862050291350104,0.29601430622042196,0.8325856837790913,0.0,0.0,0.0,0.0,0.0,0.0,0.0,1.0,Low
-1.4214538507472885,2.2187334130259315,-0.010889219928444478,0.36258484572171684,0.7116220395769004,0.5120506594527154,0.763047661344612,0.2778067248379785,1.2897885385146717,0.0,0.0,0.0,0.0,0.0,0.0,1.0,0.0,Low
0.42996238581644575,1.3117454758406832,-0.515687494757009,0.060946107132043854,0.8886143973671238,0.8455116385864585,-0.0752812787159081,0.7147886780166252,1.3631667744598883,0.0,0.0,0.0,0.0,0.0,1.0,0.0,0.0,Low
-0.00044065072789166643,-1.1509787147109276,-0.8185664596541479,0.9591592398212926,-0.39029812343964815,-0.798528537607811,0.7762496918967464,-0.15917522834066763,-0.5484303465744681,0.0,0.0,0.0,0.0,1.0,0.0,0.0,0.0,Medium
-0.2873760084241158,1.4251189679888399,-1.1358682324035312,-1.112093431827795,0.07787521006997374,-0.2246654572381128,-1.1644487992669768,1.0303867553123145,-0.37909595593166123,1.0,0.0,0.0,0.0,0.0,0.0,0.0,0.0,Medium
1.0448238665940695,0.4614442847295131,0.28477834104257144,1.2607979784109655,0.32338073861770206,-1.093214984284142,2.2614781290118406,-1.737165614819113,1.0019200744218995,0.0,0.0,0.0,1.0,0.0,0.0,0.0,0.0,Low
0.2455039415831584,-1.6800550114023223,1.6044652595229623,1.6696860462769663,1.1797953730865223,1.4736590643965326,-0.0554782328877061,-0.08027570901674554,1.4478339697812896,0.0,0.0,0.0,0.0,1.0,0.0,0.0,0.0,Low
-0.1302447411142783,0.5937133589023623,1.4313915652960256,0.8452068274651937,1.0370596006750523,-1.240558207622308,0.8356588293813505,0.30815269380871785,1.408322611964636,0.0,0.0,0.0,0.0,0.0,0.0,0.0,1.0,Low
-2.9107849930753105,-0.23139372284255097,-0.6022243418704774,-0.42167587461143263,-0.002056822480449409,0.8067371061290465,1.1195024862522351,-1.0695542974628476,-1.205071483622687,0.0,0.0,0.0,0.0,0.0,0.0,1.0,0.0,Medium
-0.6699564853524151,-2.2784151088509232,-0.1839629141553813,0.9993777382999153,0.20348268979206754,0.9540803294672116,-0.4317361036235302,0.10786929860183843,-0.5296154142808226,0.0,0.0,0.0,0.0,1.0,0.0,0.0,0.0,Medium
-1.2369954065140012,0.996819108762472,1.6260994713013293,0.5234588396362094,-0.8013771479846816,0.1320602413700773,0.6838354780318068,1.091078693253793,1.037668445779825,0.0,0.0,0.0,0.0,0.0,0.0,1.0,0.0,Low
0.7168977435126693,-1.7682343941842211,-1.4748042169312814,-0.2272864652980879,0.3405090313070787,0.43450159453789144,1.3241339598103143,-1.5672281885829729,-0.8381803038966045,0.0,0.0,0.0,0.0,1.0,0.0,0.0,0.0,Medium
-0.1917308891920411,-0.6282009453610973,1.3015862946258234,-1.2327489272636645,-0.8127960097775995,0.4810310334867854,-0.03567518705950503,2.2138795451711486,0.34716043060304463,0.0,0.0,1.0,0.0,0.0,0.0,0.0,0.0,Medium
0.34114906081523266,0.5370266128282839,-0.6454927654272111,0.315663264163324,1.3510782999802864,1.6907964461580398,0.43959791281732535,-1.3730139871702411,0.9116083994124016,0.0,0.0,0.0,1.0,0.0,0.0,0.0,0.0,Low
-0.9227328718943268,0.37956342928917836,-1.1214454245512864,-0.414972791531662,1.3967537471519567,-1.7756467555345938,-1.4350904255857275,0.2535299496613876,-1.0639594914203478,1.0,0.0,0.0,0.0,0.0,0.0,0.0,0.0,Medium
1.78948943775808,1.1857749290093986,2.368874075691931,0.7848790797472598,0.23773927517082002,-0.2246654572381128,0.1491532406703732,-0.2562823290470336,2.091304654223957,0.0,0.0,0.0,1.0,0.0,0.0,0.0,0.0,Low
0.02005473196469657,0.2661899371410225,-0.018100623854566417,-1.0450626010300899,-0.7956677170882228,-0.03854770144253578,-0.7221807757704823,0.30815269380871785,-0.7441056424283783,0.0,0.0,1.0,0.0,0.0,0.0,0.0,0.0,Medium
-1.045705168049852,-0.7730670742170742,0.29920114889481636,0.007321442493879959,1.6708064301819798,-0.736489285675952,0.0963451184618367,-0.8996168712267076,-0.39791088822530674,0.0,0.0,0.0,0.0,0.0,0.0,1.0,0.0,Medium
0.5802618588954197,0.8393559252233664,0.8184222315756258,-0.9042978563549091,-1.2010373107367978,-0.41078321303369086,0.5782192336147338,-1.4276367313175717,-0.5032745090697192,0.0,0.0,0.0,1.0,0.0,0.0,0.0,0.0,Medium
-0.4240118930413655,0.7070868510505182,-1.4675928130051594,0.2754447656847004,-0.20188690385650748,1.7140611656324878,-0.1808975231329811,1.4977146774617003,0.6877107051180238,0.0,0.0,0.0,0.0,0.0,1.0,0.0,0.0,Medium
0.450457768509033,2.2187334130259315,0.9049590786890942,0.007321442493879959,0.8315200884025358,-1.6050388127219808,-0.6165645313534089,-1.5247438320239377,0.326464005080035,0.0,0.0,0.0,1.0,0.0,0.0,0.0,0.0,Medium
-1.284817966130039,1.0031176361040368,0.9914959258025626,1.4283750554052284,-1.0811392619111628,-0.775263818133364,-1.9631716476710943,0.362775437956049,-0.4825780835467095,1.0,0.0,0.0,0.0,0.0,0.0,0.0,0.0,Medium
0.9696741300545816,0.5118325034620276,-0.3642480123084395,0.007321442493879959,0.6373994379229362,1.9932377993258539,0.7960527377249474,1.2003241815484544,2.023570897966834,0.0,0.0,0.0,0.0,0.0,1.0,0.0,0.0,Low
0.7168977435126693,1.916404100630849,1.2366836592907218,-1.2796705088220577,1.4367197634271685,1.985482892834372,0.195360347602843,-0.15310603454651966,2.1214085458937912,0.0,0.0,1.0,0.0,0.0,0.0,0.0,0.0,Low
-0.2805442141932532,-0.8675449843405375,0.19103009000298113,-0.2004741329790055,-0.5216150340582004,0.8610214515694236,-1.1116406770584404,1.7768975919925019,-0.08934599860952347,1.0,0.0,0.0,0.0,0.0,0.0,0.0,0.0,Medium
-1.216500023821414,-1.3084418982500332,0.7246739805360354,1.3747503907670644,0.6602371615087717,0.9385705164842476,-1.1512467687148429,-1.0331391346979604,-0.4430667257300557,0.0,0.0,0.0,0.0,1.0,0.0,0.0,0.0,Medium
-2.1251286565261243,-0.004646738546238861,-0.3137681848255834,-0.3412388776541863,0.3405090313070787,-1.3413719920115792,0.5452141572343984,0.3202910813970138,-0.9040325669243631,0.0,0.0,0.0,0.0,0.0,0.0,1.0,0.0,Medium
-1.5785851180571255,0.5874148315607975,0.29198974496869445,0.6843328335507021,-0.15050202578837835,0.20960930628490132,-0.8211960049114887,-0.9056860650208556,-0.6312160486665079,0.0,0.0,0.0,0.0,0.0,0.0,1.0,0.0,Medium
1.7826576435272177,2.1305540302440322,-1.013274365659451,0.4028033442003405,0.9514181372281703,-0.11609676635735981,0.3273806531241847,-1.2394917236989882,1.2126473161107243,0.0,0.0,0.0,1.0,0.0,0.0,0.0,0.0,Low
-1.5102671757485007,-0.3321701603075786,1.6044652595229623,1.1736578983739492,1.1112822023290165,0.15532496084452427,-0.015872141231303958,0.7815498097522513,1.09411324266076,0.0,0.0,0.0,0.0,0.0,0.0,1.0,0.0,Low
0.12253164542763385,0.7007883237089543,1.3448547181825572,-0.2876142130160224,0.25486756786019665,1.0316293943820356,-0.029074171783438317,0.05324655445450772,1.0696538306790222,0.0,0.0,1.0,0.0,0.0,0.0,0.0,0.0,Low
1.5025540800618553,1.0094161634456007,0.9338046943935829,-0.7166115301213349,0.42615049475396033,0.12430533487859532,-1.1974538756473123,1.376330801578743,1.2672106197622965,1.0,0.0,0.0,0.0,0.0,0.0,0.0,0.0,Low
0.9491787473619943,2.2187334130259315,-0.03252343170681132,-1.138905764146877,-1.0583015383253278,-0.13160657934032483,0.010531919872964762,-0.2441439414587377,0.17782603996023646,0.0,1.0,0.0,0.0,0.0,0.0,0.0,0.0,Medium
0.3548126492769578,0.7133853783920819,0.3280467645993062,-0.05300630522405454,0.38047504758229006,1.0083646749075885,1.013886241835161,1.3581232201962987,1.8260141088835598,0.0,0.0,1.0,0.0,0.0,0.0,0.0,0.0,Low
-0.15074012380686558,2.0864643388530832,-0.025312027780689382,-0.32112962841487497,0.9970935843998405,-0.27894980267848984,0.003930904596897114,0.11393849239598638,0.9774606624401588,0.0,0.0,1.0,0.0,0.0,0.0,0.0,0.0,Low
0.12253164542763385,-2.5618488392213132,0.28477834104257144,0.6374112519923083,-0.47023015599007134,-0.33323414811886687,-1.1776508298191113,1.4248843519319259,-0.7610390814926596,0.0,0.0,0.0,0.0,1.0,0.0,0.0,0.0,Medium
-0.7451062218919021,-1.4785021364722672,0.4145836117127746,1.5222182185220159,0.4432787874433374,1.5667179422943218,-0.7023777299422809,0.21711478689649988,0.3528049102911384,0.0,0.0,0.0,0.0,1.0,0.0,0.0,0.0,Medium
1.482058697369268,2.1872407763181103,-0.6671269772055785,-0.006084723665661253,-1.8119464166578898,-0.5969009688292685,-0.5571553938688052,-0.3230434607826602,-0.14390930226109583,0.0,1.0,0.0,0.0,0.0,0.0,0.0,0.0,Medium
-0.7587698103536272,-0.9053361483899229,0.6020801137919553,0.18830468564768393,0.2434487060672789,-0.5503715298803739,-0.5637564091448719,-0.4383581428714696,-0.7742095340982114,0.0,0.0,0.0,0.0,1.0,0.0,0.0,0.0,Medium
0.23184035312143325,0.24099582777476528,-0.8546234792847597,0.7111451658697836,-1.1610712944615864,0.6206193503334684,0.18215831705070862,-0.11669087178163282,-0.12885735642617996,0.0,1.0,0.0,0.0,0.0,0.0,0.0,0.0,Medium
-2.1456240392187116,1.3558351672316329,-0.05415764348517817,0.7848790797472598,0.8600672428848297,-0.4650675584740679,1.4099471583991863,1.1517706311952718,1.1881879041289862,0.0,0.0,0.0,0.0,0.0,0.0,1.0,0.0,Low
0.7920474800521573,-0.23139372284255097,-0.6022243418704774,0.8318006613056526,-1.0640109692217867,-1.1552542362160017,0.003930904596897114,0.04110816686621181,-0.49010405646416877,0.0,1.0,0.0,0.0,0.0,0.0,0.0,0.0,Medium
1.6938443185260057,-1.7493388121595288,0.27035553319032757,0.21511701796676636,-1.0411732456359515,1.0626490203479655,-0.7551858521508178,2.3170558396716623,0.6162139624021727,0.0,0.0,0.0,0.0,1.0,0.0,0.0,0.0,Medium
0.08837267427332143,-0.6911862187767395,1.0347643493592962,-0.9512194379133029,-1.024044952946575,1.9234436409025117,0.9676791349026923,-0.8085789643144896,-0.0310197084992255,0.0,1.0,0.0,0.0,0.0,0.0,0.0,0.0,Medium
-0.19856268342290317,0.568519249536105,1.1501468121772536,1.354641141527753,2.4187418776180825,-0.13160657934032483,0.26137050036351384,0.5327128641921891,2.251231578719943,0.0,0.0,0.0,0.0,0.0,0.0,1.0,0.0,Low
-0.5538159834277526,0.7133853783920819,0.1766072821507362,0.9256438244224401,0.9514181372281703,0.13981514786155924,-1.1776508298191113,-0.03172215866356234,0.46005002436491493,1.0,0.0,0.0,0.0,0.0,0.0,0.0,0.0,Low
0.4641213569707582,0.7889677064908528,-1.2296164834431216,-0.24739571453739925,-0.21330576564942524,1.4193747189561556,-0.2403066606175848,-1.2455609174931357,-0.2586803892523316,0.0,0.0,0.0,1.0,0.0,0.0,0.0,0.0,Medium
-0.19856268342290317,-0.7226788554845606,0.35689238030379494,-0.17366180065992354,-0.06486056234149631,-1.186273862181931,-1.6001158074874047,-1.288045274052171,-1.739415560762211,1.0,0.0,0.0,0.0,0.0,0.0,0.0,0.0,High
1.167796162749594,-0.18730403145160168,-0.5084760908308865,0.3692879288014879,0.9399992754352525,0.015736643997841252,-0.49774625638420106,1.8922122740813117,1.2446327010099214,0.0,0.0,0.0,0.0,0.0,1.0,0.0,0.0,Low
0.7237295377435324,0.49923544877889897,1.8640758008633664,0.22852318412630662,2.38448529223933,-1.6748329711453223,1.7267958916504071,-1.1848689795516572,1.7545173661677087,0.0,0.0,0.0,1.0,0.0,0.0,0.0,0.0,Low
-0.6767882795832773,0.5748177768776698,1.2366836592907218,-0.5624406192866134,0.07216577917351485,0.7291880412142225,-0.8343980354636226,-0.8996168712267076,-0.20788007205949025,0.0,0.0,0.0,1.0,0.0,0.0,0.0,0.0,Medium
-0.6357975141981027,0.11502528094348083,-0.9988515578072067,0.9055345751831287,0.6088522834406421,1.3185609345668847,-0.9532163104328304,0.3263602751911613,0.25308576913481845,0.0,0.0,0.0,0.0,0.0,1.0,0.0,0.0,Medium
-0.6562928968906899,-0.2754834142335007,-1.813740201459032,-0.6629868654831711,-0.1961774729600486,-0.9226070414715295,0.4197948669891233,0.2535299496613876,-1.2652792669623518,0.0,0.0,0.0,0.0,0.0,1.0,0.0,0.0,Medium
0.68957056658922,2.0801658115115185,-1.5324954483402604,1.3144226430491295,0.5460485435795956,0.9463254229757295,0.2283654239831784,1.0303867553123145,1.9690075943152645,0.0,0.0,0.0,0.0,0.0,1.0,0.0,0.0,Low
0.2455039415831584,1.6896571163345364,-1.4243243894484252,-0.48870670540913774,-1.0354638147394926,-0.953626667437459,-1.8773584490822224,-0.8996168712267076,-1.6528668722114441,1.0,0.0,0.0,0.0,0.0,0.0,0.0,0.0,High
0.026886526195558667,-0.23769225018411527,-0.4075164358651737,-1.6416369951296652,-1.0468826765324104,-1.3568818049945441,1.1063004557001006,1.012179173929871,-0.8438247835846983,0.0,0.0,1.0,0.0,0.0,0.0,0.0,0.0,Medium
-0.38985292188705306,0.039442952844710874,0.017956395776045332,-0.7233146132011056,0.3119618768247847,-0.16262620530625377,-0.8145949896354214,-1.1727305919633617,-1.0319741065211505,0.0,0.0,0.0,1.0,0.0,0.0,0.0,0.0,Medium
-0.12341294688341622,-1.1950684061018773,0.3641037842299179,-0.1535525514206122,0.8029729339202417,-0.783018724624846,1.291128883429979,-0.5111884684012442,-0.06864957308651383,0.0,0.0,0.0,0.0,1.0,0.0,0.0,0.0,Medium
-0.854414929585702,-0.12431875803595945,-0.24165414556435988,0.6843328335507021,-1.2638410505978446,-1.093214984284142,-0.9268122493285617,0.5934048021336678,-1.1316932476774706,0.0,1.0,0.0,0.0,0.0,0.0,0.0,0.0,Medium
0.47778494543248234,-0.01094526588780362,0.42179501563889654,0.13468002100952003,-1.57215031900662,-0.19364583127218382,-0.9004081882242934,-0.14703684075237217,-0.7384611627402845,0.0,1.0,0.0,0.0,0.0,0.0,0.0,0.0,Medium
0.2591675300448836,1.7589409170917434,-1.7704717779022978,-0.7501269455201875,-0.9954977984642809,0.14757005435304232,-1.0720345854020377,0.5509204455746326,-0.6293345554371425,0.0,0.0,0.0,0.0,0.0,1.0,0.0,0.0,Medium
-1.052536962280714,0.6252059956101834,-0.869046287137004,0.060946107132043854,-2.268700888374594,-0.2711948961870079,0.4792040044737275,1.0850094994596446,-0.8174838783735948,0.0,1.0,0.0,0.0,0.0,0.0,0.0,0.0,Medium
1.2976002531359807,-0.036139375254059976,0.29920114889481636,0.21511701796676636,1.0827350478467226,0.8067371061290465,-0.7485848368747506,-0.20165958489970287,0.9511197572290554,1.0,0.0,0.0,0.0,0.0,0.0,0.0,0.0,Low
1.8919663512210172,1.7085526983592298,0.8977476747629712,-0.006084723665661253,1.2654368365334043,-0.9303619479630121,-0.2403066606175848,0.48415931383900634,1.9219702635811515,0.0,0.0,0.0,0.0,0.0,0.0,0.0,1.0,Low
-0.5538159834277526,-0.44554365245573446,1.0131301375809294,-0.7233146132011056,0.991384153503382,0.2871583711997253,0.4924060350258619,-1.112038654021883,-0.04042717464604758,0.0,0.0,0.0,1.0,0.0,0.0,0.0,0.0,Medium
1.2087869281347685,0.15911497233443056,0.501120458826242,-1.1456088472266475,0.46040708013271364,-0.876077602522635,0.2481684698113795,-0.735748638784715,-0.0347826949579538,0.0,0.0,1.0,0.0,0.0,0.0,0.0,0.0,Medium
2.178901708917242,0.41105606599699945,-2.246424437026373,-1.500872250454485,-0.9326940586032343,-0.13160657934032483,0.4131938517130566,1.6251677471388053,-0.0027973100587565833,0.0,0.0,0.0,0.0,0.0,1.0,0.0,0.0,Medium
1.2771048704433934,0.6378030502933121,-0.436362051569663,-0.6294714500843185,0.39189390937520785,-0.37200868057627884,1.7862050291350104,-2.1862859555860554,0.15336662797849854,0.0,0.0,0.0,1.0,0.0,0.0,0.0,0.0,Medium
-1.0047144026646768,-0.42664807043104197,0.15497307037236938,-0.7367207793606463,1.5337800886669681,-1.5507544672816043,0.3537847142284525,0.9150720732235046,-0.07053106631587931,0.0,0.0,0.0,0.0,0.0,0.0,1.0,0.0,Medium
-0.4035165103487778,-0.5904097813117118,1.4746599888527592,-0.6629868654831711,-1.6463729206605844,0.24062893225083137,-0.3789279814149937,0.7147886780166252,-0.5747712517855715,0.0,1.0,0.0,0.0,0.0,0.0,0.0,0.0,Medium
-1.0115461968955395,0.8078632885155453,1.2366836592907218,-1.4271383365770092,0.4147316329610434,-0.3797635870677608,-1.1644487992669768,-0.05599893384015415,-0.5239709345927301,0.0,0.0,1.0,0.0,0.0,0.0,0.0,0.0,Medium
1.1814597512113192,-1.1950684061018773,1.9794582636813238,0.0944615225308964,0.8714861046777475,1.7838553240558288,-0.16109447730478005,0.19890720551405644,1.558842070313797,0.0,0.0,0.0,0.0,1.0,0.0,0.0,0.0,Low
0.0132229377338335,-0.17470697676847305,0.3064125528209393,1.7836384586330651,-1.280969343287221,0.1320602413700773,-0.08848330926804153,0.18676881792576053,0.21733739777689295,0.0,1.0,0.0,0.0,0.0,0.0,0.0,0.0,Medium
0.4914485338942075,0.4488472300463853,-0.9555831342504725,0.6240050858327671,0.08358464096643262,-0.6046558753207509,0.2481684698113795,1.388469189167038,0.7215775832465838,0.0,0.0,0.0,0.0,0.0,1.0,0.0,0.0,Low
2.117415560839479,-0.01094526588780362,0.6092915177180772,-0.13344330218130038,-0.7100262536413408,-0.759754005150399,-1.1644487992669768,0.36884463175019655,0.0818698852626475,1.0,0.0,0.0,0.0,0.0,0.0,0.0,0.0,Medium
-0.4854980411191278,0.7511765424414678,0.8472678472801156,1.5490305508410973,0.48324480371854833,1.3108060280754026,-1.6859290060762766,0.00469300410132452,0.9304233317060457,1.0,0.0,0.0,0.0,0.0,0.0,0.0,0.0,Low
0.7783838915904321,0.5055339761204628,-0.7969322478757805,-0.47530053924959653,1.6251309830103087,-0.8295481635737405,-0.35252392031072544,-1.4943978630531984,-0.2567988960229675,0.0,0.0,0.0,1.0,0.0,0.0,0.0,0.0,Medium
-1.1276866988202014,-1.4910991911553955,1.6837907027103078,-1.2193427611041232,-0.3845886925431893,0.4655212205038204,0.1755573017746419,1.206393375342602,-0.3113621996745385,0.0,0.0,0.0,0.0,1.0,0.0,0.0,0.0,Medium
-0.09608576995996589,1.3936263312810186,0.28477834104257144,-0.46189437309005577,0.962836999021088,0.8842861710438705,0.24156745453531278,-0.48084249943050483,0.9831051421282526,0.0,0.0,0.0,1.0,0.0,0.0,0.0,0.0,Low
-0.1917308891920411,-0.6848876914351751,-0.6166471497227218,-0.6965022808820236,0.03219976289830348,1.0704039268394476,1.2581238070496434,1.7829667857866494,0.7102886238703989,0.0,0.0,0.0,0.0,0.0,1.0,0.0,0.0,Medium
-1.134518493051064,1.5258954054538671,-0.6094357457965993,-1.3534044226995334,-0.7842488552953054,0.18634458681045432,0.7696486766206797,0.7633422283698079,-0.19094663299520892,0.0,0.0,1.0,0.0,0.0,0.0,0.0,0.0,Medium
1.5162176685235804,0.18430908170068783,-0.739241016466802,0.496646507317127,0.5175013890973016,0.11655042838711226,-1.0324284937456352,0.2474607558672392,0.4995613821815714,1.0,0.0,0.0,0.0,0.0,0.0,0.0,0.0,Low
0.03371832042642076,1.0912970188859354,0.20545289785522602,0.32236634724309415,-0.24756235102817814,0.6749036957738455,-0.9136102187764278,0.7754806159581038,0.6764217457418362,1.0,0.0,0.0,0.0,0.0,0.0,0.0,0.0,Low
-1.4077902622855634,0.8645500345896237,-0.7752980360974137,0.9926746552201452,0.0264903320018446,-1.8842154464153473,0.3999918211609223,-0.8146481581086376,-0.8005504393093148,0.0,0.0,0.0,0.0,0.0,0.0,1.0,0.0,Medium
-1.0115461968955395,-0.5841112539701475,0.9914959258025626,1.70990454475559,-1.2010373107367978,-0.8062834440992935,1.1327045168043695,-0.820717351902785,-0.2963102538396226,0.0,1.0,0.0,0.0,0.0,0.0,0.0,0.0,Medium
0.9013561877459567,-0.9683214218055652,1.9073442244201002,-0.12674021910153024,-0.9098563350173988,0.5430702854186444,1.079896394595832,-1.2698376926697275,0.20792993163007087,0.0,0.0,0.0,1.0,0.0,0.0,0.0,0.0,Medium
-1.0115461968955395,0.6441015776348759,1.2727406789213336,0.677629750470931,-0.1333737330990021,-0.37200868057627884,1.7531999527546749,-0.6750567008432363,0.7403925155402307,0.0,0.0,0.0,0.0,0.0,0.0,1.0,0.0,Low
-0.26688062573152804,-0.45184217979729874,0.8328450394278707,0.5100526734766683,0.11213179544872663,2.055277051257713,0.4726029891976608,0.2474607558672392,1.1242171343305918,0.0,0.0,0.0,0.0,1.0,0.0,0.0,0.0,Low
-0.984219019972089,-1.5225918278632167,-0.6238585536488442,-0.3546450438137275,0.09500350275934998,-0.3177243351359018,0.9544771043505579,-0.4747733056363569,-1.1373377273655643,0.0,0.0,0.0,0.0,1.0,0.0,0.0,0.0,Medium
-0.5538159834277526,-0.8297538202911521,-0.09021466311578992,0.10116460561066748,2.1047231783128484,0.5740899113845744,0.9148710126941548,-1.1484538167867702,0.42806463946572043,0.0,0.0,0.0,1.0,0.0,0.0,0.0,0.0,Medium
0.1566906165819463,0.7448780150999031,-1.734414758271686,0.44972492575873424,-1.2581316197013859,-2.396039274853186,-0.2205036147893837,-0.07420651522259758,-1.4270876846877008,0.0,0.0,0.0,0.0,0.0,1.0,0.0,0.0,Medium
0.9765059242854446,-1.3462330622994185,-2.0300823192427027,-1.688558576688059,-0.8641808878457286,0.24062893225083137,-0.6297665619055428,-0.6325723442842015,-2.174040496745416,0.0,0.0,0.0,0.0,0.0,1.0,0.0,0.0,High
-1.5375943526719504,-1.3021433709084689,1.3376433142564352,0.38269409496102913,-0.7956677170882228,0.0467562699637713,0.9346740585223569,-0.6993334760198278,-0.6970683116942652,0.0,0.0,0.0,0.0,0.0,0.0,1.0,0.0,Medium
-0.5128252180425776,-0.16210992208534442,-0.1839629141553813,0.5100526734766683,1.2711462674298637,0.7446978541971875,1.3043309139821133,1.012179173929871,1.4892268208273116,0.0,0.0,0.0,0.0,0.0,0.0,1.0,0.0,Low
-0.17123550649945382,-0.22509519550098664,1.1140897925466418,-2.4527100477818973,-0.3503321071644364,0.3569525296230674,-1.3756812881011238,1.3338464450197078,-0.6500309809601521,0.0,0.0,1.0,0.0,0.0,0.0,0.0,0.0,Medium
0.07470908581159626,0.38586195663074313,1.6837907027103078,-0.14014638526107098,-1.1096864163934568,0.9773450489416596,0.8950679668659537,-0.1773828097231115,0.7592074478338748,0.0,1.0,0.0,0.0,0.0,0.0,0.0,0.0,Low
1.5913674050630684,-1.421815390398189,0.7535195962405242,0.13468002100952003,1.4424291943236276,0.8377567320949755,1.56177050974873,0.5934048021336678,1.944548182333524,0.0,0.0,0.0,0.0,1.0,0.0,0.0,0.0,Low
1.2087869281347685,0.3354737378982286,-0.9051033067676157,0.8921284090235875,0.7002031777839834,1.3340707475498497,-0.4185340730713963,2.062149700317452,1.9031553312875047,0.0,0.0,0.0,0.0,0.0,1.0,0.0,0.0,Low
-3.07474805461601,0.8267588705402387,-0.9916401538810842,-0.44848820693051455,0.02078090110538572,1.5589630358028397,0.8950679668659537,0.15035365516087368,-0.3715699830142033,0.0,0.0,0.0,0.0,0.0,0.0,1.0,0.0,Medium
-1.4624446161324631,0.7637735971245965,0.06122481933277902,-0.294317296095793,-0.2818189364069306,1.1557078982457547,0.7762496918967464,0.9818332049591316,0.5898730571910693,0.0,0.0,0.0,0.0,0.0,0.0,1.0,0.0,Low
-0.6357975141981027,1.072401436861243,0.24150991748583778,-0.441785123850744,0.3405090313070787,0.9463254229757295,1.0204872571112287,-0.9603088091681863,0.5240207941633094,0.0,0.0,0.0,1.0,0.0,0.0,0.0,0.0,Medium
1.3044320473668438,1.4818057140629173,-0.6454927654272111,-0.4954097884889083,-0.9954977984642809,-0.914852134980047,0.8620628904856183,-0.007445383486970956,0.2342708368411743,0.0,1.0,0.0,0.0,0.0,0.0,0.0,0.0,Medium
0.37530803196954504,1.4314174953304037,1.1862038318078651,0.737957498188866,-0.37316983075027155,0.45001140752085533,0.40659283643698996,0.24139156207309168,1.530619671873331,0.0,1.0,0.0,0.0,0.0,0.0,0.0,0.0,Low
-0.1780673007303159,0.9779235267377795,-0.14790589452476954,1.837263123271229,2.4187418776180825,0.0467562699637713,0.043536996253300195,-2.8296204977657293,0.8307041905497285,0.0,0.0,0.0,1.0,0.0,0.0,0.0,0.0,Medium
-0.05509500457479136,-0.4833348165051199,0.18381868607685917,-1.3534044226995334,0.848648381091912,-0.39527340005072586,0.7498456307924777,0.362775437956049,0.023543595152346847,0.0,0.0,1.0,0.0,0.0,0.0,0.0,0.0,Medium
-1.3121451430534887,-0.13061728537752332,0.09728183896339078,0.8385037443854236,0.043618624691220846,1.94670836037696,-0.49114524110813434,0.05931574824865567,0.28130816757528737,0.0,0.0,0.0,0.0,0.0,0.0,1.0,0.0,Medium
0.5529346819719703,-0.7478729648508174,-0.16954010630313637,-3.123018355758948,-0.4930678795759064,-0.17038111179773685,-0.20070056896118219,0.36884463175019655,-1.4233246982289711,0.0,0.0,1.0,0.0,0.0,0.0,0.0,0.0,Medium
-1.0798641392041644,-0.21249814081785848,0.21987570570747092,0.8183944951461123,-0.2247246274423426,0.1087955218956303,-1.1380447381627086,0.4173981821033793,-0.3960293949959426,1.0,0.0,0.0,0.0,0.0,0.0,0.0,0.0,Medium
0.6417480069731825,1.1731778743262709,1.9073442244201002,0.1681954364083726,0.9399992754352525,-0.2556850832040428,-1.0522315395738366,0.8058265849288432,1.587064468754266,1.0,0.0,0.0,0.0,0.0,0.0,0.0,0.0,Low
-0.6153021315055149,-0.993515531171822,-0.8474120753586372,0.865316076704505,0.23202984427436155,-1.2948425530626846,-1.2304589520276477,0.751203840781512,-0.9999887216219534,1.0,0.0,0.0,0.0,0.0,0.0,0.0,0.0,Medium
-0.9978826084338143,0.41735459333856423,-1.0998112127729194,-0.8841886071155978,-0.030603976962743418,0.6051095373505034,0.28777456146778163,1.0485943366947579,-0.1777761803896572,0.0,0.0,0.0,0.0,0.0,1.0,0.0,0.0,Medium
-0.5333206007351654,-0.22509519550098664,0.508331862752365,0.43631875959919303,-0.26469064371755435,0.7834723866545995,0.763047661344612,-0.11669087178163282,0.4054867207133453,0.0,0.0,0.0,0.0,0.0,0.0,1.0,0.0,Low
-0.8339195468931146,-1.6233682653282442,-0.6382813615010892,0.18830468564768393,-0.6586413755732116,0.3957270620804794,0.3999918211609223,-1.190938173345805,-1.506110400321011,0.0,0.0,0.0,0.0,1.0,0.0,0.0,0.0,Medium
-2.268596335374237,-0.6282009453610973,0.7895766158711359,0.22852318412630662,-1.3609013758376445,1.7218160721239697,0.6838354780318068,-0.15917522834066763,-0.5352598939689164,0.0,0.0,0.0,0.0,0.0,0.0,1.0,0.0,Medium
2.178901708917242,1.0786999642028077,-0.6671269772055785,-1.5611999981724194,0.2491581369637378,-0.8838325090141176,-0.8740041271200252,0.02290058548376838,-0.0799385324627014,0.0,0.0,1.0,0.0,0.0,0.0,0.0,0.0,Medium
-0.6426293084289648,-2.2217283627768456,0.5732344980874655,-1.990197315277732,-0.7899582861917643,-0.3642537740847969,0.1029461337379034,0.00469300410132452,-1.9595502685978605,0.0,0.0,0.0,0.0,1.0,0.0,0.0,0.0,High
-0.8680785180474271,0.8834456166143162,0.3208353606731832,-1.5209814996937963,0.8600672428848297,0.07777589592970025,-0.35252392031072544,0.6419583524868505,0.10256631078565714,0.0,0.0,1.0,0.0,0.0,0.0,0.0,0.0,Medium
-0.5879749545820651,-0.3321701603075786,-0.3065567808994609,0.21511701796676636,-1.0411732456359515,-0.15487129881477182,-0.728781791046549,0.3506370503677531,-0.9510698976584762,0.0,1.0,0.0,0.0,0.0,0.0,0.0,0.0,Medium
-0.3351985680401529,0.7133853783920819,1.6188880673752062,0.08105535637135615,1.7678667554217786,-0.19364583127218382,1.3373359903624487,-0.6143647629017577,1.6152868671947322,0.0,0.0,0.0,1.0,0.0,0.0,0.0,0.0,Low
-0.8407513411239773,1.7274482803839224,0.7751538080188921,1.0261900706189977,0.2434487060672789,-0.5658813428633389,-0.17429650785691392,-0.6143647629017577,0.5973990301085259,0.0,0.0,0.0,0.0,0.0,0.0,1.0,0.0,Medium
1.0721510435175188,-0.3321701603075786,0.9698617140241947,-0.8305639424774338,0.19777325889560865,1.3263158410583678,0.5518151725104651,-1.1302462354043263,0.5127318347871218,0.0,0.0,0.0,1.0,0.0,0.0,0.0,0.0,Medium
0.8262064512064697,-1.698950593427015,2.051572302942547,0.02072760865342117,-0.7614111317094703,-0.12385167284884177,1.9116243193802853,-0.36552781734169504,0.5146133280164873,0.0,0.0,0.0,0.0,1.0,0.0,0.0,0.0,Medium
-0.6767882795832773,-2.158743089361203,0.4866976509739981,2.4003221019719523,0.7059126086804419,0.22511911926786635,-0.6297665619055428,-1.2698376926697275,-0.3960293949959426,0.0,0.0,0.0,0.0,1.0,0.0,0.0,0.0,Medium
0.23867214735229533,-1.2202625154681341,0.010744991849922367,-1.1523119303064182,-0.030603976962743418,-0.876077602522635,0.31417862257205037,-1.7553731962015566,-1.6208814873122468,0.0,0.0,0.0,1.0,0.0,0.0,0.0,0.0,Medium
-0.46500265842654054,0.12762233562660946,0.27756693711644953,1.046299319858309,-0.21330576564942524,-1.2638229270967551,0.036935980977232545,-0.8632017084618203,-0.446829712188784,0.0,0.0,0.0,1.0,0.0,0.0,0.0,0.0,Medium
-1.6059122949805753,0.23469730043320142,0.5660230941613436,0.6307081689125372,-0.9555317821890694,0.6283742568249515,-0.3855289966910609,0.569128026957076,-0.17965767361902135,0.0,0.0,0.0,0.0,0.0,0.0,1.0,0.0,Medium
-0.4308436872722281,-0.16210992208534442,-1.6406665072320956,0.6843328335507021,-0.2190151965458841,0.6981684152482924,-0.35912493558679265,-0.9481704215798904,-0.8776916617132596,0.0,0.0,0.0,0.0,0.0,1.0,0.0,0.0,Medium
-0.30787139111670303,0.7007883237089543,0.6597713452009338,2.2327450249776897,-1.5436031645243258,0.5430702854186444,-0.3129178286543228,1.5280606464324398,1.1637284921472484,0.0,1.0,0.0,0.0,0.0,0.0,0.0,0.0,Low
-0.19856268342290317,-1.2076654607850055,-0.724818208614557,-0.8640793578762864,1.0370596006750523,0.023491550489323214,-0.1874985384090483,0.6055431897219637,-0.45623717833560606,0.0,0.0,0.0,0.0,1.0,0.0,0.0,0.0,Medium
-0.9432282545869145,-1.440710972422882,-0.94837173032435,-1.1590150133861887,-0.1276643022025432,0.2871583711997253,-1.7651411893890818,-0.36552781734169504,-2.3151524889477555,1.0,0.0,0.0,0.0,0.0,0.0,0.0,0.0,High
0.38897162043127026,-0.23769225018411527,-1.1502910402557756,0.060946107132043854,-0.4359735706113184,0.00798173750635929,0.5980222794429348,-0.1773828097231115,-0.3414660913443702,0.0,0.0,0.0,0.0,0.0,1.0,0.0,0.0,Medium
0.8671972165916443,0.4551457573879492,1.8135959733805098,0.05424302405227372,0.5745956980618897,-0.0773222338999478,1.4561542653316562,-1.737165614819113,1.137387586936145,0.0,0.0,0.0,1.0,0.0,0.0,0.0,0.0,Low
-0.2532170372698029,-1.157277242052492,0.7463081923144023,0.24192935028584783,-0.5958376357121647,-0.720979472692987,0.14255222539430648,-0.4504965304597655,-0.7779725205569397,0.0,0.0,0.0,0.0,1.0,0.0,0.0,0.0,Medium
-0.4308436872722281,-1.4470094997644463,-1.5397068522663828,-1.0785780164289425,-0.0363134078592023,-0.30996942864441984,-0.6759736688380126,2.3474018086424016,-1.0093961877687767,0.0,0.0,0.0,0.0,0.0,1.0,0.0,0.0,Medium
-0.014104239189615862,1.6140747882357664,0.9410160983197059,-0.7099084470415644,-0.1619208875812961,1.0626490203479655,-0.5901604702491406,-0.32911265457680816,0.572939618126788,0.0,0.0,1.0,0.0,0.0,0.0,0.0,0.0,Medium
-0.5059934238117151,0.6504001049764397,1.215049447512355,-1.1724211795457296,-1.1325241399792925,0.8687763580609055,1.7201948763743395,0.5994739959278154,0.6952366780354804,0.0,1.0,0.0,0.0,0.0,0.0,0.0,0.0,Medium
-0.5196570122734402,-1.3714271716656754,0.7102511726837906,1.1267363168155553,1.1227010641219344,0.8300018256034934,-1.2832670742361847,-0.6568491194607929,-0.061123600169057234,0.0,0.0,0.0,0.0,1.0,0.0,0.0,0.0,Medium
2.1037519723777547,-0.38885690638165654,-0.22001993378599305,-0.8975947732751389,0.7744257794379477,-0.2634399896955248,-0.3261198592064572,-0.44442733666561757,0.14395916183167645,0.0,0.0,1.0,0.0,0.0,0.0,0.0,0.0,Medium
-0.6357975141981027,0.8960426712974447,-1.3594217541133242,0.034133774812962384,-0.15050202578837835,-0.814038350590776,0.7762496918967464,1.2610161194899332,0.14019617537294815,0.0,0.0,0.0,0.0,0.0,1.0,0.0,0.0,Medium
-0.10291756419082895,-0.22509519550098664,-0.8185664596541479,0.18830468564768393,0.2491581369637378,-0.5581264363718564,2.2614781290118406,-0.2562823290470336,0.3189380321625757,0.0,0.0,0.0,0.0,0.0,1.0,0.0,0.0,Medium
-2.6033542526864983,0.03314442550314612,2.368874075691931,-0.7903454439988107,0.48324480371854833,-1.3181072725371321,0.4329968975412577,-1.1363154291984743,-0.8758101684838955,0.0,0.0,0.0,0.0,0.0,0.0,1.0,0.0,Medium
-2.5077091334544237,-0.3762598516985284,0.3424695724515511,0.10786768869043761,-0.33320381447506014,1.6597768201921108,-0.7749888979790188,0.9393488484000964,-0.3997923814546709,0.0,0.0,0.0,0.0,0.0,0.0,1.0,0.0,Medium
-0.30787139111670303,0.7763706518077242,1.8280187812327549,-1.9097603183204857,-0.3446226762679775,-1.5585093737730862,-0.5703574244209391,-0.274489910429477,-0.8137208919148665,0.0,0.0,1.0,0.0,0.0,0.0,0.0,0.0,Medium
0.7715520973595701,0.8645500345896237,0.14055026252012445,-0.6897991978022531,0.991384153503382,0.4189917815549264,0.12935019484217214,-0.15917522834066763,0.9116083994124016,0.0,0.0,1.0,0.0,0.0,0.0,0.0,0.0,Low
0.3616444435078209,-1.1761728240771843,-0.4579962633480304,-1.6148246628105833,0.7858446412308655,0.8377567320949755,-1.1116406770584404,0.7936881973405472,-0.5409043736570102,0.0,0.0,1.0,0.0,0.0,0.0,0.0,0.0,Medium
-1.1208549045893388,0.29768257384884367,-0.9195261146198607,0.2352262672060777,0.5460485435795956,-1.108724797267107,0.06334004208150126,0.21104559310235235,-0.4995115226109908,0.0,0.0,0.0,0.0,0.0,0.0,1.0,0.0,Medium
-0.4308436872722281,-0.9179332030730512,1.6910021066364298,-0.7434238624404169,-1.0982675546005396,0.5585800984016094,-0.36572595086285936,0.1564228489550212,-0.5540748262625619,0.0,1.0,0.0,0.0,0.0,0.0,0.0,0.0,Medium
-1.742548179597825,-1.1068890233199777,-0.05415764348517817,0.14138310408929017,0.03219976289830348,-0.736489285675952,-0.11488737037231025,0.9575564297825399,-0.8607582226489796,0.0,0.0,0.0,0.0,0.0,0.0,1.0,0.0,Medium
1.7826576435272177,-0.18100550411003735,-0.05415764348517817,1.7367168770746715,0.28341472234249065,0.5042957529612324,0.31417862257205037,1.3581232201962987,2.0461488167192092,0.0,0.0,0.0,0.0,0.0,1.0,0.0,0.0,Low
-0.3215349795784282,0.5244295581451554,-0.08300325918966797,-0.9847348533121554,0.06645634827705597,0.1087955218956303,-0.4317361036235302,-0.8632017084618203,-0.7158832439879107,0.0,0.0,1.0,0.0,0.0,0.0,0.0,0.0,Medium
-0.30787139111670303,-0.7604700195339456,0.9049590786890942,-0.6093622008450067,-1.5207654409384908,-0.953626667437459,0.6706334474796734,0.13821526757257777,-0.9322549653648307,0.0,1.0,0.0,0.0,0.0,0.0,0.0,0.0,Medium
-1.7152210026743753,-0.16210992208534442,-1.1863480598863874,-0.0865217206229071,-0.7100262536413408,2.249149713544773,0.99408319600696,-0.3473202359592516,-0.4600001647943357,0.0,0.0,0.0,0.0,0.0,0.0,1.0,0.0,Medium
-0.3761893334253279,2.2187334130259315,1.4458143731482704,0.7044420827900134,-0.1562114566848372,0.6981684152482924,1.2185177153932414,0.21711478689649988,2.0837786813065002,0.0,0.0,0.0,0.0,0.0,0.0,1.0,0.0,Low
1.1814597512113192,0.2724884644825864,-0.14069449059864658,0.6105989196732259,0.1863543971026909,0.9308156099927645,-0.08188229399197482,1.75262081681591,1.6849021166812206,0.0,0.0,0.0,0.0,0.0,1.0,0.0,0.0,Low
0.8125428627447445,-1.7745329215257855,-0.8329892675063922,0.14138310408929017,-0.5273244649546593,-0.13160657934032483,-0.35252392031072544,0.4234673758975277,-0.8231283580616886,0.0,0.0,0.0,0.0,1.0,0.0,0.0,0.0,Medium
1.714339701218593,-0.13061728537752332,0.3352581685254281,0.43631875959919303,-2.194478286720629,-0.49608718443999744,-0.9070092035003606,-1.0695542974628476,-0.9886997622457672,0.0,1.0,0.0,0.0,0.0,0.0,0.0,0.0,Medium
1.0448238665940695,-1.1005904959784139,-1.1286568284774088,-0.24739571453739925,1.4138820398413336,-1.2172934881478605,0.07654207263363562,-0.9360320339915948,-0.6293345554371425,0.0,0.0,0.0,0.0,0.0,1.0,0.0,0.0,Medium
0.8603654223607822,-0.6219024180195329,0.025167799702167273,1.408265806165917,1.2768556983263222,0.7912272931460815,0.8620628904856183,-1.0452775222862563,1.2333437416337338,0.0,0.0,0.0,1.0,0.0,0.0,0.0,0.0,Low
0.8945243935150946,-0.5211259805545053,1.3448547181825572,-1.8561356536823217,-0.9612412130855283,-0.4883322779485149,1.376942082018851,0.6905119028400333,0.11573676339120753,0.0,0.0,1.0,0.0,0.0,0.0,0.0,0.0,Medium
-1.0047144026646768,0.5496236675114126,1.4818713927788822,0.2888509318442416,0.5517579744760541,-1.05444045182673,-1.0588325548499034,1.8618663051105724,0.6952366780354804,1.0,0.0,0.0,0.0,0.0,0.0,0.0,0.0,Medium
0.1908495877362587,1.2361631477419133,-0.9700059421027168,0.2754447656847004,-0.7385734081236347,1.7218160721239697,-1.3690802728250566,1.4127459643436298,0.5861100707323383,1.0,0.0,0.0,0.0,0.0,0.0,0.0,0.0,Medium
-0.499161629580853,-0.2943789962581932,0.13333885859400252,1.58254596623995,0.48324480371854833,0.31817799716565537,0.3339816684002514,0.44167495727997114,0.9022009332655795,0.0,0.0,0.0,0.0,0.0,0.0,1.0,0.0,Low
-0.17123550649945382,0.6629971596595684,-0.37867082016068443,-1.6282308289701244,1.7279007391465677,-0.4883322779485149,-1.567110731107069,0.933279654605948,-0.13826482257300204,1.0,0.0,0.0,0.0,0.0,0.0,0.0,0.0,Medium
-1.3394723199769385,1.1857749290093986,0.501120458826242,0.12127385484997882,-0.3845886925431893,0.7214331347227394,-0.3129178286543228,1.3277772512255595,0.6500808405307328,0.0,0.0,0.0,0.0,0.0,0.0,1.0,0.0,Medium
1.242945899289081,0.014248843478453628,-0.2488655494904818,0.3692879288014879,-0.15050202578837835,0.37246234260603134,-0.022473156507370667,1.2428085381074898,1.0056830608806278,0.0,0.0,0.0,0.0,0.0,1.0,0.0,0.0,Low
-0.8134241642005269,-1.8312196675998633,-0.4796304751263972,-0.9847348533121554,-1.800527554864972,1.7373258851069349,-0.6561706230098115,0.3991906007209359,-1.760111986285222,0.0,1.0,0.0,0.0,0.0,0.0,0.0,0.0,High
1.4205725492915062,-0.2943789962581932,-0.4652076672741523,0.496646507317127,0.35192789309999606,1.0316293943820356,0.9544771043505579,-0.08634490281089349,1.165609985376611,0.0,0.0,0.0,0.0,0.0,1.0,0.0,0.0,Low
0.2659993242757457,1.5258954054538671,1.9722468597552019,1.2138763968525719,-0.49877731047236534,1.7450807915984168,0.7300425849642765,0.15035365516087368,2.3735286386286356,0.0,1.0,0.0,0.0,0.0,0.0,0.0,0.0,Low
1.256609487750806,-1.3273374802747255,-0.19117431808150323,1.3010164768895882,-0.4131358470254833,0.18634458681045432,0.6442293863754046,-0.9785163905506297,0.06681793942773163,0.0,0.0,0.0,0.0,1.0,0.0,0.0,0.0,Medium
-0.62896571996724,-0.3006775235997575,-0.13348308667252462,0.38939717804079926,-0.37316983075027155,-0.20915564425514885,-0.002670110679169597,2.3838169714072888,0.46945749051173974,0.0,0.0,0.0,0.0,0.0,0.0,1.0,0.0,Medium
0.2659993242757457,1.3684322219147615,1.6837907027103078,-0.5691437023663836,1.3967537471519567,0.3491976231315843,0.8818659363138194,-0.09848329039918896,1.9087998109755984,0.0,0.0,1.0,0.0,0.0,0.0,0.0,0.0,Low
-0.09608576995996589,0.058338534869403366,-0.7103954007623127,-0.2272864652980879,0.6830748850946063,-2.2642058644979848,-2.8807127710444194,0.016831391689620428,-1.7469415336796703,1.0,0.0,0.0,0.0,0.0,0.0,0.0,0.0,High
1.010664895439757,1.7337468077254863,-0.6743383811317009,0.12797693792974896,1.6479687065961441,2.179355555121432,-1.494499563070331,0.9272104608118005,1.9859410333795433,1.0,0.0,0.0,0.0,0.0,0.0,0.0,0.0,Low
-0.3488621565018781,0.7763706518077242,-0.7752980360974137,1.535624384681556,0.6773654541981479,-0.02303788845957076,-1.3030701200643857,0.2474607558672392,0.3603308832085977,1.0,0.0,0.0,0.0,0.0,0.0,0.0,0.0,Medium
0.5392710935102452,-1.1509787147109276,0.4866976509739981,-1.266264342662517,-0.7557017008130114,-1.2095385816563782,-0.3327208744825239,-0.2562823290470336,-1.4252061914583365,0.0,0.0,1.0,0.0,0.0,0.0,0.0,0.0,Medium
0.5665982704336955,-0.38885690638165654,0.16218447429849234,-0.05970938830382515,-0.0991171477202492,-0.33323414811886687,-0.03567518705950503,0.1442844613667257,-0.015967762664306964,0.0,0.0,0.0,0.0,1.0,0.0,0.0,0.0,Medium
1.2976002531359807,-0.48963334384668417,0.8039994237233808,-0.026193972904972593,0.734459763162736,0.7757174801631165,-0.4251350883474635,-0.17131361592896355,0.8363486702378196,1.0,0.0,0.0,0.0,0.0,0.0,0.0,0.0,Low
-0.08925397572910379,-0.8234552929495877,-0.789720843949658,0.20171085180722514,0.16351667351685575,-1.4111661504349207,0.802653753001015,-1.1605922043750656,-1.048907545585432,0.0,0.0,0.0,1.0,0.0,0.0,0.0,0.0,Medium
-0.1917308891920411,2.2187334130259315,0.4362178234911414,0.2620385995251592,1.3282405763944516,-0.953626667437459,-0.49114524110813434,0.5327128641921891,1.2860255520559407,1.0,0.0,0.0,0.0,0.0,0.0,0.0,0.0,Low
-0.24638524303894077,-0.8801420390236662,0.21266430178134796,0.5368650057957507,0.07216577917351485,0.43450159453789144,-0.40533204251926197,0.9696948173708357,0.2380338232999026,0.0,0.0,0.0,0.0,1.0,0.0,0.0,0.0,Medium
-0.73827442766104,0.41105606599699945,-0.19117431808150323,1.4954058862029336,0.14067894993102065,0.8532665450779405,0.4924060350258619,1.5037838712558478,1.4365450104051047,0.0,0.0,0.0,0.0,0.0,0.0,1.0,0.0,Low
1.4683951089075429,1.3180440031822478,-0.37867082016068443,-0.2004741329790055,-0.27610950551047214,-0.2014007377636658,-0.4647411800038656,-0.6871950884315322,0.1966409722538833,0.0,0.0,0.0,1.0,0.0,0.0,0.0,0.0,Medium
1.5503766396778929,-0.9746199491471295,-1.5324954483402604,0.44972492575873424,1.7336101700430262,0.24838383874231332,0.6244263405472036,-0.9481704215798904,0.4713389837411025,0.0,0.0,0.0,0.0,0.0,1.0,0.0,0.0,Medium
-0.1780673007303159,-1.5666815192541663,-1.5324954483402604,2.2394481080574598,-1.5036371482491142,0.3957270620804794,1.4429522347795216,-0.8753400960501162,-0.6838978590887135,0.0,1.0,0.0,0.0,0.0,0.0,0.0,0.0,Medium
0.23184035312143325,1.418820440647275,0.9842845218764397,-0.14014638526107098,-0.2190151965458841,1.1246882722798246,1.1921136542889725,0.05931574824865567,1.5795384958368068,0.0,1.0,0.0,0.0,0.0,0.0,0.0,0.0,Low
-0.47183445265740265,0.37956342928917836,1.8352301851588768,1.6964983785960488,-1.0525921074288689,-0.3022145221529368,-0.45153914945173174,1.9529042120227904,1.2446327010099214,0.0,1.0,0.0,0.0,0.0,0.0,0.0,0.0,Medium
2.178901708917242,0.34807079258135726,0.24150991748583778,-1.782401739804846,-1.0468826765324104,-0.23242036372959585,1.0468913182154966,-0.650779925666645,-0.047953147563504175,0.0,0.0,1.0,0.0,0.0,0.0,0.0,0.0,Medium
-0.4376754815030902,-0.19360255879316554,-0.42193924371741864,0.28214784876447146,-0.20188690385650748,-0.4495577454911029,-0.10828635509624354,0.7451346469873644,-0.23045799081186405,0.0,0.0,0.0,0.0,0.0,1.0,0.0,0.0,Medium
-0.6836200738141398,1.5258954054538671,-0.5878015340182324,-1.7622924905655346,-0.3389132453715186,0.5663350048930914,1.060093348767631,0.5934048021336678,0.1646555873546861,0.0,0.0,1.0,0.0,0.0,0.0,0.0,0.0,Medium
0.4572895627398951,-1.724144702793272,0.18381868607685917,0.047539940972503594,-0.2247246274423426,0.25613874523379526,0.13595121011823882,0.7390654531932169,-0.08934599860952347,0.0,0.0,0.0,0.0,1.0,0.0,0.0,0.0,Medium
-0.34203036227101546,1.2928498938159907,-0.8474120753586372,-1.500872250454485,-0.01918511516982606,1.8614043889706529,1.2383207612214424,0.4962977014273023,0.7516814749164182,0.0,0.0,1.0,0.0,0.0,0.0,0.0,0.0,Medium
1.6050309935247926,0.3354737378982286,2.203011785391117,-0.18706796681946475,2.076176023830554,-0.28670470916997287,-0.19409955368511547,-0.32911265457680816,1.9012738380581418,0.0,0.0,0.0,1.0,0.0,0.0,0.0,0.0,Low
-1.9133430353693872,0.5496236675114126,-0.1623287023770134,0.4162095103598817,-1.7891086930720543,0.36470743611454937,-2.392237640615455,0.8847261042527652,-1.4967029341741875,1.0,0.0,0.0,0.0,0.0,0.0,0.0,0.0,Medium
0.34114906081523266,-0.5337230352376339,-2.1526761859867825,1.776935375553295,-1.7948181239685133,-0.798528537607811,0.16895628649857428,0.2535299496613876,-0.9830552825576734,0.0,1.0,0.0,0.0,0.0,0.0,0.0,0.0,Medium
-1.1071913161276141,-0.048736429937188595,-0.6166471497227218,0.2352262672060777,-0.007766253376908292,0.15532496084452427,1.4033461431231196,-0.22593636007629425,-0.061123600169057234,0.0,0.0,0.0,0.0,0.0,0.0,1.0,0.0,Medium
-1.2643225834374512,0.5181310308035915,-0.09021466311578992,0.8452068274651937,-0.4416830015077773,-0.49608718443999744,0.3207796378481171,1.2428085381074898,0.288834140492744,0.0,0.0,0.0,0.0,0.0,0.0,1.0,0.0,Medium
-0.11658115265255316,0.4677428120710778,-0.292133973047216,-0.9512194379133029,-0.6643508064696705,1.907933827919548,0.21516339343104407,-0.5900879877251662,-0.14202780903173035,0.0,0.0,1.0,0.0,0.0,0.0,0.0,0.0,Medium
-0.041431416113066194,2.2187334130259315,0.003533587923800427,0.3558817626419467,-0.4531018633006947,-0.7519990986589165,-0.9994234173652997,1.29743128225482,0.6726587592831079,1.0,0.0,0.0,0.0,0.0,0.0,0.0,0.0,Medium
-0.6836200738141398,1.2361631477419133,0.4650634391956302,1.3680473076872934,-1.6520823515570433,0.023491550489323214,0.657431416927539,1.0182483677240184,0.8137707514854472,0.0,1.0,0.0,0.0,0.0,0.0,0.0,0.0,Low
-0.00044065072789166643,-0.7604700195339456,-0.4147278397912962,0.677629750470931,-1.771980400382678,-0.86056778953967,-0.14789244675264568,-1.190938173345805,-1.6867337503400055,0.0,1.0,0.0,0.0,0.0,0.0,0.0,0.0,Medium
2.178901708917242,0.889744143955881,-0.9916401538810842,-0.0865217206229071,-0.1676303184777546,-0.9070972284885646,-0.11488737037231025,-0.274489910429477,0.2380338232999026,0.0,0.0,0.0,0.0,0.0,1.0,0.0,0.0,Medium
-0.49232983534999036,0.24099582777476528,-0.8978919028414933,-0.7501269455201875,-1.2695504814943035,0.17858968031897127,-2.596869114173535,1.4188151581377775,-1.4797694951099076,1.0,0.0,0.0,0.0,0.0,0.0,0.0,0.0,High
0.02005473196469657,0.11502528094348083,0.6165029216442002,-0.05970938830382515,1.219761389361734,0.6826586022653274,-0.39873102724319476,-0.7660946077554543,0.4995613821815714,0.0,0.0,0.0,1.0,0.0,0.0,0.0,0.0,Low
1.6460217589099682,-0.28178194157506503,1.8496529930111216,0.33577251340263536,-0.8584714569492696,-1.3336170855200966,1.1129014709761673,1.3459848326080037,1.3424703489368786,0.0,1.0,0.0,0.0,0.0,0.0,0.0,0.0,Low
0.6554115954349076,0.6378030502933121,1.4241801613699037,-0.18036488373969414,1.0598973242608878,-0.8915874155056001,0.6640324322036057,-2.410846125969526,0.33398997799749425,0.0,0.0,0.0,1.0,0.0,0.0,0.0,0.0,Medium
-0.17123550649945382,-0.11802023069439514,-0.6815497850578228,-1.293076674981599,1.1398293568113105,-1.3723916179775086,-0.7485848368747506,0.5023668952214498,-0.7986689460799493,0.0,0.0,1.0,0.0,0.0,0.0,0.0,0.0,Medium
0.10203626273504562,0.7070868510505182,-1.1070226166990418,0.28214784876447146,-0.6358036519873765,-1.0389306388437656,0.4726029891976608,0.26566833724968264,-0.2680878553991537,0.0,0.0,0.0,0.0,0.0,1.0,0.0,0.0,Medium
-1.4624446161324631,-0.21249814081785848,-2.4194981312533095,-0.48870670540913774,-0.3674603998538126,-2.5046079657339395,-0.4713421952799328,0.3202910813970138,-2.497657332196114,0.0,0.0,0.0,0.0,0.0,1.0,0.0,0.0,High
-0.3283667738092908,-0.20619961347629417,-1.6983577386410742,-0.26080188069694044,1.248308543844028,-0.49608718443999744,1.8720182277238824,1.2913620884606725,0.6952366780354804,0.0,0.0,0.0,0.0,0.0,1.0,0.0,0.0,Medium
0.1908495877362587,-0.9053361483899229,-0.3426138005300727,-0.7099084470415644,1.2140519584652756,-1.5429995607901217,-1.9895757087753627,2.3049174520833664,-0.41672582051895224,1.0,0.0,0.0,0.0,0.0,0.0,0.0,0.0,Medium
0.10886805696590869,0.4677428120710778,0.032379203628289215,0.7848790797472598,-2.5998478803692042,2.342208591442562,-1.025827478469568,0.6905119028400333,0.038595540987262714,0.0,1.0,0.0,0.0,0.0,0.0,0.0,0.0,Medium
1.1199736031335565,-0.05503495727875291,-0.6310699575749666,-0.5423313700473016,1.0713161860538056,0.015736643997841252,0.6244263405472036,0.15035365516087368,0.6952366780354804,0.0,0.0,0.0,0.0,0.0,1.0,0.0,0.0,Low
-0.26688062573152804,0.22210024575007278,-0.7680866321712913,-1.4338414196567797,1.9277308205226258,-0.11609676635735981,0.8950679668659537,-1.5065362506414943,-0.2680878553991537,0.0,0.0,0.0,1.0,0.0,0.0,0.0,0.0,Medium
0.8398700396681948,1.8282247178489495,-0.21280852985987006,0.6240050858327671,-0.2247246274423426,-2.302980396955397,-0.4119330577953291,-2.2105627307626463,-0.6726088997125272,0.0,0.0,0.0,1.0,0.0,0.0,0.0,0.0,Medium
0.0063911435029714025,-0.993515531171822,-1.8209516053851544,1.2406887291716542,-0.8813091805351048,0.31042309067417234,-0.35912493558679265,0.28994511242627447,-0.811839398685501,0.0,0.0,0.0,0.0,0.0,1.0,0.0,0.0,Medium
-1.5922487065188506,2.0360761201205686,-0.7176068046884346,-0.07311555446336589,-1.3152259286659738,-0.643430407778163,0.08314308790970233,0.4295365696916752,-0.5879417043911233,0.0,1.0,0.0,0.0,0.0,0.0,0.0,0.0,Medium
0.7715520973595701,-0.8738435116821018,0.8905362708368493,-1.1187965149075656,0.5346296817866779,0.17858968031897127,1.1789116237368382,-1.1302462354043263,0.09315884463883506,0.0,0.0,0.0,1.0,0.0,0.0,0.0,0.0,Medium
-0.9295646661251894,-0.24399077752567958,-0.5517445143876207,-0.8238608593976633,-1.3209353595624327,0.6593938827908804,0.7696486766206797,-0.8510633208735244,-1.2803312127972677,0.0,1.0,0.0,0.0,0.0,0.0,0.0,0.0,Medium
-0.73827442766104,-0.47703628916355556,0.6741941530531788,0.737957498188866,-0.2532717819246366,-1.9229899788727594,-0.4119330577953291,-0.15310603454651966,-0.8475877700434279,0.0,0.0,0.0,0.0,0.0,0.0,0.0,1.0,Medium
-0.3010395968858405,-1.3336360076162899,-1.2728849069998558,-0.7166115301213349,-0.9041469041209403,0.38021724909751436,-0.3129178286543228,-1.0392083284921083,-2.040454477460535,0.0,0.0,0.0,0.0,1.0,0.0,0.0,0.0,High
-1.1413502872819266,-0.36996132435696405,-1.2945191187782226,-1.5611999981724194,-2.0460330834127007,0.7602076671801514,1.291128883429979,1.4734379022851085,-1.0827744237139934,0.0,1.0,0.0,0.0,0.0,0.0,0.0,0.0,Medium
-0.49232983534999036,1.0535058548365503,-0.3570366083823171,1.3613442246075234,-0.17904918027067235,1.8226298565132408,-0.5901604702491406,-0.644710731872497,0.6049250030259852,0.0,0.0,0.0,1.0,0.0,0.0,0.0,0.0,Medium
0.1430270281202211,0.39845901131387085,0.8544792512062376,0.9457530736617514,0.2605769987566556,0.6826586022653274,-1.3954843339293248,0.16249204274916915,0.6877107051180238,1.0,0.0,0.0,0.0,0.0,0.0,0.0,0.0,Low
-0.4035165103487778,-0.18730403145160168,0.7535195962405242,0.4564280088385044,1.830670495282826,0.9385705164842476,0.7696486766206797,1.4309535457260734,2.0649637490128536,0.0,0.0,0.0,0.0,0.0,0.0,1.0,0.0,Low
-0.7041154565067276,-0.05503495727875291,0.5876573059397103,-0.2809111299362518,-0.5444527576440356,-1.05444045182673,0.3207796378481171,-0.13489845316407625,-0.6519124741895176,0.0,0.0,0.0,0.0,0.0,0.0,1.0,0.0,Medium
0.9901695127471688,-0.08022906664500971,-0.025312027780689382,-0.837267025557204,-1.1839090180474214,-1.0621953583182127,-1.0654335701259705,0.5934048021336678,-0.9510698976584762,0.0,1.0,0.0,0.0,0.0,0.0,0.0,0.0,Medium
1.1199736031335565,0.8519529799064951,-1.8930656446463778,-0.5423313700473016,-0.7785394243988465,0.5663350048930914,-1.7585401741130147,-0.559742018754427,-1.095944876319545,0.0,0.0,0.0,0.0,0.0,1.0,0.0,0.0,Medium
0.8671972165916443,0.4551457573879492,-0.12627168274640166,-0.6026591177652361,-1.2638410505978446,-0.876077602522635,1.8522151818956811,-0.32911265457680816,-0.0385456814166821,0.0,1.0,0.0,0.0,0.0,0.0,0.0,0.0,Medium
0.27966291273747085,0.568519249536105,-0.6815497850578228,2.199229609578837,0.25486756786019665,-0.33323414811886687,0.08314308790970233,-0.6629183132549409,0.6350288946958169,0.0,0.0,0.0,0.0,0.0,1.0,0.0,0.0,Medium
-0.1370765353451414,0.09612969891878834,-0.804143651801903,0.4698341749980456,1.71648187735365,-1.1164797037585896,0.8950679668659537,-0.09848329039918896,0.5409542332275907,0.0,0.0,0.0,0.0,0.0,1.0,0.0,0.0,Medium
0.4094670031238575,2.2187334130259315,-2.3690183037704533,-1.9767911491181906,-1.0354638147394926,0.8377567320949755,0.5452141572343984,-1.0452775222862563,-0.8795731549426238,0.0,0.0,0.0,0.0,0.0,1.0,0.0,0.0,Medium
-0.8749103122782896,-0.42034954308947764,0.10449324288951271,-0.7702361947594989,-1.777689831279137,0.38021724909751436,0.20856237815497736,-0.01351457728111891,-1.242701348209978,0.0,1.0,0.0,0.0,0.0,0.0,0.0,0.0,Medium
-1.4487810276707385,0.29768257384884367,0.6381371334225671,-0.8975947732751389,0.7858446412308655,-0.3022145221529368,1.3901441125709852,1.1517706311952718,0.6801847322005645,0.0,0.0,0.0,0.0,0.0,0.0,1.0,0.0,Low
-1.1071913161276141,-0.18730403145160168,0.7318853844621573,-0.4082697084518914,0.9457087063317118,-0.914852134980047,0.8224567988292162,-0.4747733056363569,-0.13450183611427374,0.0,0.0,0.0,0.0,0.0,0.0,1.0,0.0,Medium
-0.5948067488129276,0.14021939030973807,0.9482275022458279,-0.8975947732751389,-0.12195487130608433,-1.0466855453352482,0.1755573017746419,0.271737531043831,-0.3583995304086516,0.0,0.0,1.0,0.0,0.0,0.0,0.0,0.0,Medium
-2.705831166149436,1.3369395852069403,-0.003677816002322538,0.38269409496102913,1.43101033253071,0.6051095373505034,0.763047661344612,-0.9785163905506297,0.3659753628966888,0.0,0.0,0.0,0.0,0.0,0.0,1.0,0.0,Medium
0.368476237738683,-0.45814070713886307,-0.9988515578072067,-0.03960013906451333,-0.5729999121263296,0.20960930628490132,0.7564466460685453,-0.7843021891378982,-0.5917046908498529,0.0,0.0,0.0,0.0,0.0,1.0,0.0,0.0,Medium
0.5051121223559327,-0.02354232057093135,-0.32097958875170535,1.3144226430491295,2.013372283969508,-0.4030283065422089,-0.16769549258084676,0.3445678565736056,1.3029589911202222,0.0,0.0,0.0,0.0,0.0,1.0,0.0,0.0,Low
-0.15074012380686558,0.568519249536105,0.07564762718502392,1.3345318922884408,0.46040708013271364,-0.6279205947951979,0.5452141572343984,-0.09848329039918896,0.8081262717973534,0.0,0.0,0.0,0.0,0.0,0.0,1.0,0.0,Low
2.178901708917242,-0.9872170038302577,1.2943748906997006,1.5624367170006386,-0.9954977984642809,0.4655212205038204,0.6442293863754046,1.5341298402265873,1.9069183177462357,0.0,1.0,0.0,0.0,0.0,0.0,0.0,0.0,Low
-0.027767827651341028,-1.6296667926698085,0.49390905490012005,-0.8439701086369746,0.6830748850946063,-2.0780881087024072,2.2614781290118406,0.6419583524868505,-0.047953147563504175,0.0,0.0,0.0,0.0,1.0,0.0,0.0,0.0,Medium
-0.36935753919446535,-0.7163803281429962,2.368874075691931,0.13468002100952003,-0.024894546066284533,0.9850999554331415,-0.6759736688380126,0.6844427090458858,0.7385110223108652,1.0,0.0,0.0,0.0,0.0,0.0,0.0,0.0,Medium
0.5256075050485199,0.04574148018627474,1.222260851438477,1.0530024029380802,-1.1953278798403388,0.0467562699637713,-1.5935147922113375,0.5266436703980416,0.1232627363086668,1.0,0.0,0.0,0.0,0.0,0.0,0.0,0.0,Medium
-0.895405694970877,0.058338534869403366,1.2366836592907218,-0.3479419607339569,-2.845353408916933,0.8144920126205285,0.8224567988292162,0.5327128641921891,-0.42989627312450396,0.0,1.0,0.0,0.0,0.0,0.0,0.0,0.0,Medium
-0.47183445265740265,-0.8423508749742807,-0.436362051569663,0.29555401492401173,-1.0468826765324104,-1.1319895167415541,-0.5241503174884697,0.18676881792576053,-1.404509765935327,0.0,1.0,0.0,0.0,0.0,0.0,0.0,0.0,Medium
-1.387294879592976,-1.4785021364722672,-1.9002770485725005,0.034133774812962384,0.44898821833979585,0.0467562699637713,-0.20070056896118219,-0.025652964869414815,-1.5192808529265627,0.0,0.0,0.0,0.0,0.0,1.0,0.0,0.0,Medium
0.21134497042884598,0.10872675360191697,0.5227546706046098,0.5703804211946032,0.8543578119883705,0.7679625736716345,0.9874821807308933,-2.101317242467985,0.606806496255348,0.0,0.0,0.0,1.0,0.0,0.0,0.0,0.0,Low
0.23184035312143325,-0.7415744375092531,-0.20559712593374813,-2.3722730508246515,-1.7948181239685133,-0.18589092478070077,-0.2733117369979202,-1.021000747109665,-2.3847677384342423,0.0,0.0,1.0,0.0,0.0,0.0,0.0,0.0,High
1.2019551339039065,-0.9179332030730512,1.222260851438477,0.4162095103598817,-1.366610806734103,-2.27971567748095,0.9412750737984236,0.8058265849288432,0.008491649317430985,0.0,1.0,0.0,0.0,0.0,0.0,0.0,0.0,Medium
0.37530803196954504,1.210969038375656,0.3424695724515511,1.3948596400063757,-0.6529319446767528,1.4969237838709797,-0.3723269661389265,1.4066767705494823,1.7789767781494468,0.0,1.0,0.0,0.0,0.0,0.0,0.0,0.0,Low
-0.7041154565067276,0.5370266128282839,-0.47241907120027476,-1.3064828411411398,1.4253009016342506,0.7912272931460815,-1.4416914408617947,-1.3972907623468325,-0.8814546481719893,0.0,0.0,0.0,1.0,0.0,0.0,0.0,0.0,Medium
0.08837267427332143,-0.33846868764914295,-1.4820156208574038,0.034133774812962384,-0.14479259489191945,0.5895997243675395,0.9082699974180881,2.3838169714072888,0.7987188056505313,0.0,0.0,0.0,0.0,0.0,1.0,0.0,0.0,Medium
0.1908495877362587,0.052040007527838605,-0.7680866321712913,-1.594715413571272,-0.40171698523256555,-1.0621953583182127,0.9874821807308933,1.285292894666525,-0.3621625168673799,0.0,0.0,1.0,0.0,0.0,0.0,0.0,0.0,Medium
-0.1370765353451414,0.9716249993962156,-0.7320296125406794,0.5770835042743734,-0.8299243024669757,0.44225650102937336,2.2614781290118406,0.20497639930820397,0.9567642369171492,0.0,1.0,0.0,0.0,0.0,0.0,0.0,0.0,Low
-1.052536962280714,0.38586195663074313,0.2559327253380827,-0.5691437023663836,-2.1031273923772886,-0.34098905461034884,0.2943755767438493,-1.7189580334366696,-1.8654756071296343,0.0,1.0,0.0,0.0,0.0,0.0,0.0,0.0,High
-0.8270877526622521,0.4362501753632567,0.09007043503726883,-0.2272864652980879,-0.4531018633006947,0.24838383874231332,0.657431416927539,0.453813344868267,0.1270257227673951,0.0,0.0,0.0,0.0,0.0,0.0,1.0,0.0,Medium
0.5939254473571448,-0.43294659777260625,0.09007043503726883,0.14808618716906125,0.16922610441331465,0.7136782282312575,0.2019613628789097,-0.30483587940021634,0.364093869667326,0.0,0.0,0.0,0.0,1.0,0.0,0.0,0.0,Low
0.5187757108176578,0.14021939030973807,0.27035553319032757,-0.7300176962808762,0.9514181372281703,1.7528356980898998,-1.487898547794264,-0.2926974918119209,0.34339744414431633,1.0,0.0,0.0,0.0,0.0,0.0,0.0,0.0,Medium
-0.7587698103536272,1.8345232451905142,0.9554389061719508,0.014024525573651041,-0.07627942413441408,1.1557078982457547,-0.4317361036235302,-0.23200555387044222,0.8156522447148099,0.0,0.0,0.0,0.0,0.0,0.0,1.0,0.0,Medium
0.1908495877362587,-0.88644056636523,-0.09742606704191288,-1.4003260042579273,0.46040708013271364,-0.914852134980047,0.010531919872964762,-1.652196901701043,-1.513636373238469,0.0,0.0,0.0,1.0,0.0,0.0,0.0,0.0,Medium
-0.854414929585702,1.4377160226719676,0.20545289785522602,-0.24739571453739925,-0.36175096895735415,0.8377567320949755,-0.022473156507370667,-0.007445383486970956,0.3170565389332129,0.0,0.0,0.0,0.0,0.0,0.0,1.0,0.0,Medium
-0.02093603342047893,-0.8108582382664596,-1.3594217541133242,-0.5289252038877609,-1.5835691807995376,1.0781588333309307,2.2614781290118406,1.1760474063718627,-0.0027973100587565833,0.0,1.0,0.0,0.0,0.0,0.0,0.0,0.0,Medium
-1.291649760360901,0.4740413394126417,0.13333885859400252,0.7446605812686361,2.4187418776180825,0.14757005435304232,0.30757760729598366,1.2670853132840807,1.6792576369931267,0.0,0.0,0.0,0.0,0.0,0.0,1.0,0.0,Low
-0.3351985680401529,0.03314442550314612,1.1934152357339882,-0.019490889825201987,-1.5892786116959963,1.1091784592968597,-1.2832670742361847,1.103217080842089,-0.06864957308651383,0.0,1.0,0.0,0.0,0.0,0.0,0.0,0.0,Medium
0.04055011465728383,0.02684589816158225,-0.9700059421027168,-0.535628286967531,1.7964139099040728,-1.4809603088582621,-0.09508432454410917,0.44167495727997114,-0.05171613402223515,0.0,0.0,0.0,0.0,0.0,1.0,0.0,0.0,Medium
-1.1618456699745139,0.10872675360191697,-0.6959725929100677,0.4162095103598817,-0.47023015599007134,0.09328570891266527,-0.3789279814149937,0.44167495727997114,-0.5691267720974778,0.0,0.0,0.0,0.0,0.0,0.0,1.0,0.0,Medium
0.8603654223607822,1.8345232451905142,0.7030397687576686,-1.9499788167991088,0.17493553530977352,-0.759754005150399,-0.9928224020892326,1.7101364602568756,0.6764217457418362,0.0,0.0,1.0,0.0,0.0,0.0,0.0,0.0,Medium
2.178901708917242,1.3936263312810186,-0.40030503193905126,0.496646507317127,0.152097811723938,-0.47282246496554986,1.1459065473565029,-0.3594586235475475,1.5023972734328621,0.0,0.0,0.0,0.0,0.0,1.0,0.0,0.0,Low
-0.6221339257363775,-0.13061728537752332,-2.996410445343097,-0.4015666253721208,0.2491581369637378,-0.05405751442550081,-0.36572595086285936,-2.2287703121450906,-2.2888115837366523,0.0,0.0,0.0,0.0,0.0,1.0,0.0,0.0,High
1.160964368518731,-1.3336360076162899,0.04680201148053412,-0.8640793578762864,-0.23043405833880148,0.6283742568249515,1.0270882723872954,-2.077040467291394,-0.7290536965934624,0.0,0.0,0.0,1.0,0.0,0.0,0.0,0.0,Medium
-1.1413502872819266,-0.3258716329660143,0.8833248669107273,0.556974255035062,-0.7499922699165525,-1.05444045182673,0.16895628649857428,1.1639090187835677,-0.1495537819491896,0.0,0.0,0.0,0.0,0.0,0.0,1.0,0.0,Medium
-0.19856268342290317,1.072401436861243,0.22708710963359288,0.0274306917331913,-0.5216150340582004,-0.2711948961870079,0.9148710126941548,0.6965810966341817,0.7140516103291272,0.0,1.0,0.0,0.0,0.0,0.0,0.0,0.0,Low
-0.06192679880565346,-0.048736429937188595,-0.6743383811317009,1.649576797037655,-0.9954977984642809,0.6981684152482924,0.763047661344612,-0.6750567008432363,0.1307887092261234,0.0,1.0,0.0,0.0,0.0,0.0,0.0,0.0,Medium
-0.06875859303651653,0.675594214342697,-0.19117431808150323,0.060946107132043854,-0.002056822480449409,0.24062893225083137,0.8818659363138194,0.1442844613667257,0.6293844150077231,0.0,0.0,0.0,0.0,0.0,1.0,0.0,0.0,Low
-0.3488621565018781,0.6629971596595684,-0.6022243418704774,-1.4271383365770092,-0.5330338958511183,1.0161195813990715,-1.1776508298191113,0.5084360890155973,-0.702712791382359,0.0,0.0,1.0,0.0,0.0,0.0,0.0,0.0,Medium
-0.24638524303894077,0.7511765424414678,1.2006266396601102,-0.7635331116797287,-1.5093465791455731,0.5120506594527154,1.0336892876633632,-1.0816926850511437,-0.19847260591266683,0.0,1.0,0.0,0.0,0.0,0.0,0.0,0.0,Medium
-1.3463041142078012,0.04574148018627474,1.1573582161033764,0.7044420827900134,0.6031428525441836,0.9153057970097995,-0.0752812787159081,-0.8389249332852289,0.3528049102911384,0.0,0.0,0.0,0.0,0.0,0.0,1.0,0.0,Medium
-0.4035165103487778,0.36696637460604975,0.6309257294964451,0.9189407413426699,-0.3503321071644364,0.3336878101486193,0.05013801152936691,1.6555137161095446,1.1430320666242386,0.0,1.0,0.0,0.0,0.0,0.0,0.0,0.0,Low
0.7578885088978449,-0.08652759398657402,1.085244176842153,0.13468002100952003,2.4187418776180825,-0.9924011998948711,-0.8938071729482262,-0.923893646403299,0.6481993473013673,0.0,0.0,0.0,1.0,0.0,0.0,0.0,0.0,Medium
1.4410679319840936,-0.7226788554845606,-0.05415764348517817,1.4819997200433923,-0.1961774729600486,-0.643430407778163,-0.35912493558679265,-1.882826265878662,-0.40543686114276467,0.0,0.0,0.0,1.0,0.0,0.0,0.0,0.0,Medium
0.5802618588954197,0.9464308900299584,-0.12627168274640166,-1.1657180964659595,-0.36175096895735415,0.2328740257593483,2.2614781290118406,0.21711478689649988,0.913489892641767,0.0,0.0,1.0,0.0,0.0,0.0,0.0,0.0,Low
1.6186945819865177,1.0472073274949865,1.0419757532854181,0.6642235843113898,0.2891241532389496,0.44225650102937336,0.8092547682770818,-2.0466944983206545,1.2690921129916621,0.0,0.0,0.0,1.0,0.0,0.0,0.0,0.0,Low
0.38897162043127026,0.7511765424414678,0.13333885859400252,1.414968889245687,0.5403391126831364,-0.581391155846304,-1.4548934714139286,0.5266436703980416,0.6858292118886583,1.0,0.0,0.0,0.0,0.0,0.0,0.0,0.0,Low
0.5187757108176578,-0.9431273124393084,1.5611968359662276,-0.5557375362068429,1.0713161860538056,0.5585800984016094,0.2283654239831784,-0.28055910422362496,0.7234590764759493,0.0,0.0,0.0,0.0,1.0,0.0,0.0,0.0,Low
0.08154088004245837,-1.6863535387438864,0.44342922741726337,-1.2193427611041232,-1.024044952946575,0.7524527606886695,0.5188100961301296,1.4006075767553339,-0.35087355749119364,0.0,0.0,0.0,0.0,1.0,0.0,0.0,0.0,Medium
-0.06875859303651653,-0.8297538202911521,-0.09021466311578992,-0.5289252038877609,2.4187418776180825,-1.9229899788727594,-0.49774625638420106,1.1335630498128284,0.1270257227673951,0.0,0.0,0.0,0.0,0.0,0.0,0.0,1.0,Medium
0.14985882235108322,-1.5225918278632167,0.8039994237233808,-0.019490889825201987,-0.0991171477202492,1.5977375682602517,0.6244263405472036,-0.6629183132549409,0.14772214829040475,0.0,0.0,0.0,0.0,1.0,0.0,0.0,0.0,Medium
-1.851856887291625,1.0912970188859354,-1.1286568284774088,0.2352262672060777,-0.7328639772271763,2.342208591442562,0.7498456307924777,-0.5961571815193142,-0.07053106631587931,0.0,0.0,0.0,0.0,0.0,0.0,1.0,0.0,Medium
-0.5469841891968901,1.0157146907871655,1.1501468121772536,0.8385037443854236,-1.0640109692217867,1.5201885033454277,1.9908365026930905,-0.650779925666645,1.3405888557075132,0.0,1.0,0.0,0.0,0.0,0.0,0.0,0.0,Low
-0.2737124199623911,-2.838984042250139,1.070821368989908,-0.5624406192866134,-0.053441700548578545,-0.8450579765567056,-0.7881909285311532,0.8543801352820259,-1.2314123888337904,0.0,0.0,0.0,0.0,1.0,0.0,0.0,0.0,Medium
-2.0841378911409496,-1.396621281031932,1.1645696200294984,2.259557357296772,-0.12195487130608433,-0.2014007377636658,1.3637400514667175,-0.6204339566959056,0.06681793942773163,0.0,0.0,0.0,0.0,0.0,0.0,1.0,0.0,Medium
1.0994782204409692,-0.5211259805545053,0.2559327253380827,-1.3936229211781566,-0.6871885300555056,-0.938116854454494,0.40659283643698996,1.036455949106462,-0.24174695018805162,0.0,0.0,1.0,0.0,0.0,0.0,0.0,0.0,Medium
-1.093527727665889,-0.5841112539701475,1.0059187336548066,-0.8506731917167452,-0.3845886925431893,-0.015282981968088798,-1.6067168227634718,-0.462634918048061,-1.4797694951099076,1.0,0.0,0.0,0.0,0.0,0.0,0.0,0.0,Medium
-1.1686774642053763,-0.26918488689193637,-1.236827887369244,0.20171085180722514,-0.4188452779219422,-0.852812883048188,-0.10168533982017589,-0.8146481581086376,-1.6189999940828828,0.0,0.0,0.0,0.0,0.0,1.0,0.0,0.0,Medium
0.1566906165819463,-0.9179332030730512,-0.09021466311578992,-0.1602556345003828,-0.24185292013171925,-0.49608718443999744,0.1755573017746419,0.9150720732235046,-0.20788007205949025,0.0,0.0,0.0,0.0,1.0,0.0,0.0,0.0,Medium
-1.2711543776683136,-0.7226788554845606,-0.3426138005300727,-0.78364236091904,0.9114521209529585,-0.814038350590776,-1.0456305242977695,-1.1545230105809177,-1.786452891496324,0.0,0.0,0.0,0.0,0.0,0.0,1.0,0.0,High
-0.46500265842654054,-0.8234552929495877,0.5227546706046098,-0.6830961147224824,0.043618624691220846,0.5353153789271624,1.3901441125709852,-0.5900879877251662,-0.08934599860952347,0.0,0.0,0.0,0.0,1.0,0.0,0.0,0.0,Medium
-1.5922487065188506,1.5258954054538671,-0.3642480123084395,-0.9981410194716966,-0.3845886925431893,-0.4650675584740679,0.4990070503019286,-1.4337059251117197,-1.1241672747600127,0.0,0.0,0.0,0.0,0.0,0.0,1.0,0.0,Medium
0.928683364669407,-0.09282612132813833,0.4145836117127746,1.4752966369636222,0.5117919582008423,-0.643430407778163,0.12935019484217214,0.16249204274916915,1.062127857761563,0.0,0.0,0.0,0.0,0.0,0.0,0.0,1.0,Low
-1.2301636122831388,0.04574148018627474,1.2366836592907218,0.05424302405227372,-0.06486056234149631,2.280169339510703,-1.47469651724213,-1.7189580334366696,-0.5108004819871784,0.0,0.0,0.0,1.0,0.0,0.0,0.0,0.0,Medium
0.0132229377338335,-1.7619358668426572,-0.6094357457965993,-0.11333405294198903,1.0313501697785938,1.1479529917542715,0.45940095864552644,0.3931214069267884,0.1966409722538833,0.0,0.0,0.0,0.0,1.0,0.0,0.0,0.0,Medium
-0.12341294688341622,-0.8990376210483586,1.35206612210868,-0.07311555446336589,0.8029729339202417,-0.1781360182892188,0.6838354780318068,-0.007445383486970956,0.5541246858331411,0.0,0.0,0.0,0.0,1.0,0.0,0.0,0.0,Low
0.3548126492769578,-1.2202625154681341,-1.8930656446463778,0.24192935028584783,1.2939839910156983,-0.13160657934032483,-0.3261198592064572,2.3838169714072888,0.43370911915381155,0.0,0.0,0.0,0.0,0.0,1.0,0.0,0.0,Medium
-0.3010395968858405,0.6692956870011332,0.09007043503726883,-0.7568300285999582,-0.5044867413688242,0.5508251919101275,0.3537847142284525,-1.3548064057877975,-0.5296154142808226,0.0,0.0,0.0,1.0,0.0,0.0,0.0,0.0,Medium
0.1566906165819463,-0.4392451251141706,-1.8281630093112768,-1.0115471856312372,-0.002056822480449409,0.4189917815549264,0.06334004208150126,-0.8389249332852289,-1.2370568685218843,0.0,0.0,0.0,0.0,0.0,1.0,0.0,0.0,Medium
0.3958034146621333,-0.4707377618219917,0.10449324288951271,-1.5544969150926489,-0.002056822480449409,-0.8683226960311525,0.195360347602843,-0.8692709022559683,-1.0827744237139934,0.0,0.0,1.0,0.0,0.0,0.0,0.0,0.0,Medium
0.5939254473571448,-2.0264740151883545,-0.9267375185459832,0.8787222428640463,-0.9384034894996928,1.9622181733599238,0.1029461337379034,0.8907952980469136,0.0442400206753565,0.0,0.0,0.0,0.0,1.0,0.0,0.0,0.0,Medium
-0.05509500457479136,1.3243425305238117,-0.9267375185459832,0.37599101188125805,-0.6015470666086236,-0.5658813428633389,1.291128883429979,1.1699782125777152,0.7987188056505313,0.0,0.0,0.0,0.0,0.0,1.0,0.0,0.0,Low
1.1336371915952816,0.6441015776348759,0.7823652119450141,0.047539940972503594,1.6650969992855205,-0.9613815739289415,0.4131938517130566,0.2474607558672392,1.5400271380201531,0.0,0.0,0.0,0.0,0.0,0.0,0.0,1.0,Low
-0.41034830457964033,-2.530356202513492,-0.5517445143876207,0.12797693792974896,-0.3674603998538126,0.45001140752085533,-0.2733117369979202,0.5934048021336678,-1.103470849237003,0.0,0.0,0.0,0.0,1.0,0.0,0.0,0.0,Medium
-0.4854980411191278,0.8267588705402387,-0.8762576910631265,-0.6629868654831711,1.2597274056369459,-2.535627591699869,1.099699440424034,1.9832501809935297,0.5334282603101315,0.0,0.0,0.0,0.0,0.0,0.0,0.0,1.0,Medium
0.68957056658922,-0.4077524884063495,1.5323512202617389,-1.4740599181354024,-0.5044867413688242,-0.2711948961870079,0.6970375085839412,-2.289462250086569,-0.8607582226489796,0.0,0.0,0.0,1.0,0.0,0.0,0.0,0.0,Medium
0.6007572415880079,0.14651791765130195,-0.42915064764354055,0.617302002752997,1.3682065926696627,-0.5658813428633389,-0.4647411800038656,-0.2684207166353295,0.46005002436491493,1.0,0.0,0.0,0.0,0.0,0.0,0.0,0.0,Low
-0.41034830457964033,-0.0991246486697022,-0.12627168274640166,0.33577251340263536,0.6373994379229362,-0.4805773714570324,0.036935980977232545,0.47809012004485796,0.21357441131816465,0.0,0.0,0.0,0.0,0.0,0.0,1.0,0.0,Low
-1.6469030603657504,0.1717120270175592,0.44342922741726337,0.44972492575873424,-1.1153958472899157,0.17858968031897127,-0.4647411800038656,-0.23807474766459016,-0.8626397158783438,0.0,0.0,0.0,0.0,0.0,0.0,1.0,0.0,Medium
-0.9705554315103644,-0.5085289258713767,0.12612745466788058,0.8250975782258825,-0.3217849526821424,-0.7287343791844695,-1.402085349205392,2.3838169714072888,-0.12321287673808617,1.0,0.0,0.0,0.0,0.0,0.0,0.0,0.0,Medium
1.6801807300642806,-0.6785891640936108,0.18381868607685917,0.26874168260493025,0.23202984427436155,1.8846691084450997,0.38678979060878793,0.09573091101354253,1.321773923413869,0.0,0.0,0.0,0.0,1.0,0.0,0.0,0.0,Low
-0.07559038726737863,-1.3210389529331616,0.3424695724515511,1.3345318922884408,1.1683765112936046,0.0467562699637713,-0.6627716382858783,0.38705221313264,0.46945749051173974,0.0,0.0,0.0,0.0,1.0,0.0,0.0,0.0,Medium
-0.05509500457479136,1.0535058548365503,0.8616906551323594,0.1816016025679138,-0.04773226965212007,0.8997959840268356,0.16235527122250756,-0.44442733666561757,0.8570450957608292,0.0,0.0,0.0,1.0,0.0,0.0,0.0,0.0,Low
0.38897162043127026,-0.28808046891662886,-0.22001993378599305,0.9055345751831287,1.2140519584652756,-1.1630091427074842,-1.844353372701887,1.8315203361398331,0.473220476970468,1.0,0.0,0.0,0.0,0.0,0.0,0.0,0.0,Medium
2.131079149301204,-1.1257846053446707,-0.9844287499549618,1.2607979784109655,-0.4188452779219422,1.0859137398224126,1.2779268528778445,-0.7236102511964195,0.7667334207513341,0.0,0.0,0.0,0.0,1.0,0.0,0.0,0.0,Medium
1.6596853473716933,-0.06133348462031722,-0.6166471497227218,0.26874168260493025,1.7050630155607323,-2.6829708150380345,-1.0192264631935013,1.467368708490961,0.535309753539497,0.0,0.0,0.0,0.0,0.0,0.0,0.0,1.0,Medium
-0.47183445265740265,1.3684322219147615,-0.6454927654272111,-0.10663096986221843,0.08358464096643262,0.7059233217397755,0.4792040044737275,1.1457014374011234,0.9642902098346084,0.0,0.0,0.0,0.0,0.0,1.0,0.0,0.0,Low
0.4094670031238575,1.0472073274949865,-0.5373217065353758,0.617302002752997,-0.3503321071644364,-0.14711639232328877,0.16895628649857428,-0.04386054625185824,0.42806463946572043,0.0,0.0,0.0,0.0,0.0,1.0,0.0,0.0,Low
-1.2574907892065885,0.5118325034620276,2.368874075691931,-1.2528581765029758,0.03790919379476196,0.3957270620804794,1.938028380484553,-1.6764736768776345,0.2681377149697343,0.0,0.0,0.0,1.0,0.0,0.0,0.0,0.0,Medium
-0.04826321034392829,2.2187334130259315,-1.936334068203112,-0.32783271149464555,-2.0174859289304066,1.1867275242116835,-2.022580785155698,0.17463043033746506,-1.058315011732254,0.0,1.0,0.0,0.0,0.0,0.0,0.0,0.0,High
-1.4692764103633258,-1.5981741559619875,0.054013415406657085,-1.1590150133861887,-0.3274943835786013,-0.3177243351359018,-0.39873102724319476,-0.5476036311661311,-2.078084342047826,0.0,0.0,0.0,0.0,1.0,0.0,0.0,0.0,High
-0.4513390699648154,0.959027944713087,-1.0637541931423078,-2.2516175553887816,-1.0126260911536575,2.241394807053291,0.7960527377249474,0.30208350001457035,-0.27185084185788333,0.0,0.0,1.0,0.0,0.0,0.0,0.0,0.0,Medium
-1.052536962280714,-0.5778127266285832,0.23429851355971584,1.461890470804081,1.345368869083828,0.9385705164842476,-0.029074171783438317,-1.4033599561409804,0.29636011341020324,0.0,0.0,0.0,1.0,0.0,0.0,0.0,0.0,Medium
-1.4761082045941882,1.771537971774872,-0.6022243418704774,0.014024525573651041,1.1740859421900638,-1.0234208258608006,-1.1116406770584404,-0.729679444990567,-0.5427858668863743,0.0,0.0,0.0,0.0,0.0,0.0,1.0,0.0,Medium
0.33431726658437055,-0.3069760509413218,-3.1262157160133,-0.05300630522405454,0.4432787874433374,0.09328570891266527,-0.867403111843958,-3.296948419915115,-2.4129901368747113,0.0,0.0,0.0,1.0,0.0,0.0,0.0,0.0,High
-0.8817421065091517,0.34177226523979337,1.4746599888527592,0.9256438244224401,2.2189117962420246,-0.1781360182892188,0.7960527377249474,-1.7189580334366696,1.1072836952663132,0.0,0.0,0.0,1.0,0.0,0.0,0.0,0.0,Low
0.42313059158558264,0.34807079258135726,0.04680201148053412,0.1816016025679138,-0.9155657659138577,2.125071209681055,2.10305376238623,-0.8632017084618203,1.0357869525504595,0.0,1.0,0.0,0.0,0.0,0.0,0.0,0.0,Medium
-1.045705168049852,2.010882010754312,-0.6815497850578228,0.865316076704505,0.39189390937520785,-1.3879014309604736,0.888466951589887,-0.5718804063427229,0.3076490727863908,0.0,0.0,0.0,0.0,0.0,0.0,1.0,0.0,Medium
0.054213703119009,2.0801658115115185,-0.6094357457965993,0.865316076704505,-0.7214451154342585,-0.15487129881477182,-0.7023777299422809,0.453813344868267,0.4807464498879246,0.0,1.0,0.0,0.0,0.0,0.0,0.0,0.0,Medium
-0.936396460356052,-1.4596065544475745,-0.4147278397912962,-0.09992788678244782,0.02078090110538572,0.6206193503334684,-0.7551858521508178,-0.7721638015496023,-1.4082727523940552,0.0,0.0,0.0,0.0,1.0,0.0,0.0,0.0,Medium
-0.16440371226859074,0.16541349967599533,0.8039994237233808,-0.17366180065992354,1.2540179747404865,-0.37200868057627884,1.2581238070496434,-0.025652964869414815,1.0489574051560127,0.0,0.0,0.0,0.0,0.0,0.0,1.0,0.0,Low
0.7168977435126693,0.9401323626883945,-0.32097958875170535,0.8452068274651937,-1.5378937336278673,0.4577663140123384,-1.3426762117207884,0.6662351276634424,0.07434391234518822,0.0,1.0,0.0,0.0,0.0,0.0,0.0,0.0,Medium
0.34114906081523266,-0.9053361483899229,0.16218447429849234,0.20841393488699528,0.40902220206458406,-0.41853811952517284,0.2811735461917149,-0.371597011135843,-0.09687197152698275,0.0,0.0,0.0,0.0,1.0,0.0,0.0,0.0,Medium
1.482058697369268,0.20950319106694418,-0.42193924371741864,-0.2138802991385467,-1.6349540588676668,-0.9613815739289415,-1.2700650436840504,1.4127459643436298,-0.49386704292289707,0.0,1.0,0.0,0.0,0.0,0.0,0.0,0.0,Medium
0.08837267427332143,-0.40145396106478515,0.28477834104257144,0.6307081689125372,1.6422592756996857,0.8144920126205285,0.6112243099950693,-0.9056860650208556,0.9849866353576181,0.0,0.0,0.0,1.0,0.0,0.0,0.0,0.0,Low
-1.742548179597825,-0.7289773828261245,1.215049447512355,1.1334393998953256,1.43101033253071,1.3728452800072617,-0.0554782328877061,-1.4276367313175717,0.3546864035205039,0.0,0.0,0.0,0.0,0.0,0.0,1.0,0.0,Medium
0.764720303128707,-0.5526186172623264,-0.724818208614557,1.9780278679464105,1.1112822023290165,-1.5352446542986393,-2.854308709940151,-0.6689875070490884,-0.7685650544101176,1.0,0.0,0.0,0.0,0.0,0.0,0.0,0.0,Medium
1.78948943775808,0.039442952844710874,-1.460381409079037,0.10786768869043761,-0.3103660908892246,1.814874950021759,1.4561542653316562,-0.7660946077554543,0.8363486702378196,0.0,0.0,0.0,0.0,0.0,1.0,0.0,0.0,Medium
1.085814631979244,0.927535308005266,0.3857379960082848,-1.56790308125219,0.12355065724164399,1.2642765891265075,1.3901441125709852,0.5751972207512244,1.4478339697812896,0.0,0.0,1.0,0.0,0.0,0.0,0.0,0.0,Low
0.02005473196469657,-1.0942919686368497,0.35689238030379494,0.06764919021181494,1.1855048039829816,0.9230607035012826,1.6805887847179373,-0.6932642822256802,0.8363486702378196,0.0,0.0,0.0,0.0,1.0,0.0,0.0,0.0,Low
0.48461673966334545,-1.1761728240771843,-0.9844287499549618,-0.7769392778392695,0.4946636655114661,0.4732761269953034,1.0732953793197653,-1.6157817389361557,-0.7629205747220238,0.0,0.0,0.0,1.0,0.0,0.0,0.0,0.0,Medium
-0.041431416113066194,-1.4910991911553955,0.29920114889481636,0.8452068274651937,0.7630069176450299,-0.05405751442550081,0.6376283710993379,0.5934048021336678,0.5785840978148817,0.0,0.0,0.0,0.0,1.0,0.0,0.0,0.0,Low
0.6349162127423204,0.6944897963673895,-1.1791366559602654,0.37599101188125805,0.26628642965311405,0.4112368750634433,-0.8409990507396897,1.2428085381074898,0.6425548676132762,0.0,0.0,0.0,0.0,0.0,1.0,0.0,0.0,Low
-0.29420780265497837,0.34807079258135726,2.368874075691931,-0.6965022808820236,0.8258106575060764,0.3957270620804794,-1.1644487992669768,0.4113289883092318,0.7610889410632403,1.0,0.0,0.0,0.0,0.0,0.0,0.0,0.0,Low
-0.20539447765376626,-1.2517551521759551,-0.5373217065353758,0.9725654059808339,-0.4074264161290244,0.5353153789271624,-0.8740041271200252,-0.11669087178163282,-0.7346981762815562,0.0,0.0,0.0,0.0,1.0,0.0,0.0,0.0,Medium
-0.8749103122782896,-2.7445061321266757,0.3136239567470613,0.5770835042743734,1.43101033253071,0.8765312645523875,-0.8145949896354214,1.139632243606976,-0.01408626943494415,0.0,0.0,0.0,0.0,1.0,0.0,0.0,0.0,Medium
0.2181767646597081,-0.5274245078960696,-0.6310699575749666,0.20171085180722514,0.42044106385750185,-1.9152350723812768,-0.19409955368511547,-0.644710731872497,-0.9830552825576734,0.0,0.0,0.0,0.0,0.0,0.0,0.0,1.0,Medium
-0.854414929585702,0.4929369214373342,-0.3858822240868069,1.401562723086146,0.3005430150318669,0.4577663140123384,1.1129014709761673,-1.6036433513478603,0.2925971269514723,0.0,0.0,0.0,1.0,0.0,0.0,0.0,0.0,Medium
-0.30787139111670303,0.02684589816158225,-0.09742606704191288,0.5435680888755208,-0.4416830015077773,-0.5038420909314799,-1.547307685278868,-0.40801217390073025,-0.9811737893283092,1.0,0.0,0.0,0.0,0.0,0.0,0.0,0.0,Medium
-0.5811431603512025,-0.3006775235997575,-0.9988515578072067,1.0798147352571617,0.7972635030237825,1.7528356980898998,0.003930904596897114,-0.9117552588150031,0.24932278267609018,0.0,0.0,0.0,0.0,0.0,1.0,0.0,0.0,Medium
-1.653734854596613,0.6504001049764397,0.6669827491270568,-1.4338414196567797,0.0892940718628915,0.2716485582167603,0.043536996253300195,0.26566833724968264,-0.37345147624356745,0.0,0.0,0.0,0.0,0.0,0.0,1.0,0.0,Medium
0.1430270281202211,-0.5085289258713767,1.9506126479768349,0.24192935028584783,-1.0012072293607397,0.015736643997841252,-0.4251350883474635,0.8665185228703218,0.3565678967498667,0.0,1.0,0.0,0.0,0.0,0.0,0.0,0.0,Medium
0.06787729158073319,0.22210024575007278,-0.37145941623456197,-1.0316564348705493,-0.7442828390200936,0.5508251919101275,-0.3327208744825239,-0.092414096605041,-0.6707274064831618,0.0,0.0,1.0,0.0,0.0,0.0,0.0,0.0,Medium
-0.2737124199623911,-1.113187550661542,2.1597433618343826,0.04083685789273251,0.04932805558767973,0.7214331347227394,2.0568466554537617,-1.3123220492287624,0.6726587592831079,0.0,0.0,0.0,1.0,0.0,0.0,0.0,0.0,Medium
-0.10291756419082895,-1.157277242052492,-1.4531700051529144,0.2486324333656189,0.7116220395769004,1.907933827919548,0.16895628649857428,2.3838169714072888,1.0019200744218995,0.0,0.0,0.0,0.0,0.0,1.0,0.0,0.0,Medium
-1.291649760360901,-0.9809184764886933,0.9193818865413391,1.7635292093937538,-0.8870186114315637,0.6826586022653274,0.9016689821420214,0.40525979451508426,0.42806463946572043,0.0,0.0,0.0,0.0,0.0,0.0,1.0,0.0,Medium
-2.008988154601462,0.4362501753632567,0.3064125528209393,-1.4874660842949436,-0.053441700548578545,1.8458945759876877,-1.9895757087753627,-0.007445383486970956,-1.1241672747600127,1.0,0.0,0.0,0.0,0.0,0.0,0.0,0.0,Medium
-0.2327216545772156,-1.1761728240771843,0.42900641956501845,-1.071874933349172,0.6373994379229362,-0.35649886759331384,0.3999918211609223,0.6905119028400333,-0.19094663299520892,0.0,0.0,0.0,0.0,1.0,0.0,0.0,0.0,Medium
-0.7519380161227647,0.38586195663074313,-0.08300325918966797,0.9323469075022102,-1.280969343287221,0.4810310334867854,0.3207796378481171,-1.294114467846319,-0.584178717932395,0.0,1.0,0.0,0.0,0.0,0.0,0.0,0.0,Medium
0.19768138196712082,-0.9998140585133863,0.5371774784568537,0.9457530736617514,-2.565591294990451,1.2565216826350256,-0.002670110679169597,0.10786929860183843,-0.43365925958323226,0.0,1.0,0.0,0.0,0.0,0.0,0.0,0.0,Medium
-0.7656016045844898,0.39216048397230696,0.039590607554412176,0.0274306917331913,0.4661165110291721,1.0161195813990715,1.3967451278470528,-0.7721638015496023,0.6049250030259852,0.0,0.0,0.0,1.0,0.0,0.0,0.0,0.0,Low
1.7758258492963548,-2.9649545890814233,-0.4796304751263972,1.7166076278353601,0.3405090313070787,0.20185439979341935,-0.17429650785691392,0.13821526757257777,0.14395916183167645,0.0,0.0,0.0,0.0,1.0,0.0,0.0,0.0,Medium
-0.5401523949660275,-0.01094526588780362,-0.5733787261659876,0.30896018108355294,1.3225311454979924,0.45001140752085533,0.9016689821420214,1.0728711118713496,1.1505580395416952,0.0,0.0,0.0,0.0,0.0,1.0,0.0,0.0,Low
-0.8407513411239773,1.9290011553139776,-0.7103954007623127,-1.0517656841098606,-1.3837390994234795,-1.108724797267107,-1.1182416923345075,0.44167495727997114,-1.3029091315496415,0.0,1.0,0.0,0.0,0.0,0.0,0.0,0.0,High
-0.8612467238165645,-2.22802689011841,0.3136239567470613,-0.5825498685259247,0.35192789309999606,-0.16262620530625377,0.7894517224488807,0.04717736066035976,-0.8362988106672403,0.0,0.0,0.0,0.0,1.0,0.0,0.0,0.0,Medium
-0.5128252180425776,-0.7604700195339456,0.18381868607685917,0.7714729135877185,1.2654368365334043,-0.798528537607811,-0.9268122493285617,0.453813344868267,-0.004678803288122069,1.0,0.0,0.0,0.0,0.0,0.0,0.0,0.0,Medium
2.178901708917242,-0.4707377618219917,1.9073442244201002,1.6026552154792613,-2.057451945205618,-1.015665919369318,1.3241339598103143,-1.7128888396425217,0.4111312004014391,0.0,1.0,0.0,0.0,0.0,0.0,0.0,0.0,Medium
-1.455612821901601,0.1528164449928667,1.366488929960924,0.9591592398212926,0.7002031777839834,-0.6279205947951979,-0.7551858521508178,-1.3244604368170583,-0.347110571032464,0.0,0.0,0.0,0.0,0.0,0.0,1.0,0.0,Medium
0.6212526242805951,-0.18100550411003735,-0.10463747096803483,-0.810454693238122,0.5974334216477244,-1.4111661504349207,1.2977298987060466,-0.4019429801065823,-0.047953147563504175,0.0,0.0,0.0,0.0,0.0,0.0,0.0,1.0,Medium
0.928683364669407,-0.004646738546238861,-0.9916401538810842,-2.2516175553887816,-1.0754298310147044,-0.28670470916997287,-0.8145949896354214,0.31422188760286623,-1.4948214409448235,0.0,0.0,1.0,0.0,0.0,0.0,0.0,0.0,Medium
-1.5580897353645382,-0.4392451251141706,-1.1863480598863874,-0.414972791531662,0.5974334216477244,1.2565216826350256,-0.728781791046549,1.4612995146968126,-0.29819174706898677,0.0,0.0,0.0,0.0,0.0,0.0,1.0,0.0,Medium
-0.9090692834326021,0.8582515072480598,-0.2560769534166043,-1.7488863244059936,0.5117919582008423,-0.29445961566145484,2.24167508318364,-1.4458443127000156,-0.330177131968184,0.0,0.0,1.0,0.0,0.0,0.0,0.0,0.0,Medium
0.4914485338942075,0.7322809604167754,-0.06858045133742308,0.7178482489495547,-0.8584714569492696,1.2565216826350256,-0.550554378592738,0.089661717219395,0.5371912467688624,0.0,1.0,0.0,0.0,0.0,0.0,0.0,0.0,Low
-0.8339195468931146,-0.017243793229367484,-0.5373217065353758,0.5837865873541445,0.10642236455226774,0.9308156099927645,0.36038572950452014,-0.2441439414587377,0.09692183109756336,0.0,0.0,0.0,0.0,0.0,0.0,1.0,0.0,Medium
1.0653192492866568,1.1605808196431424,-0.06858045133742308,-0.3412388776541863,-0.2989472290963073,0.8532665450779405,-0.33932188975859107,1.2610161194899332,1.1618469989178828,0.0,1.0,0.0,0.0,0.0,0.0,0.0,0.0,Low
0.9355151589002692,-2.1209519253118176,0.3136239567470613,0.985971572140375,1.077025616950264,-0.9226070414715295,-1.2964691047883186,0.556989639368781,-0.10439794444444202,0.0,0.0,0.0,0.0,1.0,0.0,0.0,0.0,Medium
0.532439299279383,1.2487602024250408,0.06122481933277902,0.08775843945112627,0.38047504758229006,-0.21691055074663082,-0.8277970201875554,-0.8146481581086376,0.17970753318960195,1.0,0.0,0.0,0.0,0.0,0.0,0.0,0.0,Medium
-2.0568107142174994,0.1024282262603531,0.1766072821507362,2.4003221019719523,1.3910443162554982,0.24838383874231332,-0.16109447730478005,0.3445678565736056,0.9548827436877864,0.0,0.0,0.0,0.0,0.0,0.0,1.0,0.0,Medium
0.60758903581887,0.12762233562660946,-0.47241907120027476,1.4954058862029336,-0.9441129203961517,-1.4499406828923327,0.12935019484217214,-0.6629183132549409,-0.41108134083085845,0.0,1.0,0.0,0.0,0.0,0.0,0.0,0.0,Medium
0.9150197762076818,-1.0502022772458999,1.3881231417392919,0.3022570980037828,1.4367197634271685,-1.201783675164896,2.2614781290118406,1.0789403056654971,1.933259222957339,0.0,0.0,0.0,0.0,1.0,0.0,0.0,0.0,Low
-1.626407677673163,0.41105606599699945,0.3641037842299179,0.14808618716906125,1.6536781374926026,-0.7519990986589165,-0.3129178286543228,-1.561158994788825,-0.4995115226109908,0.0,0.0,0.0,1.0,0.0,0.0,0.0,0.0,Medium
0.293326501199196,-0.38885690638165654,0.2559327253380827,-0.32783271149464555,-1.5892786116959963,1.1557078982457547,0.26137050036351384,1.6190985533446576,0.34151595091495085,0.0,1.0,0.0,0.0,0.0,0.0,0.0,0.0,Medium
0.68957056658922,-0.24399077752567958,-0.5012646869047641,0.2218201010465365,0.5003730964079254,-0.37200868057627884,-1.3426762117207884,-0.4869116932246524,-0.5126819752165426,1.0,0.0,0.0,0.0,0.0,0.0,0.0,0.0,Medium
1.3522546069828814,0.8708485619311875,-0.5373217065353758,-1.5611999981724194,0.16922610441331465,0.00022683101487622702,-0.9730193562610314,1.8497279175222765,0.507087355099028,0.0,0.0,1.0,0.0,0.0,0.0,0.0,0.0,Medium
-1.2779861718991763,-0.11172170335283083,-1.1935594638125098,-1.2863735919018284,-1.166780725358045,0.9773450489416596,0.7762496918967464,-1.300183661640467,-1.7337710810741185,0.0,1.0,0.0,0.0,0.0,0.0,0.0,0.0,High
2.178901708917242,0.11502528094348083,0.8256336355017477,0.047539940972503594,-0.7614111317094703,-0.4883322779485149,-0.1280894009244446,-0.923893646403299,0.21357441131816465,0.0,0.0,0.0,1.0,0.0,0.0,0.0,0.0,Medium
1.092646426210106,1.2739543117912981,1.6333108752274512,0.12127385484997882,0.8143917957131594,0.3414427166401024,0.4131938517130566,0.1928380117199085,2.0875416677652288,0.0,0.0,1.0,0.0,0.0,0.0,0.0,0.0,Low
-0.4240118930413655,-0.9242317304146155,1.0059187336548066,-0.5624406192866134,-0.20188690385650748,0.16307986733600735,1.0930984251479663,0.035038973072063856,0.008491649317430985,0.0,0.0,0.0,0.0,1.0,0.0,0.0,0.0,Medium
-0.9090692834326021,-0.5904097813117118,0.9121704826152162,-0.30772346225533376,-1.1096864163934568,-1.3181072725371321,0.7762496918967464,-0.8935476774325596,-1.2709237466504457,0.0,1.0,0.0,0.0,0.0,0.0,0.0,0.0,Medium
-0.4854980411191278,-0.7226788554845606,-0.869046287137004,-1.2796705088220577,-0.2190151965458841,-0.5969009688292685,0.08974410318576904,0.9696948173708357,-1.0319741065211505,0.0,0.0,1.0,0.0,0.0,0.0,0.0,0.0,Medium
-2.596522458455636,0.4047575386554356,0.29920114889481636,1.2473918122514245,-0.5330338958511183,-1.5585093737730862,-0.9664183409849643,-0.8510633208735244,-1.5738441565781338,0.0,0.0,0.0,0.0,0.0,0.0,1.0,0.0,High
-0.7177790449684522,0.14021939030973807,-0.09021466311578992,0.18830468564768393,-1.6463729206605844,-0.8838325090141176,0.8356588293813505,-0.8510633208735244,-1.1373377273655643,0.0,1.0,0.0,0.0,0.0,0.0,0.0,0.0,Medium
1.2292823108273558,1.9793893740464912,0.054013415406657085,-0.7702361947594989,-1.3723202376305619,0.12430533487859532,0.4726029891976608,0.7754806159581038,0.8514006160727381,0.0,1.0,0.0,0.0,0.0,0.0,0.0,0.0,Low
1.0174966896706192,0.039442952844710874,-0.58059013009211,0.4229125934396518,-0.013475684273367174,0.7136782282312575,0.8158557835531485,0.2778067248379785,0.9323048249354112,0.0,0.0,0.0,0.0,0.0,1.0,0.0,0.0,Low
0.3548126492769578,1.2172675657172198,0.6020801137919553,1.58254596623995,-0.5501621885404945,1.0704039268394476,-0.7551858521508178,-0.0499297400460062,1.137387586936145,1.0,0.0,0.0,0.0,0.0,0.0,0.0,0.0,Low
-0.6631246911215525,1.8030306084826933,-0.869046287137004,0.7848790797472598,-0.9726600748784457,0.44225650102937336,-0.29311478282612174,-1.7189580334366696,-0.5992306637673108,0.0,0.0,0.0,1.0,0.0,0.0,0.0,0.0,Medium
-2.1387922449878496,1.6959556436761012,-0.6743383811317009,-1.4472475858163205,-0.9441129203961517,0.8687763580609055,0.43959791281732535,0.21104559310235235,-0.7177647372172749,0.0,0.0,0.0,0.0,0.0,0.0,1.0,0.0,Medium
0.846701833899057,1.210969038375656,0.3929493999344067,-1.112093431827795,1.2996934219121576,1.4736590643965326,-0.550554378592738,0.84224174769373,1.5945904416717227,0.0,0.0,1.0,0.0,0.0,0.0,0.0,0.0,Low
0.2523357358140205,2.2187334130259315,0.025167799702167273,0.5837865873541445,-0.4359735706113184,0.7214331347227394,0.003930904596897114,-1.882826265878662,0.43935359884190534,0.0,0.0,0.0,1.0,0.0,0.0,0.0,0.0,Medium
0.22500855889057114,-0.048736429937188595,0.032379203628289215,0.9323469075022102,-1.1553618635651275,-0.953626667437459,-0.43833711889959737,0.4295365696916752,-0.3583995304086516,0.0,1.0,0.0,0.0,0.0,0.0,0.0,0.0,Medium
0.8193746569756066,-1.3588301169825467,0.42179501563889654,0.06764919021181494,-1.7548521076933017,0.2871583711997253,-0.5043472716602683,0.44167495727997114,-0.7083572710704528,0.0,1.0,0.0,0.0,0.0,0.0,0.0,0.0,Medium
-0.9705554315103644,-0.4707377618219917,0.06122481933277902,-0.8975947732751389,-1.3894485303199384,0.15532496084452427,-1.0654335701259705,-0.6932642822256802,-1.978365200891506,0.0,1.0,0.0,0.0,0.0,0.0,0.0,0.0,High
-1.373631291131251,0.06463706221096722,0.9842845218764397,0.4162095103598817,-0.3503321071644364,-0.5969009688292685,-0.029074171783438317,-0.12276006557578034,-0.3659255033261095,0.0,0.0,0.0,0.0,0.0,0.0,1.0,0.0,Medium
0.7442249204361197,0.08983117157722448,-0.6166471497227218,0.7245513320293248,1.3111122837050746,1.1401980852627895,1.4627552806077238,-0.4747733056363569,1.5663680432312563,0.0,0.0,0.0,0.0,0.0,1.0,0.0,0.0,Low
1.1063100146718312,1.028311745470293,-0.8762576910631265,2.0986833633822792,0.2605769987566556,0.37246234260603134,-0.5901604702491406,-0.8389249332852289,0.900319440036214,0.0,0.0,0.0,1.0,0.0,0.0,0.0,0.0,Low
-0.5469841891968901,0.22210024575007278,-1.4964384287096486,2.205932692658607,-0.9612412130855283,1.4348845319391206,0.4726029891976608,1.3338464450197078,0.9059639197243078,0.0,0.0,0.0,0.0,0.0,1.0,0.0,0.0,Medium
-1.387294879592976,-2.5114606204888,-0.47241907120027476,1.2809072276502769,-0.29323779819984835,0.7059233217397755,-1.0390295090217023,-1.828203521731331,-2.1044252472589293,0.0,0.0,0.0,0.0,1.0,0.0,0.0,0.0,High
-0.0345996218822041,0.08983117157722448,-0.8618348832108815,0.007321442493879959,0.7230409013698181,-1.3723916179775086,-1.94996961711896,-2.477607257705153,-2.0291655180843486,0.0,0.0,0.0,1.0,0.0,0.0,0.0,0.0,High
0.2728311185066078,1.1542822923015776,0.23429851355971584,-1.0785780164289425,0.5346296817866779,-0.0075280754766057344,-0.728781791046549,-1.5854357699654165,-0.43365925958323226,0.0,0.0,0.0,1.0,0.0,0.0,0.0,0.0,Medium
2.178901708917242,-3.053133971863323,-0.6959725929100677,0.8519099105449649,0.3462184622035376,-0.29445961566145484,-0.2733117369979202,-0.20772877869385084,-0.4430667257300557,0.0,0.0,0.0,0.0,1.0,0.0,0.0,0.0,Medium
1.7758258492963548,0.1717120270175592,0.16218447429849234,-0.42167587461143263,-0.7442828390200936,1.2255020566690955,-1.2634640284079832,1.4370227395202217,0.7516814749164182,1.0,0.0,0.0,0.0,0.0,0.0,0.0,0.0,Medium
1.2156187223656316,1.4125219133057112,-0.24165414556435988,0.12797693792974896,-0.08198885503087255,-0.5038420909314799,-0.5373523480406037,-0.2198671662821463,0.4487610649887301,1.0,0.0,0.0,0.0,0.0,0.0,0.0,0.0,Medium
0.026886526195558667,-0.4833348165051199,-0.8257778635802698,0.8720191597842762,0.16922610441331465,1.3108060280754026,0.06994105735756798,-0.062068127634301674,0.33398997799749425,0.0,0.0,0.0,0.0,0.0,1.0,0.0,0.0,Medium
-0.11658115265255316,0.49923544877889897,1.7126363184147977,1.2809072276502769,0.39760334027166633,-0.9458717609459766,-0.022473156507370667,-0.29876668560606884,0.9078454129536733,0.0,0.0,0.0,0.0,0.0,0.0,0.0,1.0,Low
1.9056299396827423,-0.4833348165051199,1.8135959733805098,-0.19377104989923535,-1.0868486928076218,1.3108060280754026,0.8752649210377527,0.8847261042527652,1.6039979078185473,0.0,1.0,0.0,0.0,0.0,0.0,0.0,0.0,Low
0.8740290108225073,-0.9179332030730512,0.8328450394278707,-0.9981410194716966,-2.114546254170206,-0.41853811952517284,-0.20070056896118219,0.5327128641921891,-0.9830552825576734,0.0,1.0,0.0,0.0,0.0,0.0,0.0,0.0,Medium
0.8740290108225073,0.18430908170068783,-0.14790589452476954,-0.535628286967531,0.3347996004106198,-1.0389306388437656,0.8356588293813505,-0.49298088701880033,0.06305495296900065,0.0,0.0,0.0,1.0,0.0,0.0,0.0,0.0,Medium
1.3522546069828814,0.4551457573879492,-1.5685524679708722,0.9189407413426699,0.7059126086804419,1.1789726177202016,-0.6297665619055428,-0.456565724253913,0.6933551848061176,0.0,0.0,0.0,0.0,0.0,1.0,0.0,0.0,Low
0.6417480069731825,-0.0739305393034454,-0.09021466311578992,0.13468002100952003,-0.4645207250936124,0.5663350048930914,-0.7155797604944152,0.7694114221639563,0.2342708368411743,1.0,0.0,0.0,0.0,0.0,0.0,0.0,0.0,Medium
1.3044320473668438,1.0849984915443716,0.5443888823829767,0.6642235843113898,-1.2295844652190917,-2.27971567748095,0.6970375085839412,-0.14703684075237217,0.25873024882291223,0.0,0.0,0.0,0.0,0.0,0.0,0.0,1.0,Medium
-0.09608576995996589,-0.6974847461183034,-0.40030503193905126,1.2071733137728018,-1.6292446279712078,0.7136782282312575,-0.0752812787159081,-0.4747733056363569,-0.6669644200244335,0.0,1.0,0.0,0.0,0.0,0.0,0.0,0.0,Medium
0.8876925992842315,-0.8486494023158451,-0.17675151022925834,-0.3010203791755631,0.5403391126831364,-0.19364583127218382,0.010531919872964762,1.3945383829611864,0.5334282603101315,0.0,0.0,0.0,0.0,1.0,0.0,0.0,0.0,Low
-0.30787139111670303,-1.1257846053446707,-0.4868418790525197,-0.7501269455201875,-0.9498223512926106,0.7446978541971875,-0.2271046300654509,-0.2926974918119209,-1.3085536112377354,0.0,1.0,0.0,0.0,0.0,0.0,0.0,0.0,Medium
2.1037519723777547,0.04574148018627474,1.0563985611376632,0.7111451658697836,-1.0354638147394926,-0.736489285675952,-1.256863013131916,1.2124625691367503,0.7084071306410334,1.0,0.0,0.0,0.0,0.0,0.0,0.0,0.0,Medium
0.6964023608200821,-0.004646738546238861,-0.515687494757009,-0.026193972904972593,-0.14479259489191945,-0.581391155846304,0.4792040044737275,0.9514872359883924,0.364093869667326,0.0,0.0,0.0,0.0,0.0,1.0,0.0,0.0,Low
-1.387294879592976,0.1339208629681742,0.11170464681563567,-1.56790308125219,-2.051742514309159,0.07002098943821829,0.3999918211609223,-0.35338942975339954,-1.760111986285222,0.0,1.0,0.0,0.0,0.0,0.0,0.0,0.0,High
0.2591675300448836,0.41735459333856423,0.7679424040927691,-0.12674021910153024,0.7116220395769004,-0.4805773714570324,-1.2832670742361847,-0.7964405767261937,-0.16648722101346963,1.0,0.0,0.0,0.0,0.0,0.0,0.0,0.0,Medium
1.9261253223753296,-0.3258716329660143,0.28477834104257144,-1.0115471856312372,0.8714861046777475,-1.3336170855200966,1.1723106084607715,0.8725877166644693,0.9906311150457119,0.0,0.0,1.0,0.0,0.0,0.0,0.0,0.0,Low
-0.7724333988153524,-0.19360255879316554,0.6381371334225671,0.02072760865342117,0.2891241532389496,0.18634458681045432,0.3999918211609223,-1.0695542974628476,-0.21916903143567648,0.0,0.0,0.0,1.0,0.0,0.0,0.0,0.0,Medium
0.4162987973547206,0.996819108762472,0.49390905490012005,-0.78364236091904,-0.7100262536413408,0.9695901424501765,-1.6925300213523438,0.5873356083395203,0.027306581611075145,1.0,0.0,0.0,0.0,0.0,0.0,0.0,0.0,Medium
-0.8202559584313895,1.1605808196431424,0.7895766158711359,-0.24069263145762865,1.019931307985676,0.11655042838711226,0.2481684698113795,0.5387820579863366,1.0771798035964788,0.0,0.0,0.0,0.0,0.0,0.0,1.0,0.0,Low
-0.2532170372698029,1.242461675083477,0.6886169609054237,-1.5544969150926489,0.8372295192989943,1.3185609345668847,1.1261035015283019,1.1335630498128284,1.6416277724058357,0.0,0.0,1.0,0.0,0.0,0.0,0.0,0.0,Low
0.7305613319743945,0.7133853783920819,0.003533587923800427,-1.500872250454485,-1.0868486928076218,1.1944824307031667,1.2119167001171738,0.726927065604921,0.619976948860901,0.0,0.0,1.0,0.0,0.0,0.0,0.0,0.0,Low
-0.7792651930462144,0.21580171840850892,-0.9627945381765949,0.9323469075022102,-0.9726600748784457,-0.16262620530625377,-3.2899757181605787,1.4309535457260734,-1.242701348209978,1.0,0.0,0.0,0.0,0.0,0.0,0.0,0.0,Medium
-0.26004883150066593,-1.7367417574764001,0.11891605074175762,-1.1456088472266475,-0.9269846277067755,0.37246234260603134,-0.854201081291824,-2.0284869169382107,-2.4600274676088243,0.0,0.0,0.0,1.0,0.0,0.0,0.0,0.0,High
0.3206536781226454,0.42995164802169195,0.9554389061719508,-1.0450626010300899,-0.4359735706113184,0.17858968031897127,-0.03567518705950503,-0.2562823290470336,-0.021612242352400748,0.0,0.0,1.0,0.0,0.0,0.0,0.0,0.0,Medium
-0.5333206007351654,-0.8486494023158451,-1.8425858171635212,1.7970446247926064,-1.994648205344571,0.5198055659441974,-1.1644487992669768,-1.2334225299048402,-2.0272840248549833,0.0,1.0,0.0,0.0,0.0,0.0,0.0,0.0,High
-0.07559038726737863,-0.45184217979729874,0.7318853844621573,-0.7970485270785813,-1.4122862539057737,0.14757005435304232,-0.5901604702491406,-0.2623515228411815,-1.0846559169433574,0.0,1.0,0.0,0.0,0.0,0.0,0.0,0.0,Medium
1.9807796762222294,-0.18100550411003735,1.1285126003988866,-0.6629868654831711,2.013372283969508,1.0161195813990715,0.3999918211609223,0.7694114221639563,2.328372801123888,0.0,0.0,1.0,0.0,0.0,0.0,0.0,0.0,Low
-0.4786662468882652,1.242461675083477,-1.157502444181898,1.0261900706189977,-0.6472225137802943,-0.10058695337439479,0.5056080655779962,-0.29876668560606884,0.0480030071340848,0.0,0.0,0.0,0.0,0.0,1.0,0.0,0.0,Medium
0.10203626273504562,-0.6785891640936108,-1.8642200289418887,1.2004702306930306,0.8029729339202417,0.6361291633164334,0.44619892809339207,0.22318398069064826,0.364093869667326,0.0,0.0,0.0,0.0,0.0,1.0,0.0,0.0,Medium
0.7168977435126693,-1.3714271716656754,0.28477834104257144,0.14138310408929017,0.7801352103344061,0.6826586022653274,1.581573555576931,-2.265185474909978,0.09127735140946958,0.0,0.0,0.0,1.0,0.0,0.0,0.0,0.0,Medium
-1.284817966130039,-0.8108582382664596,0.3929493999344067,1.830560040191459,0.3690561857893723,0.6361291633164334,-0.5241503174884697,1.922558243052051,0.9285418384766829,0.0,0.0,0.0,0.0,0.0,0.0,1.0,0.0,Medium
0.6759069781274949,-0.44554365245573446,-0.27049976126884917,0.17489851948814272,-0.042022838755661186,0.6904135087568105,0.7564466460685453,-1.3123220492287624,-0.008441789746850366,0.0,0.0,0.0,1.0,0.0,0.0,0.0,0.0,Medium
-2.0294835372940496,-1.4092183357150607,0.9121704826152162,0.7647698305079474,-0.1562114566848372,-0.03079279495105272,0.26137050036351384,-0.8935476774325596,-0.9868182690164017,0.0,0.0,0.0,0.0,0.0,0.0,1.0,0.0,Medium
-1.455612821901601,1.0535058548365503,1.4097573535176586,1.468593553883851,-1.943263327276442,0.30266818418269037,0.5254111114061973,0.05324655445450772,0.3659753628966888,0.0,1.0,0.0,0.0,0.0,0.0,0.0,0.0,Medium
0.3138218838917833,1.954195264680234,1.1213011964727646,2.212635775738378,-0.6186753592980002,-0.3022145221529368,1.0864974098718996,-0.19559039110555493,1.944548182333524,0.0,1.0,0.0,0.0,0.0,0.0,0.0,0.0,Low
-0.2327216545772156,-0.3636627970153997,0.4073722077866516,0.6508174181518496,-0.013475684273367174,1.9234436409025117,-1.2502619978558493,0.3931214069267884,0.42994613269508325,1.0,0.0,0.0,0.0,0.0,0.0,0.0,0.0,Medium
-0.7451062218919021,-0.4644392344804274,0.6741941530531788,1.287610310730048,0.23202984427436155,-0.05405751442550081,0.40659283643698996,0.8118957787229907,0.7799038733568845,0.0,0.0,0.0,0.0,0.0,0.0,1.0,0.0,Low
-0.8339195468931146,1.2676557844497343,-0.6671269772055785,0.3491786795621766,0.5860145598548074,2.101806490206608,-1.0786356006781048,1.570545002991474,1.1938323838170801,1.0,0.0,0.0,0.0,0.0,0.0,0.0,0.0,Medium
0.7168977435126693,0.4362501753632567,-3.2920780063141137,0.37599101188125805,-1.3780296685270208,0.7989821996375635,-0.009271125955237247,1.2246009567250462,-0.38662192884911917,0.0,0.0,0.0,0.0,0.0,1.0,0.0,0.0,Medium
0.5870936531262827,-2.0138769605052262,0.11891605074175762,0.985971572140375,-1.6635012133499607,0.7757174801631165,0.14255222539430648,-0.8328557394910809,-0.887099127860083,0.0,0.0,0.0,0.0,1.0,0.0,0.0,0.0,Medium
0.6964023608200821,-0.993515531171822,-0.4075164358651737,1.7836384586330651,-1.1039769854969983,-1.5740191867560511,-0.40533204251926197,0.271737531043831,-0.6086381299141329,0.0,1.0,0.0,0.0,0.0,0.0,0.0,0.0,Medium
0.3479808550460957,-0.18730403145160168,1.3376433142564352,-1.2126396780243527,1.43101033253071,-0.8915874155056001,-1.025827478469568,-1.021000747109665,-0.3809774491610254,0.0,0.0,1.0,0.0,0.0,0.0,0.0,0.0,Medium
-0.5333206007351654,-0.42034954308947764,0.7174625766099124,-0.622768367004548,-0.3503321071644364,-1.930744885364242,-0.9202112340524949,-1.0695542974628476,-1.7977418508725116,0.0,0.0,0.0,0.0,0.0,0.0,0.0,1.0,High
-0.014104239189615862,-0.08022906664500971,0.3208353606731832,-0.6160652839247773,1.0370596006750523,0.31817799716565537,-0.30631681337825567,-1.7068196458483738,-0.39226640853721295,0.0,0.0,0.0,1.0,0.0,0.0,0.0,0.0,Medium
0.9833377185163067,2.2187334130259315,-2.3185384762875967,0.4631310919182745,0.26628642965311405,-0.798528537607811,0.9808811654548256,-0.037791352457710294,0.7761408868981562,0.0,0.0,0.0,0.0,0.0,1.0,0.0,0.0,Medium
-0.6153021315055149,-0.7919626562417666,0.12612745466788058,0.5100526734766683,-2.474240400647111,-0.5426166233888919,-0.9202112340524949,-0.3351818483709557,-1.9294463769280288,0.0,1.0,0.0,0.0,0.0,0.0,0.0,0.0,High
-0.3215349795784282,0.039442952844710874,-1.8281630093112768,1.3948596400063757,0.791554072127324,0.10104061540414724,0.9412750737984236,0.6116123835161112,0.7253405697053148,0.0,0.0,0.0,0.0,0.0,1.0,0.0,0.0,Low
-0.5674795718894778,2.0297775927790047,1.1862038318078651,-0.8305639424774338,1.019931307985676,0.6206193503334684,0.6772344627557401,0.6116123835161112,1.7451099000208867,0.0,0.0,1.0,0.0,0.0,0.0,0.0,0.0,Low
0.5256075050485199,0.7637735971245965,-1.7632603739761754,1.5021089692827037,0.04932805558767973,0.24838383874231332,-2.1215960142967045,-1.2273533361106923,-0.7177647372172749,1.0,0.0,0.0,0.0,0.0,0.0,0.0,0.0,Medium
-0.7997605757388022,1.6140747882357664,1.7703275498237763,-1.2327489272636645,1.2368896820511104,-1.2250483946393431,0.20856237815497736,-0.9603088091681863,0.3114120592451191,0.0,0.0,1.0,0.0,0.0,0.0,0.0,0.0,Medium
0.18401779350539565,-0.36996132435696405,-0.19117431808150323,1.4752966369636222,-1.1724901562545038,0.30266818418269037,0.08974410318576904,0.4173981821033793,0.18347051964833025,0.0,1.0,0.0,0.0,0.0,0.0,0.0,0.0,Medium
-1.4077902622855634,-0.6470965273857897,-0.24165414556435988,0.4162095103598817,0.04932805558767973,-0.28670470916997287,0.532012126682264,2.0318037313467125,0.25120427590545297,0.0,0.0,0.0,0.0,0.0,0.0,1.0,0.0,Medium
1.6255263762173808,0.3354737378982286,-0.595012937944355,1.7568261263139837,-0.6529319446767528,0.07002098943821829,0.43959791281732535,-1.366944793376093,0.48639092957601837,0.0,0.0,0.0,1.0,0.0,0.0,0.0,0.0,Medium
-1.1140231103584768,0.4362501753632567,0.07564762718502392,-0.03960013906451333,-0.29323779819984835,-0.24017527022107782,1.3373359903624487,0.7815498097522513,0.37538282904351356,0.0,0.0,0.0,0.0,0.0,0.0,1.0,0.0,Medium
1.1404689858261436,0.9716249993962156,1.5539854320401056,1.1200332337357852,0.7287503322662775,-0.7287343791844695,-0.26010970644578635,-0.6993334760198278,1.370692747377345,0.0,0.0,0.0,1.0,0.0,0.0,0.0,0.0,Low
-2.1456240392187116,1.6770600616514089,1.1501468121772536,0.4832403411575868,0.16922610441331465,0.20185439979341935,2.2614781290118406,1.6190985533446576,1.9972299927557309,0.0,0.0,0.0,0.0,0.0,0.0,1.0,0.0,Low
-0.11658115265255316,-0.7919626562417666,-1.5541296601186272,-0.6763930316427118,-0.6072564975050825,-0.29445961566145484,-0.4647411800038656,0.16249204274916915,-1.521162346155927,0.0,0.0,0.0,0.0,0.0,1.0,0.0,0.0,Medium
-0.014104239189615862,-1.365128644324111,1.2583178710690888,-0.9579225209930734,-0.8070865788811405,0.11655042838711226,-0.4647411800038656,1.2549469256957857,-0.41672582051895224,0.0,0.0,0.0,0.0,1.0,0.0,0.0,0.0,Medium
0.4641213569707582,0.8015647611739815,0.5660230941613436,-2.962144361844456,-1.366610806734103,-0.5038420909314799,-0.1874985384090483,-1.8767570720845141,-1.9049869649462894,0.0,0.0,1.0,0.0,0.0,0.0,0.0,0.0,High
1.721171495449455,0.9779235267377795,-0.5228988986831314,0.17489851948814272,-0.06486056234149631,0.20960930628490132,-1.1446457534387757,0.5205744766038932,0.6801847322005645,1.0,0.0,0.0,0.0,0.0,0.0,0.0,0.0,Low
-0.0345996218822041,-0.02984084791249611,-0.9051033067676157,-0.6026591177652361,1.6650969992855205,2.125071209681055,-0.16769549258084676,0.5387820579863366,0.9492382639996926,0.0,0.0,0.0,0.0,0.0,1.0,0.0,0.0,Medium
0.12936343965849595,0.34807079258135726,2.0010924754596915,-0.8305639424774338,0.015071470208926834,-1.5817740932475337,-1.0126254479174341,0.6965810966341817,-0.029138215269860015,1.0,0.0,0.0,0.0,0.0,0.0,0.0,0.0,Medium
0.7442249204361197,1.3117454758406832,-0.5661673222398657,-0.6093622008450067,-0.5501621885404945,-1.0079110128778361,-1.1578477839909096,-1.0270699409038129,-0.994344241933861,1.0,0.0,0.0,0.0,0.0,0.0,0.0,0.0,Medium
-0.7792651930462144,1.1416852376184499,1.1285126003988866,-0.4015666253721208,-0.5501621885404945,0.8687763580609055,1.1195024862522351,0.8665185228703218,1.1562025192297891,0.0,0.0,0.0,0.0,0.0,0.0,1.0,0.0,Low
0.03371832042642076,1.6077762608942017,-0.061369047411301135,-0.595956034685466,0.5631768362689719,1.2487667761435437,0.45940095864552644,-0.4869116932246524,0.9680531962933367,0.0,0.0,1.0,0.0,0.0,0.0,0.0,0.0,Low
-0.08242218149824072,1.601477733552638,0.45064063134338633,-1.6282308289701244,-0.5729999121263296,-1.05444045182673,1.1987146695650404,0.4902285076331539,0.20604843840070539,0.0,0.0,1.0,0.0,0.0,0.0,0.0,0.0,Medium
-1.0866959334350264,0.7574750697830317,1.6044652595229623,0.6843328335507021,-0.2532717819246366,-0.1393614858318068,-1.6463229144198743,-0.32911265457680816,-0.18906513976584477,1.0,0.0,0.0,0.0,0.0,0.0,0.0,0.0,Medium
0.9081879819768197,1.6140747882357664,-0.8402006714325148,0.08775843945112627,1.316821714601534,-1.3336170855200966,1.8720182277238824,-1.2819760802580231,0.9812236488988898,0.0,0.0,0.0,1.0,0.0,0.0,0.0,0.0,Medium
0.7373931262052577,-0.14951286740221625,-0.07579185526354604,-0.6897991978022531,-1.0868486928076218,0.43450159453789144,0.7564466460685453,0.12607687998428185,-0.06676807985715101,0.0,1.0,0.0,0.0,0.0,0.0,0.0,0.0,Medium
0.4162987973547206,0.7322809604167754,-1.5757638718969946,2.018246366425033,-0.37316983075027155,-1.7136075036027343,-0.7683878827029517,1.0546635304889054,0.07246241911582542,0.0,0.0,0.0,0.0,0.0,1.0,0.0,0.0,Medium
0.6349162127423204,1.3369395852069403,1.1573582161033764,-0.5892529516056954,1.077025616950264,-1.3103523660456498,-0.3855289966910609,-0.6082955691076097,0.5616506587506004,0.0,0.0,0.0,0.0,0.0,0.0,0.0,1.0,Medium
-1.544426146902813,1.1416852376184499,0.6381371334225671,1.5423274677613272,1.0142218770892175,0.4112368750634433,-1.699131036628411,0.07145413583695115,0.6086879894847135,1.0,0.0,0.0,0.0,0.0,0.0,0.0,0.0,Medium
0.7442249204361197,-0.06133348462031722,-0.9267375185459832,0.26874168260493025,-0.8698903187421875,0.42674668804640836,0.5914212641668681,-0.11669087178163282,-0.0385456814166821,0.0,1.0,0.0,0.0,0.0,0.0,0.0,0.0,Medium
-0.15074012380686558,0.5748177768776698,1.6837907027103078,-0.30772346225533376,1.6993535846642738,1.0393843008735186,0.14255222539430648,0.9575564297825399,2.0405043370311153,0.0,0.0,1.0,0.0,0.0,0.0,0.0,0.0,Low
1.5777038166013433,-0.3258716329660143,-0.025312027780689382,-0.4685974561698259,-0.8356337333634345,1.1169333657883427,-1.8047472810454843,1.115355468430384,0.03295106129916893,1.0,0.0,0.0,0.0,0.0,0.0,0.0,0.0,Medium
0.7305613319743945,-0.3762598516985284,0.08285903111114587,-0.9177040225144503,-1.280969343287221,0.37246234260603134,0.3999918211609223,0.8118957787229907,-0.14202780903173035,0.0,1.0,0.0,0.0,0.0,0.0,0.0,0.0,Medium
-1.2301636122831388,-0.16840844942690875,0.49390905490012005,-1.0785780164289425,-0.17904918027067235,0.3569525296230674,-0.6231655466294761,0.7390654531932169,-0.6048751434554046,0.0,0.0,0.0,0.0,0.0,0.0,1.0,0.0,Medium
0.10886805696590869,-1.113187550661542,1.373700333887047,0.1614923533286015,-0.7100262536413408,-0.3022145221529368,-0.1808975231329811,1.4552303209026651,0.2417968097586309,0.0,0.0,0.0,0.0,1.0,0.0,0.0,0.0,Medium
-0.936396460356052,0.1717120270175592,-0.7320296125406794,-1.0048441025514667,-0.9669506439819868,0.9928548619246235,0.6112243099950693,0.13214607377842982,-0.678253379400621,0.0,1.0,0.0,0.0,0.0,0.0,0.0,0.0,Medium
0.7510567146669818,0.4551457573879492,-0.21280852985987006,-0.7501269455201875,0.2149015515849849,1.1091784592968597,-1.3492772269968556,-1.209145754728249,-0.4280147798951385,1.0,0.0,0.0,0.0,0.0,0.0,0.0,0.0,Medium
1.160964368518731,-0.11802023069439514,-0.6887611889839452,-1.7488863244059936,0.6944937468875242,-1.44218577640085,0.5914212641668681,-0.7843021891378982,-0.7271722033640983,0.0,0.0,1.0,0.0,0.0,0.0,0.0,0.0,Medium
-1.1413502872819266,-2.0012799058220976,-0.6959725929100677,0.4095064272801106,0.8201012266096179,0.05451117645525327,0.5980222794429348,0.29601430622042196,-0.5409043736570102,0.0,0.0,0.0,0.0,1.0,0.0,0.0,0.0,Medium
-1.626407677673163,-0.3636627970153997,1.070821368989908,0.9792684890606039,-1.7491426767968428,-1.9540096048386888,-1.7123330671805452,0.4173981821033793,-1.7638749727439502,0.0,1.0,0.0,0.0,0.0,0.0,0.0,0.0,High
1.0448238665940695,1.2676557844497343,0.926593290467461,-0.8908916901953684,-1.5207654409384908,2.07854177073216,-1.1512467687148429,0.4173981821033793,0.5785840978148817,0.0,1.0,0.0,0.0,0.0,0.0,0.0,0.0,Medium
1.1404689858261436,-0.817156765608024,-0.15511729845089148,-0.810454693238122,0.5289202508902194,0.5275604724356794,-0.5043472716602683,0.04110816686621181,-0.03290120172858831,0.0,0.0,0.0,0.0,1.0,0.0,0.0,0.0,Medium
1.3795817839063307,0.4677428120710778,0.4578520352695083,0.6910359166304723,0.8315200884025358,0.015736643997841252,0.3999918211609223,2.3838169714072888,2.454432847491311,0.0,0.0,0.0,0.0,0.0,1.0,0.0,0.0,Low
-1.5170989699793633,-0.3006775235997575,0.6020801137919553,1.1200332337357852,1.1455387877077698,0.1320602413700773,-0.5703574244209391,-0.062068127634301674,0.2399153165292681,0.0,0.0,0.0,0.0,0.0,0.0,1.0,0.0,Medium
0.4162987973547206,-1.0187096405380789,0.7174625766099124,0.737957498188866,-0.7557017008130114,-0.49608718443999744,-1.243660982579782,0.8786569104586177,-0.30948070644517434,1.0,0.0,0.0,0.0,0.0,0.0,0.0,0.0,Medium
0.7988792742830194,-0.8801420390236662,0.6958283648315456,-0.3881604592125801,1.105572771432558,1.1479529917542715,0.8158557835531485,0.9393488484000964,1.4948713005154028,0.0,0.0,0.0,0.0,1.0,0.0,0.0,0.0,Low
-1.1891728468979637,2.2187334130259315,0.7895766158711359,0.24192935028584783,-0.39029812343964815,-0.21691055074663082,1.2383207612214424,-0.35338942975339954,0.838230163467185,0.0,0.0,0.0,0.0,0.0,0.0,1.0,0.0,Medium
1.721171495449455,-0.7037832734598677,-1.0060629617333285,0.25533551644538904,0.11213179544872663,1.9932377993258539,0.3801887753327212,-0.49298088701880033,0.6858292118886583,0.0,0.0,0.0,0.0,0.0,1.0,0.0,0.0,Medium
-0.4308436872722281,-0.9809184764886933,-0.883469094989249,-0.006084723665661253,2.355938137757036,-0.5038420909314799,1.330734975086382,0.7754806159581038,0.7874298462743438,0.0,0.0,0.0,0.0,1.0,0.0,0.0,0.0,Medium
0.6622433896657697,0.996819108762472,-0.6454927654272111,-0.9311101886739915,0.9970935843998405,-0.35649886759331384,0.4197948669891233,1.2549469256957857,1.0019200744218995,0.0,0.0,1.0,0.0,0.0,0.0,0.0,0.0,Low
-1.332640525746076,-0.8360523476327164,0.47227484312175316,0.014024525573651041,0.14638838082747951,-1.930744885364242,-0.2799127522739874,0.30208350001457035,-1.120404288301283,0.0,0.0,0.0,0.0,0.0,0.0,1.0,0.0,Medium
-0.9568918430486393,0.08983117157722448,2.2102231893172393,1.1267363168155553,-1.7491426767968428,0.20185439979341935,-0.477943210556,0.48415931383900634,0.17782603996023646,0.0,1.0,0.0,0.0,0.0,0.0,0.0,0.0,Medium
-1.2369954065140012,0.42995164802169195,0.27035553319032757,0.7915821628270299,-0.3560415380608953,0.5042957529612324,0.8554618752095516,-0.40801217390073025,0.25308576913481845,0.0,0.0,0.0,0.0,0.0,0.0,1.0,0.0,Low
-0.6221339257363775,1.3117454758406832,-1.734414758271686,-0.2272864652980879,-0.06486056234149631,-0.03079279495105272,0.11614816429003777,1.29743128225482,0.13831468214358267,0.0,0.0,0.0,0.0,0.0,1.0,0.0,0.0,Medium
0.02005473196469657,-0.13691581271908762,-1.5397068522663828,1.0798147352571617,1.0028030152963,-0.6356755012866805,-0.49774625638420106,0.7694114221639563,0.17406305350150816,0.0,0.0,0.0,0.0,0.0,1.0,0.0,0.0,Medium
-0.7860969872770771,0.675594214342697,0.5588116902352216,-0.595956034685466,0.3347996004106198,0.1087955218956303,-1.2238579367515805,-0.3169742669885123,-0.43365925958323226,1.0,0.0,0.0,0.0,0.0,0.0,0.0,0.0,Medium
0.0132229377338335,-0.42664807043104197,0.11170464681563567,0.0944615225308964,0.2777052914460318,-2.458078526785045,-0.29311478282612174,0.3202910813970138,-0.6970683116942652,0.0,0.0,0.0,0.0,0.0,0.0,0.0,1.0,Medium
-0.36252574496360324,-0.8738435116821018,2.368874075691931,-0.2272864652980879,1.7849950481111558,0.10104061540414724,0.0963451184618367,-0.8025097705203417,0.7309850493934086,0.0,0.0,0.0,1.0,0.0,0.0,0.0,0.0,Medium
0.2728311185066078,-0.017243793229367484,-0.8113550557280255,0.7915821628270299,-1.880459587415395,-0.6744500337440924,1.4429522347795216,0.362775437956049,-0.22293201789440611,0.0,1.0,0.0,0.0,0.0,0.0,0.0,0.0,Medium
-2.0636425084483623,-0.8486494023158451,-0.7464524203929244,0.4765372580778157,-2.1373839777560413,-1.6050388127219808,-0.8079939743593543,-0.23200555387044222,-2.849496566087281,0.0,1.0,0.0,0.0,0.0,0.0,0.0,0.0,High
0.68957056658922,0.6566986323180045,-0.9051033067676157,-1.1925304287850413,-1.8062369857614309,0.07777589592970025,0.48580501974979423,0.3991906007209359,-0.6236900757490487,0.0,1.0,0.0,0.0,0.0,0.0,0.0,0.0,Medium
0.4026352088929954,0.5181310308035915,-1.6911463347149518,-0.6897991978022531,0.962836999021088,0.7136782282312575,-0.29971579810218846,-0.062068127634301674,0.021662101922981365,0.0,0.0,0.0,0.0,0.0,1.0,0.0,0.0,Medium
0.21134497042884598,0.014248843478453628,0.3641037842299179,0.858612993624735,-1.166780725358045,0.03900136347228824,-1.864156418530088,-0.019583771075266862,-0.6425050080426942,1.0,0.0,0.0,0.0,0.0,0.0,0.0,0.0,Medium
1.4274043435223682,-1.1068890233199777,-1.2007708677386322,0.8720191597842762,2.4187418776180825,-0.12385167284884177,-1.2898680895122514,0.5994739959278154,0.7234590764759493,1.0,0.0,0.0,0.0,0.0,0.0,0.0,0.0,Medium
0.3138218838917833,-0.7541714921923817,1.1501468121772536,-0.0932248037026777,-0.2589812128210955,1.5124335968539446,-0.3129178286543228,0.4234673758975277,0.572939618126788,0.0,0.0,0.0,0.0,1.0,0.0,0.0,0.0,Low
-0.02093603342047893,-1.2895463162253407,0.3352581685254281,0.3290694303228643,-0.04773226965212007,-1.2638229270967551,-0.25350869116971914,1.58268339057977,-0.14390930226109583,0.0,0.0,0.0,0.0,1.0,0.0,0.0,0.0,Medium
-1.4487810276707385,-1.5351888825463453,-0.4435734554957855,-1.6148246628105833,-1.6749200751428783,1.2720314956179906,-1.2106559061994466,-0.01351457728111891,-2.5239982374072176,0.0,1.0,0.0,0.0,0.0,0.0,0.0,0.0,High
0.68957056658922,1.4377160226719676,0.3208353606731832,0.28214784876447146,2.4187418776180825,0.5663350048930914,0.5650172030625994,0.36884463175019655,2.4901812188492367,0.0,0.0,0.0,0.0,0.0,1.0,0.0,0.0,Low
0.8876925992842315,1.5951792062110732,0.06122481933277902,0.6240050858327671,-1.3494825140447266,-0.4883322779485149,-0.0554782328877061,0.9029336856352087,0.7667334207513341,0.0,1.0,0.0,0.0,0.0,0.0,0.0,0.0,Low
-1.7357163853669626,1.6266718429188942,-1.31615333055659,1.3077195599693594,1.9220213896261666,-1.3956563374519562,-1.7387371282848136,0.84224174769373,0.11573676339120753,1.0,0.0,0.0,0.0,0.0,0.0,0.0,0.0,Medium
-0.3215349795784282,-0.5211259805545053,0.40016080386052966,-0.1602556345003828,0.8657766737812882,0.023491550489323214,0.8950679668659537,1.0425251429006104,0.8551636025314664,0.0,0.0,0.0,0.0,1.0,0.0,0.0,0.0,Low
-0.46500265842654054,0.39216048397230696,-0.7536638243190463,-1.4673568350556323,1.134119925914852,-0.5658813428633389,1.2779268528778445,-0.2623515228411815,-0.12509436996745166,0.0,0.0,1.0,0.0,0.0,0.0,0.0,0.0,Medium
0.450457768509033,-1.6233682653282442,-0.45078485942190794,-1.1657180964659595,1.4881046414952979,0.8610214515694236,-2.2008081976095095,0.15035365516087368,-0.8588767294196141,1.0,0.0,0.0,0.0,0.0,0.0,0.0,0.0,Medium
-1.0730323449733017,-0.7730670742170742,-0.7680866321712913,-1.4941691673747144,1.1398293568113105,-0.3797635870677608,0.4924060350258619,1.0850094994596446,-0.4825780835467095,0.0,0.0,1.0,0.0,0.0,0.0,0.0,0.0,Medium
-0.06875859303651653,-0.8990376210483586,-0.58059013009211,-0.42167587461143263,0.6830748850946063,-1.2948425530626846,0.9676791349026923,1.661582909903692,0.18158902641896743,0.0,0.0,0.0,0.0,1.0,0.0,0.0,0.0,Medium
-1.3941266738238383,-1.2265610428096985,1.0996669846943978,0.13468002100952003,-1.6749200751428783,-0.11609676635735981,0.10954714901397106,-1.3426680181995017,-1.7375340675328468,0.0,1.0,0.0,0.0,0.0,0.0,0.0,0.0,High
-0.3215349795784282,0.03314442550314612,-1.7055691425671968,-2.09744664455406,1.1626670803971462,-0.4495577454911029,-0.63636757718161,0.2838759186321269,-1.1636786325766677,0.0,0.0,1.0,0.0,0.0,0.0,0.0,0.0,Medium
0.9081879819768197,-1.0187096405380789,-0.6022243418704774,0.7178482489495547,-0.7728299935023877,0.8920410775353524,2.043644624901627,0.6540967400751465,0.9210158655592237,0.0,0.0,0.0,0.0,1.0,0.0,0.0,0.0,Low
-1.653734854596613,1.0535058548365503,-0.6310699575749666,-1.7421832413262228,-1.9489727581729008,1.6597768201921108,-0.1874985384090483,2.195671963788705,-0.5089189887578129,0.0,1.0,0.0,0.0,0.0,0.0,0.0,0.0,Medium
-1.5580897353645382,1.2487602024250408,-1.3594217541133242,1.4819997200433923,0.11213179544872663,-1.1552542362160017,0.056739026805433614,-0.4262197552831737,-0.4430667257300557,0.0,0.0,0.0,0.0,0.0,0.0,1.0,0.0,Medium
-1.0798641392041644,-0.5400215625791978,-1.171925252034143,0.08775843945112627,-0.01918511516982606,-0.19364583127218382,-0.728781791046549,0.5994739959278154,-1.018803653915599,0.0,0.0,0.0,0.0,0.0,1.0,0.0,0.0,Medium
-0.9637236372795018,-2.30360921821718,1.7270591262670414,-0.8908916901953684,-0.2589812128210955,0.5353153789271624,0.8092547682770818,1.8375895299339806,0.11573676339120753,0.0,0.0,0.0,0.0,1.0,0.0,0.0,0.0,Medium
1.2087869281347685,-0.31327457828288613,0.47227484312175316,0.9390499905819812,-0.7785394243988465,-2.240941145023538,0.2283654239831784,-0.28055910422362496,-0.24550993664677992,0.0,0.0,0.0,0.0,0.0,0.0,0.0,1.0,Medium
-0.5538159834277526,-0.5022303985298128,0.3208353606731832,-0.4820036223293671,-0.5330338958511183,-0.8683226960311525,-0.5043472716602683,0.1564228489550212,-1.0451445591267023,0.0,1.0,0.0,0.0,0.0,0.0,0.0,0.0,Medium
2.178901708917242,0.6629971596595684,0.9482275022458279,-0.26750496377671057,1.231180251154652,-1.0001561063863535,1.0336892876633632,-0.5779496001368704,1.5607235635431627,0.0,0.0,0.0,1.0,0.0,0.0,0.0,0.0,Low
-0.5948067488129276,-0.04243790259562474,1.4097573535176586,0.8519099105449649,1.2254708202581925,-0.39527340005072586,-0.9730193562610314,0.36884463175019655,0.719696090017221,1.0,0.0,0.0,0.0,0.0,0.0,0.0,0.0,Low
-1.1891728468979637,0.3102796285319723,-0.8113550557280255,-2.781161118690652,-1.3837390994234795,1.1401980852627895,1.1657095931847048,1.467368708490961,-0.7742095340982114,0.0,0.0,1.0,0.0,0.0,0.0,0.0,0.0,Medium
-0.184899094961178,-0.9179332030730512,0.3208353606731832,-0.14014638526107098,-1.5664408881101612,2.0707868642406777,-0.25350869116971914,0.4356057634858236,-0.29066577415152883,0.0,1.0,0.0,0.0,0.0,0.0,0.0,0.0,Medium
-0.3761893334253279,1.1290881829353212,0.5516002863090986,1.3010164768895882,-1.909006741897689,-0.20915564425514885,-0.854201081291824,0.8361725538995824,0.09880332432692884,0.0,1.0,0.0,0.0,0.0,0.0,0.0,0.0,Medium
0.08154088004245837,1.0157146907871655,1.1645696200294984,-0.5557375362068429,1.2768556983263222,-0.015282981968088798,-1.2106559061994466,0.7997573911346956,0.9925126082750774,1.0,0.0,0.0,0.0,0.0,0.0,0.0,0.0,Low
0.18401779350539565,-2.2532209994846664,0.7895766158711359,1.1401424829750966,-1.6806295060393373,0.6128644438419865,0.13595121011823882,-2.1862859555860554,-1.4252061914583365,0.0,0.0,0.0,1.0,0.0,0.0,0.0,0.0,Medium
-1.2369954065140012,-0.19360255879316554,1.6837907027103078,0.5301619227159796,-0.8698903187421875,-0.2246654572381128,-0.04227620233557268,1.9407658244344945,0.54848020614505,0.0,0.0,0.0,0.0,0.0,0.0,1.0,0.0,Medium
1.2702730762125314,-1.6422638473529367,1.1140897925466418,1.2675010614907358,0.9571275681246295,1.9622181733599238,-0.7683878827029517,2.080357281699895,2.1533939307929857,0.0,0.0,0.0,0.0,1.0,0.0,0.0,0.0,Low
-0.34203036227101546,0.7700721244661604,-0.1623287023770134,-2.5063347124200615,0.05503748648413861,-0.18589092478070077,0.2547694850874462,0.30208350001457035,-0.5879417043911233,0.0,0.0,1.0,0.0,0.0,0.0,0.0,0.0,Medium
-0.2805442141932532,-0.11172170335283083,1.510717008483371,-0.414972791531662,0.3062524459283258,0.6516389762993985,-0.6627716382858783,0.47809012004485796,0.4807464498879246,1.0,0.0,0.0,0.0,0.0,0.0,0.0,0.0,Low
-0.47183445265740265,0.7952662338324176,0.6453485373486889,0.6977389997102423,2.3616475686534946,-0.5348617168974095,0.99408319600696,0.7087194842224777,2.029215377654928,0.0,0.0,0.0,0.0,0.0,0.0,1.0,0.0,Low
-0.5879749545820651,0.7889677064908528,-1.1502910402557756,-0.23398954837785804,0.2891241532389496,2.225884994070326,1.31093192925818,-0.7660946077554543,0.5992805233378914,0.0,0.0,0.0,0.0,0.0,1.0,0.0,0.0,Medium
0.04738190888814593,-0.8612464569989732,0.15497307037236938,1.6696860462769663,1.57374610494218,-0.6744500337440924,1.601376601405132,-0.8510633208735244,1.01509052702745,0.0,0.0,0.0,1.0,0.0,0.0,0.0,0.0,Medium
1.495722285830993,1.204670511034092,1.0347643493592962,1.5624367170006386,-1.0069166602571986,-0.19364583127218382,0.10954714901397106,1.2428085381074898,1.8975108515994108,0.0,1.0,0.0,0.0,0.0,0.0,0.0,0.0,Low
-1.1550138757436512,-0.7919626562417666,-0.9700059421027168,-0.5423313700473016,0.8201012266096179,-0.9613815739289415,-0.1808975231329811,1.0546635304889054,-0.8099579054561369,0.0,0.0,0.0,0.0,0.0,0.0,1.0,0.0,Medium
0.21134497042884598,0.1024282262603531,1.1717810239556214,1.589249049319721,-2.485659262440028,-0.953626667437459,1.4561542653316562,-0.6629183132549409,-0.0009158168293910974,0.0,1.0,0.0,0.0,0.0,0.0,0.0,0.0,Medium
-0.984219019972089,0.41735459333856423,-0.8906804989153714,0.06764919021181494,1.0256407388821345,0.31042309067417234,-0.4713421952799328,1.1335630498128284,0.33775296445622255,0.0,0.0,0.0,0.0,0.0,0.0,1.0,0.0,Medium
0.3479808550460957,-0.3006775235997575,-0.7031839968361902,1.3613442246075234,1.9562779750049197,-0.34874396110183187,0.34718369895238577,-0.36552781734169504,0.937949304623505,0.0,0.0,0.0,0.0,0.0,1.0,0.0,0.0,Low
1.5981991992939304,1.204670511034092,-1.0637541931423078,-0.16695871758015293,0.9000332591600415,1.2720314956179906,-1.8377523574258199,1.0668019180772013,1.109165188495676,1.0,0.0,0.0,0.0,0.0,0.0,0.0,0.0,Medium
-1.1003595218967515,2.2187334130259315,0.9049590786890942,0.38939717804079926,0.9799652917104642,0.36470743611454937,-0.3327208744825239,0.21104559310235235,1.3594037880011574,0.0,0.0,0.0,0.0,0.0,0.0,1.0,0.0,Low
-0.06875859303651653,0.5244295581451554,0.7390967883882803,0.6843328335507021,-0.8356337333634345,-1.069950264809695,1.5749725403008634,0.6965810966341817,0.8156522447148099,0.0,1.0,0.0,0.0,0.0,0.0,0.0,0.0,Low
-0.5401523949660275,0.04574148018627474,-1.013274365659451,-0.1535525514206122,-0.3960075543361066,-0.35649886759331384,0.2019613628789097,-0.7175410574022716,-1.0300926132917865,0.0,0.0,0.0,0.0,0.0,1.0,0.0,0.0,Medium
-0.7451062218919021,1.0912970188859354,0.11170464681563567,-0.019490889825201987,0.9970935843998405,-0.2556850832040428,0.12274917956610448,-1.391221568552685,0.017899115464253067,0.0,0.0,0.0,1.0,0.0,0.0,0.0,0.0,Medium
-0.10974935842169105,-1.8690108316492489,0.508331862752365,-2.1175558937933716,0.03790919379476196,0.7679625736716345,-0.06868026343984046,0.05324655445450772,-1.0677224778790761,0.0,0.0,1.0,0.0,0.0,0.0,0.0,0.0,Medium
-0.7929287815079397,0.7574750697830317,0.5732344980874655,0.3491786795621766,0.0892940718628915,0.24838383874231332,0.7564466460685453,0.8058265849288432,1.013209033798087,0.0,0.0,0.0,0.0,0.0,0.0,1.0,0.0,Low
0.8876925992842315,0.7889677064908528,-1.0709655970684302,1.0597054860178503,0.6602371615087717,-0.05405751442550081,-1.091837631230239,1.2246009567250462,0.9642902098346084,1.0,0.0,0.0,0.0,0.0,0.0,0.0,0.0,Low
-1.284817966130039,-0.36996132435696405,-0.11906027882027972,0.858612993624735,-0.26469064371755435,1.7916102305473118,-0.26671072172185306,-0.1409676469582242,-0.03290120172858831,0.0,0.0,0.0,0.0,0.0,0.0,1.0,0.0,Medium
1.6801807300642806,-0.15581139474378056,0.35689238030379494,-0.8975947732751389,0.7744257794379477,-0.6279205947951979,-0.3855289966910609,1.1699782125777152,0.7667334207513341,0.0,0.0,1.0,0.0,0.0,0.0,0.0,0.0,Low
0.3958034146621333,-0.9305302577561798,1.4241801613699037,0.7781759966674887,1.0541878933644284,0.6593938827908804,-1.2832670742361847,0.5509204455746326,0.9172528791004954,1.0,0.0,0.0,0.0,0.0,0.0,0.0,0.0,Low
-0.08925397572910379,-0.40145396106478515,0.6381371334225671,-1.1523119303064182,-0.11624544040962545,-0.17038111179773685,-0.35252392031072544,-2.3562233818221956,-1.515517866467833,0.0,0.0,0.0,1.0,0.0,0.0,0.0,0.0,Medium
-0.5674795718894778,-0.9746199491471295,0.4866976509739981,-0.5155190377282197,1.231180251154652,0.09328570891266527,-0.022473156507370667,-0.6082955691076097,-0.29066577415152883,0.0,0.0,0.0,0.0,1.0,0.0,0.0,0.0,Medium
0.5870936531262827,0.5496236675114126,0.9554389061719508,0.3290694303228643,-0.0363134078592023,-1.7058525971112524,-1.567110731107069,1.819381948551537,0.4487610649887301,1.0,0.0,0.0,0.0,0.0,0.0,0.0,0.0,Medium
0.9423469531311321,-0.6722906367520466,-0.6599155732794559,-0.8171577763178927,-0.9098563350173988,0.31817799716565537,0.7564466460685453,-0.4747733056363569,-0.6218085825196845,0.0,1.0,0.0,0.0,0.0,0.0,0.0,0.0,Medium
0.846701833899057,-0.2943789962581932,1.7631161458976532,-0.8640793578762864,1.0998633405360996,-1.8764605399238647,0.1755573017746419,0.9939715925474267,0.7855483530449783,0.0,0.0,0.0,0.0,0.0,0.0,0.0,1.0,Low
1.318095635828569,0.10872675360191697,-1.0349085774378184,-1.7220739920869115,0.180644966206232,-0.3642537740847969,-0.2403066606175848,0.5509204455746326,-0.35463654394992195,0.0,0.0,1.0,0.0,0.0,0.0,0.0,0.0,Medium
-1.9406702122928372,0.3102796285319723,0.7318853844621573,0.014024525573651041,0.6031428525441836,-0.899342321997082,0.3999918211609223,-1.7553731962015566,-0.8701656887958017,0.0,0.0,0.0,0.0,0.0,0.0,1.0,0.0,Medium
-0.8749103122782896,-0.9116346757314873,0.22708710963359288,0.2486324333656189,-0.8641808878457286,0.7214331347227394,-1.5011005783463984,-0.07420651522259758,-1.1806120716409478,1.0,0.0,0.0,0.0,0.0,0.0,0.0,0.0,Medium
-1.1071913161276141,1.3810292765978902,-0.5661673222398657,0.731254415109095,0.14638838082747951,-1.1319895167415541,0.5056080655779962,-0.019583771075266862,0.09504033786819788,0.0,0.0,0.0,0.0,0.0,0.0,1.0,0.0,Medium
-0.8885739007400144,-0.5085289258713767,0.40016080386052966,-0.4551912900102852,1.4024631780484158,-1.2172934881478605,1.4033461431231196,-0.08027570901674554,0.15336662797849854,0.0,0.0,0.0,0.0,0.0,0.0,1.0,0.0,Medium
-0.1302447411142783,-0.6219024180195329,-0.6094357457965993,-0.23398954837785804,0.043618624691220846,-0.643430407778163,0.5254111114061973,-0.7600254139613064,-0.8419432903553341,0.0,0.0,0.0,1.0,0.0,0.0,0.0,0.0,Medium
0.37530803196954504,-0.42664807043104197,-0.27049976126884917,0.731254415109095,-0.8984374732244814,0.03124645698080628,-2.346030533682985,1.091078693253793,-0.6349790351252362,1.0,0.0,0.0,0.0,0.0,0.0,0.0,0.0,Medium
0.3616444435078209,-0.31957310562445,1.3881231417392919,-1.688558576688059,0.5232108199937601,-1.4266759634178856,0.9610781196266246,-2.5200916142641883,-0.9868182690164017,0.0,0.0,0.0,1.0,0.0,0.0,0.0,0.0,Medium
1.318095635828569,-1.8564137769661206,-1.4964384287096486,-1.6751524105285178,0.44898821833979585,0.1940994933019363,-0.7683878827029517,-0.4262197552831737,-1.5098733867797394,0.0,0.0,0.0,0.0,1.0,0.0,0.0,0.0,Medium
1.1199736031335565,-0.5211259805545053,-0.03973483563293429,-0.19377104989923535,0.7287503322662775,0.3569525296230674,0.426395882265191,2.03787292514086,1.4591229291574772,0.0,0.0,0.0,0.0,1.0,0.0,0.0,0.0,Low
-1.284817966130039,-0.7289773828261245,-1.1430796363296536,0.44972492575873424,0.5346296817866779,0.6981684152482924,1.1063004557001006,0.7997573911346956,0.20604843840070539,0.0,0.0,0.0,0.0,0.0,0.0,1.0,0.0,Medium
-0.9227328718943268,-0.3762598516985284,1.9794582636813238,-1.3534044226995334,-1.0126260911536575,0.10104061540414724,-0.3723269661389265,-0.8996168712267076,-1.1561526596592098,0.0,0.0,1.0,0.0,0.0,0.0,0.0,0.0,Medium
-1.5649215295954004,-0.8108582382664596,0.039590607554412176,-0.622768367004548,-0.8470525951563523,0.5663350048930914,-0.9136102187764278,0.4234673758975277,-1.3856948336416814,0.0,0.0,0.0,0.0,0.0,0.0,1.0,0.0,Medium
-1.4692764103633258,-2.06426517923774,0.40016080386052966,0.034133774812962384,-0.4759395868865302,-0.11609676635735981,2.2020689915272365,-0.4504965304597655,-0.7553946018045659,0.0,0.0,0.0,0.0,1.0,0.0,0.0,0.0,Medium
-0.17123550649945382,0.17801055435912305,0.7607310001666472,-1.782401739804846,0.4033127711681256,-0.2556850832040428,-1.4548934714139286,0.3931214069267884,-0.648149487730788,0.0,0.0,1.0,0.0,0.0,0.0,0.0,0.0,Medium
0.8262064512064697,1.8723144092398993,-1.0349085774378184,0.8921284090235875,1.077025616950264,0.6128644438419865,-1.2898680895122514,0.4173981821033793,1.2897885385146717,1.0,0.0,0.0,0.0,0.0,0.0,0.0,0.0,Low
0.7442249204361197,0.20950319106694418,0.20545289785522602,1.2205794799323428,-1.1153958472899157,-0.876077602522635,-0.0752812787159081,-0.735748638784715,-0.20788007205949025,0.0,1.0,0.0,0.0,0.0,0.0,0.0,0.0,Medium
-1.0593687565115766,0.4551457573879492,-0.11906027882027972,0.315663264163324,0.9057426900565,0.20185439979341935,1.3967451278470528,0.8361725538995824,1.1336246004774166,0.0,0.0,0.0,0.0,0.0,0.0,1.0,0.0,Low
0.4641213569707582,0.9149382533221373,-0.37867082016068443,-0.964625604072844,-1.3609013758376445,-0.7907736311163285,1.7796040138589437,0.830103360105435,0.19475947902451782,0.0,1.0,0.0,0.0,0.0,0.0,0.0,0.0,Medium
-0.4513390699648154,0.8834456166143162,1.7486933380454093,0.6441143350720785,0.7458786249556537,-1.3336170855200966,-0.09508432454410917,0.8847261042527652,1.1825434244408926,0.0,0.0,0.0,0.0,0.0,0.0,0.0,1.0,Low
-0.20539447765376626,-0.04243790259562474,0.3785265920821628,-0.7300176962808762,-0.5729999121263296,-0.08507714039142976,0.003930904596897114,-0.092414096605041,-0.5164449616752709,0.0,1.0,0.0,0.0,0.0,0.0,0.0,0.0,Medium
0.6485798012040445,-1.440710972422882,-0.883469094989249,-0.5088159546484491,1.2368896820511104,0.12430533487859532,0.5650172030625994,-0.3169742669885123,-0.1551982616372834,0.0,0.0,0.0,0.0,1.0,0.0,0.0,0.0,Medium
-1.1276866988202014,-0.514827453212941,0.3280467645993062,0.44302184267896316,-2.462821538854193,0.3491976231315843,1.4429522347795216,0.5266436703980416,-0.5089189887578129,0.0,1.0,0.0,0.0,0.0,0.0,0.0,0.0,Medium
-0.16440371226859074,0.4614442847295131,0.07564762718502392,-0.7434238624404169,0.2605769987566556,0.24062893225083137,0.9676791349026923,-0.8632017084618203,0.07058092588645994,0.0,0.0,0.0,1.0,0.0,0.0,0.0,0.0,Medium
-1.2369954065140012,0.19690613638381643,-0.1623287023770134,1.2004702306930306,-0.40171698523256555,-1.3956563374519562,0.7696486766206797,-1.5975741575537123,-0.9172030195299148,0.0,0.0,0.0,1.0,0.0,0.0,0.0,0.0,Medium
-0.73827442766104,0.001651788795325004,1.0563985611376632,0.007321442493879959,1.1626670803971462,0.07777589592970025,1.1459065473565029,-0.8389249332852289,0.6801847322005645,0.0,0.0,0.0,1.0,0.0,0.0,0.0,0.0,Low
2.178901708917242,-0.8990376210483586,0.16939587822461427,0.8519099105449649,1.4138820398413336,-0.620165688303716,-0.6759736688380126,0.48415931383900634,1.109165188495676,0.0,0.0,0.0,0.0,1.0,0.0,0.0,0.0,Low
-0.984219019972089,0.2913840465072798,-0.7825094400235362,0.5234588396362094,-1.5093465791455731,1.0161195813990715,-0.5439533633166709,-1.9799333665850278,-1.5757256498074979,0.0,0.0,0.0,1.0,0.0,0.0,0.0,0.0,High
0.928683364669407,-0.13691581271908762,0.3424695724515511,0.6910359166304723,-1.6749200751428783,0.07777589592970025,-0.5373523480406037,1.558406615403179,0.36973834935541977,0.0,1.0,0.0,0.0,0.0,0.0,0.0,0.0,Medium
0.3616444435078209,0.8204603431986739,0.09728183896339078,-0.10663096986221843,0.5745956980618897,-1.2483131141137902,0.6904364933078745,-0.20772877869385084,0.4487610649887301,0.0,0.0,0.0,0.0,0.0,0.0,0.0,1.0,Low
-0.014104239189615862,-1.528890355204781,0.24150991748583778,0.30896018108355294,2.00195342217659,0.3569525296230674,-1.2832670742361847,-0.28662829801777295,-0.02349373558176623,0.0,0.0,0.0,0.0,1.0,0.0,0.0,0.0,Medium
-0.6494611026598274,1.3999248586225825,1.4458143731482704,1.2809072276502769,2.0076628530730485,0.7912272931460815,0.10954714901397106,-1.8221343279371833,1.6209313468828261,0.0,0.0,0.0,1.0,0.0,0.0,0.0,0.0,Low
-0.10291756419082895,0.4803398667542065,-1.6983577386410742,-0.1468494683408416,0.04932805558767973,1.776100417564347,-0.29311478282612174,0.9757640111649832,0.3716198425847826,0.0,0.0,0.0,0.0,0.0,1.0,0.0,0.0,Medium
0.19768138196712082,1.204670511034092,-1.525284044414138,-0.4015666253721208,-1.1496524326686686,0.07002098943821829,0.34718369895238577,-0.3594586235475475,-0.5879417043911233,0.0,0.0,0.0,0.0,0.0,1.0,0.0,0.0,Medium
0.7032341550509452,-1.3714271716656754,-0.37867082016068443,2.4003221019719523,-0.6129659284015414,0.6438840698079153,1.4891593417119915,-0.8692709022559683,0.5861100707323383,0.0,0.0,0.0,0.0,1.0,0.0,0.0,0.0,Medium
-2.2139419815273365,0.8267588705402387,0.11170464681563567,-0.6160652839247773,1.248308543844028,-2.512362872225422,-0.8211960049114887,-0.8692709022559683,-1.5098733867797394,0.0,0.0,0.0,0.0,0.0,0.0,1.0,0.0,High
0.7578885088978449,-0.6219024180195329,0.29920114889481636,0.6709266673911609,0.7002031777839834,-1.186273862181931,-0.015872141231303958,1.7951051733749452,0.9793421556695243,0.0,0.0,0.0,0.0,0.0,0.0,0.0,1.0,Low
0.32748547235350844,-0.4644392344804274,0.5804459020135885,-2.0103065645170433,-0.2704000746140133,-0.5115969974229619,-0.7155797604944152,-2.7021674280886243,-2.145818098304949,0.0,0.0,0.0,1.0,0.0,0.0,0.0,0.0,High
0.5051121223559327,-1.5225918278632167,0.8977476747629712,1.4887028031231633,0.16922610441331465,0.6981684152482924,-0.029074171783438317,0.9818332049591316,1.071535323908385,0.0,0.0,0.0,0.0,1.0,0.0,0.0,0.0,Low
1.2156187223656316,-0.14951286740221625,0.017956395776045332,0.9591592398212926,-0.09340771682379032,0.24838383874231332,0.1491532406703732,0.6844427090458858,1.0602463645322002,0.0,1.0,0.0,0.0,0.0,0.0,0.0,0.0,Low
0.1430270281202211,-1.8816078863323775,-1.3377875423349568,0.2352262672060777,0.07787521006997374,0.1708347738274893,0.2019613628789097,-0.0499297400460062,-0.8701656887958017,0.0,0.0,0.0,0.0,1.0,0.0,0.0,0.0,Medium
-0.5879749545820651,0.9779235267377795,0.21987570570747092,-1.0249533517907785,0.08358464096643262,2.342208591442562,-0.029074171783438317,1.218531762930898,1.0809427900552098,0.0,0.0,1.0,0.0,0.0,0.0,0.0,0.0,Low
0.9423469531311321,-0.6219024180195329,0.42900641956501845,0.0274306917331913,-0.002056822480449409,-1.1785189556904485,0.9214720279702224,-0.14703684075237217,0.15524812120786402,0.0,0.0,0.0,0.0,0.0,0.0,0.0,1.0,Medium
1.2019551339039065,-0.5589171446038907,0.8544792512062376,-0.32783271149464555,-1.5093465791455731,1.2875413086009557,-0.30631681337825567,-0.2926974918119209,-0.08558301215079518,0.0,1.0,0.0,0.0,0.0,0.0,0.0,0.0,Medium
1.6665171416025553,-0.3825583790400922,-0.003677816002322538,-0.9378132717537616,1.2254708202581925,-0.33323414811886687,-0.8806051423960923,-1.640058514112747,-0.44494821895941983,0.0,0.0,0.0,1.0,0.0,0.0,0.0,0.0,Medium
-0.9568918430486393,0.5874148315607975,0.2559327253380827,-0.14014638526107098,-0.7271545463307174,-1.1785189556904485,-0.08188229399197482,0.5873356083395203,-0.5352598939689164,0.0,0.0,0.0,0.0,0.0,0.0,1.0,0.0,Medium
-0.014104239189615862,-0.3825583790400922,1.5611968359662276,2.011543283345263,0.043618624691220846,-1.9772743243131363,1.3175329445342476,0.035038973072063856,0.9680531962933367,0.0,0.0,0.0,0.0,0.0,0.0,0.0,1.0,Medium
1.2634412819816683,-2.2532209994846664,0.9626503100980728,0.02072760865342117,0.3290901695141609,-0.015282981968088798,0.5386131419583317,1.012179173929871,0.6293844150077231,0.0,0.0,0.0,0.0,1.0,0.0,0.0,0.0,Low
-0.09608576995996589,-0.5337230352376339,-0.6022243418704774,0.42961567651942195,-1.3837390994234795,-0.5503715298803739,0.6970375085839412,0.035038973072063856,-0.7535131085752017,0.0,1.0,0.0,0.0,0.0,0.0,0.0,0.0,Medium
-0.5059934238117151,1.0157146907871655,1.359277526034802,0.9926746552201452,-0.3788792616467304,-0.8683226960311525,1.3241339598103143,-1.5854357699654165,0.43559061238317703,0.0,0.0,0.0,1.0,0.0,0.0,0.0,0.0,Medium
-1.1071913161276141,0.4488472300463853,0.12612745466788058,0.8720191597842762,-0.7842488552953054,-0.759754005150399,0.030334965701165832,-1.464051894082459,-0.9755293096402154,0.0,0.0,0.0,1.0,0.0,0.0,0.0,0.0,Medium
-0.9090692834326021,-0.7919626562417666,-0.061369047411301135,-0.622768367004548,-1.1839090180474214,0.5663350048930914,-0.31951884393039004,-1.3426680181995017,-1.7977418508725116,0.0,0.0,0.0,1.0,0.0,0.0,0.0,0.0,High
-0.3761893334253279,1.0849984915443716,-0.21280852985987006,-0.09992788678244782,0.11784122634518551,0.9773450489416596,0.28777456146778163,0.8361725538995824,0.9435937843115988,0.0,0.0,0.0,0.0,0.0,0.0,1.0,0.0,Low
0.04055011465728383,-0.017243793229367484,-1.957968279981479,-0.9042978563549091,1.7678667554217786,0.5740899113845744,-1.7519391588369475,1.364192413990447,-0.14202780903173035,0.0,0.0,0.0,0.0,0.0,1.0,0.0,0.0,Medium
0.11569985119677079,-1.5036962458385241,-1.4387471973006696,-0.5021128715686785,0.12926008813810286,1.4116198124646737,-1.487898547794264,1.206393375342602,-0.7478686288871079,1.0,0.0,0.0,0.0,0.0,0.0,0.0,0.0,Medium
-0.7519380161227647,1.2991484211575555,1.5179284124094938,0.2620385995251592,0.6259805761300183,0.8687763580609055,0.8950679668659537,-0.21379797248799834,1.5701310296899846,0.0,0.0,0.0,0.0,0.0,0.0,1.0,0.0,Low
-1.0183779911264015,1.7337468077254863,0.9121704826152162,-0.26080188069694044,-0.04773226965212007,-1.5817740932475337,-0.7485848368747506,0.4962977014273023,-0.07053106631587931,0.0,0.0,0.0,0.0,0.0,0.0,1.0,0.0,Medium
0.21134497042884598,-0.20619961347629417,-2.0733507427994367,0.20841393488699528,-0.4473924324042362,-1.5429995607901217,0.4726029891976608,0.016831391689620428,-1.0846559169433574,0.0,0.0,0.0,0.0,0.0,1.0,0.0,0.0,Medium
-0.6767882795832773,1.6140747882357664,0.09007043503726883,0.7044420827900134,-1.7662709694862193,0.5973546308590214,0.3339816684002514,-0.6629183132549409,-0.0385456814166821,0.0,1.0,0.0,0.0,0.0,0.0,0.0,0.0,Medium
0.3548126492769578,1.5132983507707385,0.5804459020135885,0.8116914120663412,-1.1553618635651275,1.0238744878905535,1.3175329445342476,0.3384986627794572,1.596471934901088,0.0,1.0,0.0,0.0,0.0,0.0,0.0,0.0,Low
1.9807796762222294,-1.0753963866121568,-1.0349085774378184,1.046299319858309,-2.0003576362410302,1.2642765891265075,-0.11488737037231025,0.9636256235766874,0.20228545194197708,0.0,1.0,0.0,0.0,0.0,0.0,0.0,0.0,Medium
-1.0115461968955395,-0.02354232057093135,0.7679424040927691,-1.4271383365770092,-0.8070865788811405,-1.2948425530626846,0.3735877600566545,-0.3169742669885123,-1.321724063843287,0.0,0.0,1.0,0.0,0.0,0.0,0.0,0.0,Medium
-0.6767882795832773,1.702254171017665,-0.436362051569663,-1.4941691673747144,-0.1333737330990021,0.3569525296230674,-1.4482924561378618,1.182116600166011,-0.2680878553991537,1.0,0.0,0.0,0.0,0.0,0.0,0.0,0.0,Medium
-0.5538159834277526,-0.5526186172623264,-0.6454927654272111,1.8774816217498527,0.5517579744760541,0.4655212205038204,-0.2799127522739874,1.958973405816938,1.0790612968258442,0.0,0.0,0.0,0.0,0.0,1.0,0.0,0.0,Low
-0.854414929585702,-0.11802023069439514,-0.061369047411301135,-0.9244071055942209,-0.6757696682625882,-1.2948425530626846,0.5584161877865327,0.3324294689853097,-1.0263296268330568,0.0,0.0,1.0,0.0,0.0,0.0,0.0,0.0,Medium
0.2523357358140205,1.494402768746046,0.1766072821507362,0.8988314921033577,-1.686338936935796,0.6206193503334684,-0.35252392031072544,2.3838169714072888,1.3086034708083158,0.0,1.0,0.0,0.0,0.0,0.0,0.0,0.0,Low
0.22500855889057114,0.2724884644825864,1.3015862946258234,-0.23398954837785804,2.4187418776180825,-0.6899598467270575,0.18875933232677533,1.2428085381074898,1.857999493782757,0.0,0.0,1.0,0.0,0.0,0.0,0.0,0.0,Low
-0.1917308891920411,0.23469730043320142,-1.0781770009945522,0.12797693792974896,-0.7956677170882228,1.6287571942261807,-0.0554782328877061,0.44167495727997114,0.03295106129916893,0.0,0.0,0.0,0.0,0.0,1.0,0.0,0.0,Medium
0.8262064512064697,0.16541349967599533,-0.6310699575749666,0.315663264163324,-0.9498223512926106,1.6132473812432158,-1.256863013131916,0.24139156207309168,-0.004678803288122069,1.0,0.0,0.0,0.0,0.0,0.0,0.0,0.0,Medium
-2.630681429609948,-0.8297538202911521,-0.7752980360974137,0.44302184267896316,0.07216577917351485,-1.9772743243131363,0.10954714901397106,-0.025652964869414815,-1.854186647753448,0.0,0.0,0.0,0.0,0.0,0.0,1.0,0.0,High
-0.57431136612034,1.5699850968448168,0.18381868607685917,-0.07311555446336589,0.4147316329610434,-1.6283035321964283,-0.79479194380722,-1.5672281885829729,-0.7911429731624914,0.0,0.0,0.0,1.0,0.0,0.0,0.0,0.0,Medium
0.6007572415880079,0.6944897963673895,-0.58059013009211,1.9646217017868692,-1.1325241399792925,-1.969519417821654,2.2614781290118406,0.07145413583695115,0.7366295290815024,0.0,1.0,0.0,0.0,0.0,0.0,0.0,0.0,Medium
1.78948943775808,0.31657815587353616,-0.9123147106937383,-0.6696899485629412,-0.39029812343964815,1.907933827919548,-0.9664183409849643,-0.7114718636081236,-0.0009158168293910974,1.0,0.0,0.0,0.0,0.0,0.0,0.0,0.0,Medium
0.9150197762076818,0.09612969891878834,-2.39065251554882,-0.6428776162438593,1.1626670803971462,0.5353153789271624,0.26137050036351384,-0.917824452609151,-0.27561382831661296,0.0,0.0,0.0,0.0,0.0,1.0,0.0,0.0,Medium
0.19768138196712082,-0.9179332030730512,-2.837759558968406,0.5100526734766683,0.5745956980618897,-1.147499329724519,-0.5043472716602683,1.12749385601868,-0.8758101684838955,0.0,0.0,0.0,0.0,0.0,1.0,0.0,0.0,Medium
0.9081879819768197,0.4551457573879492,-0.5661673222398657,1.7166076278353601,0.7287503322662775,1.3495805605328146,-0.9532163104328304,-0.6932642822256802,1.0019200744218995,1.0,0.0,0.0,0.0,0.0,0.0,0.0,0.0,Low
1.0994782204409692,1.0535058548365503,1.4241801613699037,-0.9847348533121554,-1.2980976359765977,-0.4030283065422089,1.0204872571112287,-0.5172576621953917,0.397960747795886,0.0,1.0,0.0,0.0,0.0,0.0,0.0,0.0,Medium
0.10886805696590869,1.5699850968448168,-0.5228988986831314,-0.05300630522405454,0.44898821833979585,0.7214331347227394,-0.2865137675500546,-0.6204339566959056,0.4957983957228431,0.0,0.0,0.0,1.0,0.0,0.0,0.0,0.0,Medium
-0.6767882795832773,-0.3321701603075786,-0.7969322478757805,-0.6696899485629412,-0.4531018633006947,1.5124335968539446,-1.1050396617823732,0.6237507711044071,-0.7309351898228266,1.0,0.0,0.0,0.0,0.0,0.0,0.0,0.0,Medium
0.3479808550460957,-0.7856641289002029,-0.24165414556435988,-0.3613481268934981,-1.6406634897641257,-0.7287343791844695,1.0864974098718996,-1.6279201265244516,-1.5192808529265627,0.0,1.0,0.0,0.0,0.0,0.0,0.0,0.0,Medium
-0.6016385430437903,-2.1776386713858957,0.5732344980874655,0.7714729135877185,0.11784122634518551,-0.41853811952517284,0.195360347602843,-0.9906547781389256,-0.9548328841172058,0.0,0.0,0.0,0.0,1.0,0.0,0.0,0.0,Medium
0.8876925992842315,-0.02354232057093135,-0.869046287137004,-0.3345357945744157,1.1912142348794401,-1.2172934881478605,1.350538020914583,-1.2334225299048402,0.021662101922981365,0.0,0.0,0.0,1.0,0.0,0.0,0.0,0.0,Medium
0.7168977435126693,1.771537971774872,-0.8618348832108815,-0.8774855240358271,-1.0126260911536575,0.2716485582167603,-0.6495696077337443,0.7329962593990685,0.03671404775789723,0.0,1.0,0.0,0.0,0.0,0.0,0.0,0.0,Medium
-1.373631291131251,0.02684589816158225,-0.6815497850578228,-0.0865217206229071,1.2597274056369459,-0.5115969974229619,0.40659283643698996,-0.2684207166353295,-0.3113621996745385,0.0,0.0,0.0,0.0,0.0,0.0,1.0,0.0,Medium
0.3206536781226454,1.072401436861243,0.8833248669107273,0.14138310408929017,-0.26469064371755435,-0.3642537740847969,0.4197948669891233,0.7694114221639563,1.0771798035964788,0.0,1.0,0.0,0.0,0.0,0.0,0.0,0.0,Low
-1.0047144026646768,0.29768257384884367,0.8544792512062376,-0.595956034685466,0.07216577917351485,0.8842861710438705,-1.47469651724213,-0.1773828097231115,-0.46188165802369985,1.0,0.0,0.0,0.0,0.0,0.0,0.0,0.0,Medium
1.0379920723632063,0.4236531206801281,1.1717810239556214,-1.1925304287850413,-0.07627942413441408,0.1087955218956303,-0.5703574244209391,-0.1773828097231115,0.2098114248594337,0.0,0.0,1.0,0.0,0.0,0.0,0.0,0.0,Medium
-0.3215349795784282,0.22210024575007278,0.8833248669107273,2.259557357296772,0.08358464096643262,0.00022683101487622702,1.918225334656352,-0.5961571815193142,1.5400271380201531,0.0,0.0,0.0,1.0,0.0,0.0,0.0,0.0,Low
-2.0773060969100867,0.6566986323180045,0.11891605074175762,0.22852318412630662,-3.290689018840719,0.1320602413700773,-1.3558782422729223,-0.39587378631243436,-2.3038635295715677,0.0,1.0,0.0,0.0,0.0,0.0,0.0,0.0,High
1.2087869281347685,0.39845901131387085,-1.157502444181898,-0.3546450438137275,0.9000332591600415,0.37246234260603134,-1.8377523574258199,-1.0392083284921083,-0.5108004819871784,1.0,0.0,0.0,0.0,0.0,0.0,0.0,0.0,Medium
-0.854414929585702,-2.656326749344777,0.8112108276495038,-0.5289252038877609,-0.6986073918484234,-0.7287343791844695,0.2481684698113795,0.7876190035463997,-1.321724063843287,0.0,0.0,0.0,0.0,1.0,0.0,0.0,0.0,Medium
0.7237295377435324,0.6629971596595684,1.3448547181825572,0.8385037443854236,1.0427690315715115,-0.783018724624846,-0.9664183409849643,0.07752332963109909,1.1072836952663132,1.0,0.0,0.0,0.0,0.0,0.0,0.0,0.0,Low
0.9765059242854446,-2.3602959642912587,-0.6959725929100677,0.6441143350720785,-0.17904918027067235,-0.5193519039144444,0.8356588293813505,-2.659683071529589,-1.5098733867797394,0.0,0.0,0.0,1.0,0.0,0.0,0.0,0.0,Medium
-0.15757191803772866,0.6378030502933121,0.6741941530531788,-0.2071772160587761,-1.280969343287221,-0.0075280754766057344,1.3571390361906497,-0.456565724253913,0.10821079047375093,0.0,1.0,0.0,0.0,0.0,0.0,0.0,0.0,Medium
-0.12341294688341622,0.2787869918241512,-0.595012937944355,1.2742041445705068,-1.2295844652190917,-1.5662642802645688,-0.7749888979790188,-0.923893646403299,-1.3010276383202775,0.0,1.0,0.0,0.0,0.0,0.0,0.0,0.0,Medium
0.8876925992842315,-0.01094526588780362,1.5972538555968394,-0.31442654533510433,-1.2866787741836798,0.48878593997826736,-2.2140102281616434,0.7147886780166252,-0.18153916684838683,1.0,0.0,0.0,0.0,0.0,0.0,0.0,0.0,Medium
1.0243284839014812,1.072401436861243,0.7318853844621573,-0.6160652839247773,-0.1619208875812961,-1.240558207622308,0.14255222539430648,0.22925317448479576,0.473220476970468,0.0,0.0,0.0,0.0,0.0,0.0,0.0,1.0,Low
0.764720303128707,0.8393559252233664,-1.1430796363296536,2.0986833633822792,-1.3323542213553505,0.10104061540414724,-0.0554782328877061,-0.9785163905506297,0.023543595152346847,0.0,1.0,0.0,0.0,0.0,0.0,0.0,0.0,Medium
0.5256075050485199,-0.4077524884063495,1.2727406789213336,0.7513636643484072,-2.251572595685217,-0.4340479325081379,-1.487898547794264,0.18676881792576053,-0.8099579054561369,0.0,1.0,0.0,0.0,0.0,0.0,0.0,0.0,Medium
2.0832565896851665,0.3102796285319723,-1.510861236561893,-1.1590150133861887,0.8143917957131594,-0.0773222338999478,1.04029030293943,-0.001376189692823002,0.6162139624021727,0.0,0.0,0.0,0.0,0.0,1.0,0.0,0.0,Medium
0.7100659492818072,-0.5904097813117118,-0.40030503193905126,-0.5758467854461542,0.08358464096643262,0.17858968031897127,0.08314308790970233,0.6055431897219637,0.0442400206753565,0.0,0.0,0.0,0.0,1.0,0.0,0.0,0.0,Medium
0.6349162127423204,-0.7037832734598677,-0.12627168274640166,1.1535486491346378,0.991384153503382,-0.41853811952517284,1.2449217764975091,0.36884463175019655,1.1881879041289862,0.0,0.0,0.0,0.0,1.0,0.0,0.0,0.0,Low
-2.2139419815273365,-0.8738435116821018,-0.42193924371741864,1.1468455660548666,1.3967537471519567,-0.8683226960311525,-1.0654335701259705,-0.456565724253913,-1.0677224778790761,0.0,0.0,0.0,0.0,0.0,0.0,1.0,0.0,Medium
0.47095315120162023,0.1717120270175592,-0.6094357457965993,-1.507575333534255,0.8886143973671238,-0.705469659710022,-1.6727269755241427,-1.4943978630531984,-1.5249253326146566,1.0,0.0,0.0,0.0,0.0,0.0,0.0,0.0,Medium
-0.9773872257412269,0.39216048397230696,1.070821368989908,0.6105989196732259,0.39760334027166633,-1.3103523660456498,0.8554618752095516,-0.2562823290470336,0.34527893737367915,0.0,0.0,0.0,0.0,0.0,0.0,1.0,0.0,Low
-0.2327216545772156,-0.8360523476327164,0.1766072821507362,0.4162095103598817,-0.2532717819246366,-1.3879014309604736,0.38678979060878793,2.3838169714072888,0.34716043060304463,0.0,0.0,0.0,0.0,1.0,0.0,0.0,0.0,Medium
-0.4035165103487778,0.6063104135854909,0.11170464681563567,-2.265023721548323,-1.1610712944615864,0.43450159453789144,-0.43833711889959737,-0.6932642822256802,-1.4421396305226166,0.0,0.0,1.0,0.0,0.0,0.0,0.0,0.0,Medium
0.4641213569707582,0.04574148018627474,1.070821368989908,0.2754447656847004,-0.024894546066284533,-0.1393614858318068,0.5254111114061973,1.855797111316424,1.4760563682217587,0.0,1.0,0.0,0.0,0.0,0.0,0.0,0.0,Low
-0.8885739007400144,-0.43294659777260625,0.21266430178134796,-1.9834942321979614,0.6944937468875242,0.7214331347227394,-0.5373523480406037,-0.2684207166353295,-0.8852176346307176,0.0,0.0,1.0,0.0,0.0,0.0,0.0,0.0,Medium
-0.895405694970877,0.41735459333856423,1.1068783886205198,-1.226045844183894,0.28341472234249065,-2.4503236202935623,0.16895628649857428,1.9529042120227904,-0.0310197084992255,0.0,0.0,0.0,0.0,0.0,0.0,0.0,1.0,Medium
0.32748547235350844,0.4866383940957703,-0.06858045133742308,-0.19377104989923535,-1.1096864163934568,1.0161195813990715,0.6904364933078745,-0.11669087178163282,0.25496726236418393,0.0,1.0,0.0,0.0,0.0,0.0,0.0,0.0,Medium
-0.4513390699648154,-1.1194860780031064,0.6020801137919553,-0.032897055984742726,-0.5216150340582004,0.11655042838711226,-0.25350869116971914,2.3838169714072888,0.2662562217403715,0.0,0.0,0.0,0.0,1.0,0.0,0.0,0.0,Medium
-0.3830211276561905,0.3102796285319723,-0.2632883573427267,-0.2876142130160224,0.2777052914460318,0.9928548619246235,0.5914212641668681,2.2806406769067746,1.3067219775789505,0.0,0.0,0.0,0.0,0.0,0.0,1.0,0.0,Low
-1.223331818052276,-0.8045597109248953,-0.6815497850578228,0.2754447656847004,-0.1276643022025432,-0.03854770144253578,0.11614816429003777,0.21711478689649988,-0.7854984934743976,0.0,0.0,0.0,0.0,0.0,0.0,1.0,0.0,Medium
0.30699008966092023,0.6818927416842608,1.1501468121772536,1.3144226430491295,-0.6986073918484234,-0.86056778953967,1.4429522347795216,-0.23200555387044222,1.071535323908385,0.0,1.0,0.0,0.0,0.0,0.0,0.0,0.0,Low
-0.6767882795832773,-0.24399077752567958,-1.1286568284774088,-0.42167587461143263,-3.2678512952548844,0.30266818418269037,-2.42524271699579,-0.1409676469582242,-3.0131864770419936,0.0,1.0,0.0,0.0,0.0,0.0,0.0,0.0,High
-0.3351985680401529,-0.7919626562417666,1.6260994713013293,0.37599101188125805,1.4652669179094624,0.4810310334867854,0.743244615516411,-0.49298088701880033,1.075298310367116,0.0,0.0,0.0,0.0,1.0,0.0,0.0,0.0,Low
-1.6469030603657504,0.6063104135854909,1.070821368989908,0.7245513320293248,1.516651795977592,-1.9540096048386888,-1.0852366159541722,-0.09848329039918896,-0.12885735642617996,0.0,0.0,0.0,0.0,0.0,0.0,1.0,0.0,Medium
-0.9705554315103644,0.8456544525649312,1.2006266396601102,0.5971927535136847,1.0028030152963,-0.876077602522635,0.7234415696882098,1.661582909903692,1.6322203062590137,0.0,0.0,0.0,0.0,0.0,0.0,1.0,0.0,Low
-0.6904518680450024,0.20320466372538032,-0.4579962633480304,-1.6215277458903539,0.46040708013271364,1.6442670072091456,-0.5307513327645365,1.0425251429006104,0.023543595152346847,0.0,0.0,1.0,0.0,0.0,0.0,0.0,0.0,Medium
-0.41034830457964033,-1.1194860780031064,0.4578520352695083,-0.5557375362068429,-0.24756235102817814,-1.8376860074664527,1.4429522347795216,2.3838169714072888,0.17406305350150816,0.0,0.0,0.0,0.0,0.0,0.0,0.0,1.0,Medium
1.0994782204409692,0.16541349967599533,0.4794862470478751,-1.3131859242209103,-0.1562114566848372,-0.10058695337439479,-0.2205036147893837,-0.7600254139613064,-0.33205862519754814,0.0,0.0,1.0,0.0,0.0,0.0,0.0,0.0,Medium
0.7510567146669818,-0.004646738546238861,1.070821368989908,-1.4673568350556323,1.0827350478467226,0.9385705164842476,0.06994105735756798,1.0425251429006104,1.2502771806980153,0.0,0.0,1.0,0.0,0.0,0.0,0.0,0.0,Low
2.178901708917242,-1.0376052225627717,-0.010889219928444478,-0.8774855240358271,0.6031428525441836,-1.4654504958752976,-1.0192264631935013,0.8786569104586177,-0.16648722101346963,1.0,0.0,0.0,0.0,0.0,0.0,0.0,0.0,Medium
-0.7109472507375897,0.007950316136889764,0.5299660745307317,1.1200332337357852,-1.2010373107367978,0.38797215558899634,0.5254111114061973,0.6237507711044071,0.37538282904351356,0.0,1.0,0.0,0.0,0.0,0.0,0.0,0.0,Low
1.482058697369268,-1.3588301169825467,0.3929493999344067,0.37599101188125805,-0.1562114566848372,-1.4732054023667802,1.291128883429979,-0.4262197552831737,0.04612151390472198,0.0,0.0,0.0,0.0,1.0,0.0,0.0,0.0,Medium
0.8398700396681948,-0.9746199491471295,-1.1358682324035312,0.2888509318442416,-1.1039769854969983,-0.2246654572381128,0.44619892809339207,-0.29876668560606884,-0.8231283580616886,0.0,1.0,0.0,0.0,0.0,0.0,0.0,0.0,Medium
-0.3488621565018781,-1.0942919686368497,1.3881231417392919,0.3290694303228643,0.9970935843998405,-1.4887152153497447,0.16895628649857428,-0.8328557394910809,-0.2643248689404254,0.0,0.0,0.0,0.0,1.0,0.0,0.0,0.0,Medium
1.8099848204506672,-2.6815208587110333,1.1068783886205198,1.5490305508410973,-0.5044867413688242,-1.186273862181931,0.18875933232677533,-1.8585494907020703,-0.6933053252355369,0.0,0.0,0.0,0.0,1.0,0.0,0.0,0.0,Medium
0.6349162127423204,-1.081694913953721,0.23429851355971584,1.723310710915131,-1.5207654409384908,-0.015282981968088798,0.7300425849642765,-0.5051192746070963,-0.07053106631587931,0.0,1.0,0.0,0.0,0.0,0.0,0.0,0.0,Medium
-1.7357163853669626,0.2724884644825864,-1.2656735030737334,-0.3546450438137275,-1.7263049532110077,0.09328570891266527,0.18215831705070862,-1.457982700288311,-2.2154333477914356,0.0,1.0,0.0,0.0,0.0,0.0,0.0,0.0,High
-0.3830211276561905,-0.2502893048672439,-0.9627945381765949,-1.4740599181354024,-0.08198885503087255,-1.6515682516708752,0.2943755767438493,-0.23807474766459016,-1.5776071430368621,0.0,0.0,1.0,0.0,0.0,0.0,0.0,0.0,Medium
0.1566906165819463,0.08353264423565972,0.16218447429849234,0.496646507317127,0.8086823648167002,1.1246882722798246,0.9478760890744903,-0.12276006557578034,1.2766180859091187,0.0,0.0,0.0,1.0,0.0,0.0,0.0,0.0,Low
1.0584874550557937,1.1794764016678347,1.5611968359662276,0.5636773381148321,0.05503748648413861,0.062266082946735225,-0.21390259951331655,-0.3473202359592516,1.3424703489368786,0.0,0.0,0.0,1.0,0.0,0.0,0.0,0.0,Low
1.8373119973741174,1.2487602024250408,-1.0493313852900628,1.099923984496473,0.16351667351685575,0.3491976231315843,-0.0554782328877061,-0.7478870263730109,1.0056830608806278,0.0,0.0,0.0,0.0,0.0,1.0,0.0,0.0,Low
-1.4761082045941882,0.6881912690258256,1.1357240043250096,-0.26080188069694044,1.6479687065961441,0.09328570891266527,0.48580501974979423,0.3324294689853097,1.037668445779825,0.0,0.0,0.0,0.0,0.0,0.0,1.0,0.0,Low
0.5802618588954197,-1.3336360076162899,-0.9844287499549618,-0.7702361947594989,0.9057426900565,1.0316293943820356,-1.6727269755241427,-2.070971273497246,-1.6020665550186013,0.0,0.0,0.0,1.0,0.0,0.0,0.0,0.0,High
0.27966291273747085,1.0598043821781142,1.3881231417392919,1.2272825630121131,-0.5672904812298707,0.38021724909751436,-0.9796203715370986,0.28994511242627447,1.0207350067155436,1.0,0.0,0.0,0.0,0.0,0.0,0.0,0.0,Low
0.9970013069780319,-0.6344994727026612,-1.3305761384088344,1.4819997200433923,-0.8127960097775995,0.0467562699637713,0.7960527377249474,-0.5779496001368704,-0.06864957308651383,0.0,0.0,0.0,0.0,0.0,1.0,0.0,0.0,Medium
0.21134497042884598,0.9212367806637021,0.7390967883882803,-0.36805120997326823,0.6145617143371014,-0.6666951272526099,-1.8311513421497527,0.3506370503677531,0.06305495296900065,1.0,0.0,0.0,0.0,0.0,0.0,0.0,0.0,Medium
0.9765059242854446,-1.4785021364722672,2.1597433618343826,2.3534005204135586,0.3005430150318669,-0.759754005150399,0.2811735461917149,-0.9603088091681863,0.9360678113941395,0.0,0.0,0.0,0.0,1.0,0.0,0.0,0.0,Medium
1.1951233396730434,-0.0739305393034454,0.15497307037236938,-0.11333405294198903,0.39760334027166633,-1.0001561063863535,-0.04227620233557268,1.4734379022851085,0.8118892582560817,0.0,0.0,0.0,0.0,0.0,0.0,0.0,1.0,Low
-0.08925397572910379,0.020547370820017494,-0.6310699575749666,0.13468002100952003,-1.0525921074288689,1.2177471501776136,-0.6825746841140797,-1.3183912430229103,-0.9999887216219534,0.0,0.0,0.0,1.0,0.0,0.0,0.0,0.0,Medium
-0.26004883150066593,-0.993515531171822,-0.6094357457965993,0.4564280088385044,0.40902220206458406,0.1708347738274893,-0.08848330926804153,-0.9421012277857423,-0.6744903929418914,0.0,0.0,0.0,1.0,0.0,0.0,0.0,0.0,Medium
1.2292823108273558,0.052040007527838605,-0.6959725929100677,-0.8439701086369746,1.2825651292227807,-1.0854600777926602,1.3703410667427842,-1.3972907623468325,0.06493644619836615,0.0,0.0,0.0,1.0,0.0,0.0,0.0,0.0,Medium
1.3317592242902931,0.5559221948529764,0.7463081923144023,-1.0249533517907785,-0.21330576564942524,1.1479529917542715,-0.728781791046549,0.2838759186321269,0.6594883066775549,0.0,0.0,1.0,0.0,0.0,0.0,0.0,0.0,Low
0.7237295377435324,0.3228766832151009,-1.3089419266304674,-0.19377104989923535,-0.3845886925431893,-0.41078321303369086,-0.6231655466294761,-0.4201505614890262,-0.7930244663918569,0.0,0.0,0.0,0.0,0.0,1.0,0.0,0.0,Medium
0.08837267427332143,0.35436931992292203,0.34968097637767304,-1.8159171552036986,-0.23614348923526035,1.0471392073650005,-0.477943210556,-0.30483587940021634,-0.4280147798951385,0.0,0.0,1.0,0.0,0.0,0.0,0.0,0.0,Medium
-0.5538159834277526,0.6126089409270548,1.6693678948580628,-0.42167587461143263,0.5917239907512659,-0.6744500337440924,0.30757760729598366,-0.3594586235475475,0.4431165853006363,0.0,0.0,0.0,0.0,0.0,0.0,1.0,0.0,Low
-0.9295646661251894,0.889744143955881,-0.4435734554957855,0.315663264163324,-2.5427535714046163,-0.7132245662015044,-0.1808975231329811,-1.1666613981692135,-1.8015048373312412,0.0,1.0,0.0,0.0,0.0,0.0,0.0,0.0,High
0.2455039415831584,-0.04243790259562474,0.7030397687576686,1.9646217017868692,1.3054028528086161,-0.6511853142696454,0.023733950425098186,0.9939715925474267,1.720650488039146,0.0,0.0,0.0,0.0,0.0,0.0,0.0,1.0,Low
0.7442249204361197,-0.9746199491471295,1.7631161458976532,-0.32112962841487497,0.39189390937520785,0.11655042838711226,1.3241339598103143,-1.882826265878662,0.2925971269514723,0.0,0.0,0.0,1.0,0.0,0.0,0.0,0.0,Medium
-0.7792651930462144,2.2187334130259315,0.8977476747629712,2.085277197222738,1.0941539096396402,1.2099922436861317,-0.6825746841140797,2.3352634210541057,3.064036653805416,0.0,0.0,0.0,0.0,0.0,0.0,1.0,0.0,Low
-0.5948067488129276,2.2187334130259315,0.7102511726837906,-0.36805120997326823,-1.280969343287221,0.07777589592970025,-1.7651411893890818,-1.099900266433587,-0.8325358242085107,1.0,0.0,0.0,0.0,0.0,0.0,0.0,0.0,Medium
-1.4351174392090134,0.1339208629681742,-0.724818208614557,-0.26750496377671057,-0.1676303184777546,0.32593290365713734,0.8620628904856183,0.5387820579863366,-0.2285764975824999,0.0,0.0,0.0,0.0,0.0,0.0,1.0,0.0,Medium
0.23867214735229533,-1.0942919686368497,-1.8425858171635212,0.14138310408929017,0.5688862671654303,0.6671487892823635,-0.2733117369979202,0.7936881973405472,-0.23045799081186405,0.0,0.0,0.0,0.0,0.0,1.0,0.0,0.0,Medium
0.5802618588954197,-0.44554365245573446,-0.19838572200762516,0.7178482489495547,-0.7842488552953054,-1.3336170855200966,0.36698674478058685,0.1442844613667257,-0.3207696658213606,0.0,1.0,0.0,0.0,0.0,0.0,0.0,0.0,Medium
-0.6426293084289648,1.2676557844497343,0.4073722077866516,0.06764919021181494,0.7287503322662775,-1.44218577640085,0.6904364933078745,1.024317561518166,0.913489892641767,0.0,0.0,0.0,0.0,0.0,0.0,0.0,1.0,Low
0.08154088004245837,0.285085519165715,-0.9844287499549618,1.8104507909521477,-1.2352938961155506,0.24062893225083137,-2.3526315489590526,-0.5111884684012442,-1.0225666403743285,1.0,0.0,0.0,0.0,0.0,0.0,0.0,0.0,Medium
0.2659993242757457,-0.9053361483899229,-1.445958601226792,2.1657141941799845,0.8600672428848297,1.1324431787713076,-0.21390259951331655,-1.0452775222862563,0.25873024882291223,0.0,0.0,0.0,0.0,0.0,1.0,0.0,0.0,Medium
2.178901708917242,-0.5022303985298128,-1.4531700051529144,-0.9110009394346796,2.0818854547270127,-0.9846462934033885,-1.8377523574258199,-0.3473202359592516,-0.46188165802369985,1.0,0.0,0.0,0.0,0.0,0.0,0.0,0.0,Medium
0.68957056658922,0.9779235267377795,-0.8402006714325148,-0.0865217206229071,0.9457087063317118,-1.8687056334323824,1.0072852265590944,1.3035004760489683,0.9849866353576181,0.0,0.0,0.0,0.0,0.0,0.0,0.0,1.0,Low
1.3659181954446056,1.6896571163345364,0.09728183896339078,0.6508174181518496,-0.7728299935023877,-0.08507714039142976,-0.867403111843958,0.4902285076331539,0.8984379468068512,0.0,1.0,0.0,0.0,0.0,0.0,0.0,0.0,Low
-0.5059934238117151,0.08983117157722448,0.2631441292642046,0.7044420827900134,-0.5501621885404945,-0.05405751442550081,0.5848202488908005,-0.5354652435778355,-0.049834640792869665,0.0,1.0,0.0,0.0,0.0,0.0,0.0,0.0,Medium
-1.291649760360901,0.7385794877583393,-1.7127805464933192,-0.7367207793606463,-0.11624544040962545,-0.04630260793401775,1.3439370056385154,-0.3230434607826602,-0.6933053252355369,0.0,0.0,0.0,0.0,0.0,1.0,0.0,0.0,Medium
-1.175509258436239,1.5762836241863807,1.0059187336548066,-1.1456088472266475,-1.166780725358045,0.2328740257593483,1.7069928458222052,-0.15310603454651966,0.24932278267609018,0.0,1.0,0.0,0.0,0.0,0.0,0.0,0.0,Medium
1.1131418089026943,-0.6974847461183034,2.368874075691931,-0.6763930316427118,-0.0363134078592023,0.05451117645525327,1.31093192925818,-1.385152374758537,0.5898730571910693,0.0,0.0,0.0,1.0,0.0,0.0,0.0,0.0,Medium
-1.1276866988202014,0.07093558955253199,0.04680201148053412,1.160251732214408,2.041919438451802,1.2797864021094727,-0.728781791046549,-1.7978575527605918,0.33398997799749425,0.0,0.0,0.0,1.0,0.0,0.0,0.0,0.0,Medium
-1.3804630853621136,1.9227026279724129,0.8905362708368493,-0.6763930316427118,-0.5558716194369533,1.3728452800072617,-1.1446457534387757,1.1578398249894193,0.5240207941633094,0.0,0.0,0.0,0.0,0.0,0.0,1.0,0.0,Medium
2.1037519723777547,-0.5967083086532762,2.368874075691931,-1.2461550934232053,0.180644966206232,-1.031175732352283,1.1393055320804362,-0.11062167798748487,0.962408716605243,0.0,0.0,1.0,0.0,0.0,0.0,0.0,0.0,Medium
0.4094670031238575,0.02684589816158225,-0.10463747096803483,1.1937671476132605,-1.1724901562545038,0.3491976231315843,0.9808811654548256,-0.14703684075237217,0.4506425582180929,0.0,1.0,0.0,0.0,0.0,0.0,0.0,0.0,Low
-1.0593687565115766,-0.7541714921923817,1.5467740281139828,-0.9981410194716966,-0.053441700548578545,0.03900136347228824,-0.4845442258320672,0.4173981821033793,-0.5126819752165426,0.0,0.0,0.0,0.0,0.0,0.0,1.0,0.0,Medium
-0.5948067488129276,-1.7997270308920423,-0.789720843949658,0.315663264163324,-0.6472225137802943,-0.16262620530625377,0.12274917956610448,0.016831391689620428,-1.2897386789440912,0.0,0.0,0.0,0.0,1.0,0.0,0.0,0.0,Medium
1.2156187223656316,-1.7493388121595288,0.025167799702167273,1.1736578983739492,0.6773654541981479,0.5740899113845744,-0.19409955368511547,-2.556506777029075,-0.42048880697768054,0.0,0.0,0.0,1.0,0.0,0.0,0.0,0.0,Medium
-0.49232983534999036,-0.6911862187767395,1.7703275498237763,0.22852318412630662,1.0256407388821345,-1.2250483946393431,0.7828507071728131,-1.1484538167867702,0.11573676339120753,0.0,0.0,0.0,1.0,0.0,0.0,0.0,0.0,Medium
-0.027767827651341028,-0.5274245078960696,0.6886169609054237,0.7111451658697836,-0.024894546066284533,-0.06956732740846473,-0.5901604702491406,0.7572730345756604,0.3189380321625757,1.0,0.0,0.0,0.0,0.0,0.0,0.0,0.0,Low
-0.1370765353451414,0.4551457573879492,0.09007043503726883,-0.6160652839247773,0.3690561857893723,-0.10058695337439479,-0.16109447730478005,-0.4383581428714696,-0.17025020747219927,0.0,0.0,1.0,0.0,0.0,0.0,0.0,0.0,Medium
-0.6357975141981027,0.7133853783920819,0.21987570570747092,0.24192935028584783,-0.18475861116713121,1.6287571942261807,1.0270882723872954,-0.371597011135843,0.8438746431552788,0.0,0.0,0.0,0.0,0.0,0.0,1.0,0.0,Low
0.368476237738683,-1.396621281031932,0.501120458826242,0.3558817626419467,1.1112822023290165,0.11655042838711226,0.11614816429003777,-0.092414096605041,0.39231626810779224,0.0,0.0,0.0,0.0,1.0,0.0,0.0,0.0,Low
0.07470908581159626,2.054971702145262,-0.7680866321712913,0.9524561567415225,0.3062524459283258,-1.8454409139579353,0.13595121011823882,-0.38980459251828686,0.34151595091495085,0.0,0.0,0.0,0.0,0.0,0.0,0.0,1.0,Medium
-1.8860158584459374,0.38586195663074313,-0.27771116519497163,-0.6361745331640887,0.734459763162736,-1.0854600777926602,0.12935019484217214,-0.6932642822256802,-1.0677224778790761,0.0,0.0,0.0,0.0,0.0,0.0,1.0,0.0,Medium
0.6622433896657697,0.41735459333856423,-0.12627168274640166,0.9323469075022102,-0.3560415380608953,-1.4499406828923327,-0.49774625638420106,0.38098301933849243,0.053647486822178576,0.0,0.0,0.0,0.0,0.0,0.0,0.0,1.0,Medium
1.0379920723632063,0.7574750697830317,-0.32819099267782775,1.9646217017868692,-0.9155657659138577,0.6438840698079153,0.8158557835531485,-0.001376189692823002,1.331181389560691,0.0,1.0,0.0,0.0,0.0,0.0,0.0,0.0,Low
0.06787729158073319,-1.5666815192541663,-0.11906027882027972,0.02072760865342117,1.687934722871356,1.0083646749075885,-0.21390259951331655,1.0607327242830538,0.7422740087695935,0.0,0.0,0.0,0.0,1.0,0.0,0.0,0.0,Medium
1.1882915454421814,-0.42034954308947764,0.19103009000298113,-0.6763930316427118,-2.034614221619783,-0.3875184935592439,0.426395882265191,1.364192413990447,-0.19847260591266683,0.0,1.0,0.0,0.0,0.0,0.0,0.0,0.0,Medium
1.5298812569853055,0.7574750697830317,1.1285126003988866,-0.17366180065992354,0.9571275681246295,0.6749036957738455,0.300976592019916,-0.1409676469582242,1.7676878187732592,0.0,0.0,0.0,1.0,0.0,0.0,0.0,0.0,Low
0.13619523388935806,-0.22509519550098664,0.054013415406657085,-0.47530053924959653,0.9799652917104642,-0.876077602522635,-0.6033625008012745,1.2913620884606725,0.2380338232999026,1.0,0.0,0.0,0.0,0.0,0.0,0.0,0.0,Medium
2.1379109435320673,1.1668793469847063,-1.6118208915276064,1.3747503907670644,-0.024894546066284533,-0.783018724624846,-0.8145949896354214,1.0607327242830538,1.0019200744218995,0.0,0.0,0.0,0.0,0.0,1.0,0.0,0.0,Medium
0.30699008966092023,-0.42034954308947764,-0.20559712593374813,0.858612993624735,0.8886143973671238,0.43450159453789144,1.4165481736752539,0.24139156207309168,1.278499579138484,0.0,0.0,0.0,0.0,1.0,0.0,0.0,0.0,Low
-0.7451062218919021,-1.2013669334434411,0.7174625766099124,-2.043821979915896,0.23773927517082002,-1.1397444232330365,0.4924060350258619,-1.0938310726394391,-1.68485225711064,0.0,0.0,1.0,0.0,0.0,0.0,0.0,0.0,Medium
-0.16440371226859074,-0.7289773828261245,2.3183942482090742,-0.25409879761716986,-0.20188690385650748,-0.15487129881477182,-0.11488737037231025,0.6783735152517383,0.42994613269508325,0.0,0.0,0.0,0.0,1.0,0.0,0.0,0.0,Medium
-0.499161629580853,0.41105606599699945,-1.460381409079037,-0.38145737613280944,0.09500350275934998,0.08553080242118331,-1.2304589520276477,-0.001376189692823002,-1.0018702148513188,0.0,0.0,0.0,0.0,0.0,1.0,0.0,0.0,Medium
-0.5333206007351654,0.7133853783920819,-0.2560769534166043,-1.3534044226995334,-0.8984374732244814,0.42674668804640836,-1.0456305242977695,0.4902285076331539,-0.8983880872362693,0.0,0.0,1.0,0.0,0.0,0.0,0.0,0.0,Medium
-0.4240118930413655,0.6252059956101834,-0.883469094989249,-0.2876142130160224,1.2996934219121576,-1.0777051713011776,-1.725535097732679,-1.203076560934101,-1.174967591952854,1.0,0.0,0.0,0.0,0.0,0.0,0.0,0.0,Medium
1.242945899289081,-0.33846868764914295,1.3160091024780682,0.06764919021181494,-0.5387433267475767,-0.3254792416273849,-0.728781791046549,-1.0513467160804042,-0.23422097727059235,0.0,0.0,0.0,1.0,0.0,0.0,0.0,0.0,Medium
-0.26688062573152804,1.2172675657172198,0.7607310001666472,0.29555401492401173,-1.0640109692217867,0.49654084646975044,1.56177050974873,0.3324294689853097,1.1129281749544069,0.0,1.0,0.0,0.0,0.0,0.0,0.0,0.0,Low
0.293326501199196,-0.23769225018411527,0.5516002863090986,-0.3345357945744157,-1.5664408881101612,2.342208591442562,-0.3789279814149937,-0.18345200351725902,-0.06676807985715101,0.0,1.0,0.0,0.0,0.0,0.0,0.0,0.0,Medium
-0.5674795718894778,-0.9179332030730512,0.23429851355971584,-0.6763930316427118,0.4318599256504196,0.8067371061290465,-1.7519391588369475,-0.41408136769487824,-1.0620779981909836,1.0,0.0,0.0,0.0,0.0,0.0,0.0,0.0,Medium
-0.57431136612034,0.06463706221096722,0.032379203628289215,1.1334393998953256,0.6259805761300183,-0.5503715298803739,0.36038572950452014,-0.456565724253913,0.2775451811165564,0.0,0.0,0.0,0.0,0.0,0.0,1.0,0.0,Medium
0.5665982704336955,0.6189074682686186,-0.292133973047216,-1.1925304287850413,-0.6015470666086236,-0.14711639232328877,0.3933908058848556,0.38705221313264,-0.08934599860952347,0.0,0.0,1.0,0.0,0.0,0.0,0.0,0.0,Medium
1.482058697369268,0.41105606599699945,0.23429851355971584,2.4003221019719523,0.4718259419256314,-0.1781360182892188,-0.8343980354636226,-1.0695542974628476,1.0113275405687217,0.0,0.0,0.0,1.0,0.0,0.0,0.0,0.0,Low
-0.7724333988153524,1.3684322219147615,-1.1647138481080206,-0.48870670540913774,1.5680366740457208,0.5275604724356794,-0.867403111843958,-1.0756234912569957,-0.22669500435313442,0.0,0.0,0.0,0.0,0.0,1.0,0.0,0.0,Medium
1.010664895439757,-0.3006775235997575,1.207838043586233,0.4832403411575868,0.8429389501954535,1.8381396694962058,-2.319626472578717,1.3399156388138553,1.3970336525884484,1.0,0.0,0.0,0.0,0.0,0.0,0.0,0.0,Low
-2.1251286565261243,0.04574148018627474,-0.9555831342504725,-0.6093622008450067,-0.6186753592980002,-0.19364583127218382,-0.015872141231303958,1.218531762930898,-1.0865374101727217,0.0,0.0,0.0,0.0,0.0,0.0,1.0,0.0,Medium
2.178901708917242,1.815627663165821,1.3160091024780682,0.1681954364083726,1.5223612268740505,-1.930744885364242,-0.3789279814149937,2.1531876072296696,2.6576341162626793,0.0,0.0,0.0,0.0,0.0,0.0,0.0,1.0,Low
-1.8176979161373126,-0.7730670742170742,-1.092599808846797,0.617302002752997,-0.48735844867944755,1.2797864021094727,0.23496643925924512,0.24139156207309168,-0.6895423387768073,0.0,0.0,0.0,0.0,0.0,0.0,1.0,0.0,Medium
0.3001582954300581,1.2928498938159907,-0.16954010630313637,-2.1510713091922242,0.5403391126831364,-1.9850292308046182,0.7234415696882098,0.4902285076331539,-0.1551982616372834,0.0,0.0,1.0,0.0,0.0,0.0,0.0,0.0,Medium
-0.9978826084338143,0.9842220540793443,-0.05415764348517817,0.4095064272801106,0.8771955355742059,0.9308156099927645,2.2614781290118406,-0.7478870263730109,1.3104849640376814,0.0,0.0,0.0,0.0,0.0,0.0,1.0,0.0,Low
1.8373119973741174,0.32917521055666477,-1.1502910402557756,-0.26750496377671057,-1.0754298310147044,0.9308156099927645,0.23496643925924512,0.21104559310235235,0.29071563372210946,0.0,1.0,0.0,0.0,0.0,0.0,0.0,0.0,Medium
1.092646426210106,0.9716249993962156,1.4818713927788822,-0.535628286967531,-2.497078124232946,0.10104061540414724,1.1591085779086372,0.2353223682789433,0.5409542332275907,0.0,1.0,0.0,0.0,0.0,0.0,0.0,0.0,Medium
0.3479808550460957,-0.48963334384668417,0.40016080386052966,0.5770835042743734,0.10642236455226774,-1.364636711486026,-0.7815899132550861,0.9514872359883924,-0.010323282976215853,1.0,0.0,0.0,0.0,0.0,0.0,0.0,0.0,Medium
-0.04826321034392829,-1.0690978592705929,-0.025312027780689382,0.21511701796676636,0.152097811723938,0.3491976231315843,-2.134798044848839,-0.5172576621953917,-1.1411007138242926,1.0,0.0,0.0,0.0,0.0,0.0,0.0,0.0,Medium
0.5597664762028324,-0.08652759398657402,-2.058927934947192,-0.10663096986221843,0.14067894993102065,2.047522144766231,-1.8509543879779538,-1.112038654021883,-0.9604773638052996,0.0,0.0,0.0,0.0,0.0,1.0,0.0,0.0,Medium
0.4641213569707582,1.9730908467049264,-0.09021466311578992,0.5435680888755208,-0.5615810503334122,0.9463254229757295,-0.3129178286543228,-0.10455248419333692,0.962408716605243,0.0,1.0,0.0,0.0,0.0,0.0,0.0,0.0,Low
-0.6631246911215525,-0.45814070713886307,-1.5324954483402604,-0.4283789576912032,-0.6529319446767528,-0.23242036372959585,-2.4318437322718576,-0.9724471967564817,-2.6312433514809954,1.0,0.0,0.0,0.0,0.0,0.0,0.0,0.0,High
-0.7792651930462144,-1.1194860780031064,-0.5301103026092538,-1.9164634014002562,0.10642236455226774,-0.4573126519825854,0.36038572950452014,-0.2198671662821463,-1.5832516227249558,0.0,0.0,1.0,0.0,0.0,0.0,0.0,0.0,Medium
0.3138218838917833,-0.004646738546238861,1.1501468121772536,0.8787222428640463,0.6488182997158539,-1.3879014309604736,-0.015872141231303958,0.089661717219395,0.6651327863656487,0.0,0.0,0.0,0.0,0.0,0.0,0.0,1.0,Low
-0.2258898603463535,0.014248843478453628,0.11170464681563567,-1.9432757337193383,-0.0991171477202492,-0.6666951272526099,-0.022473156507370667,0.751203840781512,-0.678253379400621,0.0,0.0,1.0,0.0,0.0,0.0,0.0,0.0,Medium
1.6255263762173808,-0.45184217979729874,0.34968097637767304,0.0944615225308964,0.2719958605495729,0.26389365172527834,0.8752649210377527,-0.0499297400460062,1.0226164999449092,0.0,0.0,0.0,0.0,1.0,0.0,0.0,0.0,Low
-0.16440371226859074,-0.004646738546238861,-1.3522103501872016,-0.9177040225144503,-0.6072564975050825,0.6516389762993985,0.2811735461917149,0.921141267017653,-0.41672582051895224,0.0,0.0,0.0,0.0,0.0,1.0,0.0,0.0,Medium
0.02005473196469657,-1.4659050817891386,-0.4075164358651737,0.2754447656847004,0.48895423461500764,0.45001140752085533,-0.35912493558679265,0.8058265849288432,-0.05547912048096345,0.0,0.0,0.0,0.0,1.0,0.0,0.0,0.0,Medium
-1.7562117680595504,0.36066784726448586,1.6188880673752062,0.08775843945112627,0.3176713077212436,-3.0319416071547427,2.2614781290118406,0.6237507711044071,0.34716043060304463,0.0,0.0,0.0,0.0,0.0,0.0,0.0,1.0,Medium
0.9491787473619943,-0.28808046891662886,0.11170464681563567,0.08775843945112627,0.7687163485414884,-0.7675089116418815,-0.4317361036235302,-1.0270699409038129,-0.18153916684838683,0.0,0.0,0.0,1.0,0.0,0.0,0.0,0.0,Medium
0.21134497042884598,0.5244295581451554,-1.2224050795169992,-0.32112962841487497,-1.3152259286659738,-0.0075280754766057344,-0.31951884393039004,0.453813344868267,-0.7252907101347341,0.0,1.0,0.0,0.0,0.0,0.0,0.0,0.0,Medium
-0.7860969872770771,-0.31327457828288613,-0.3065567808994609,-0.2809111299362518,-0.40171698523256555,0.8377567320949755,-0.9862213868131658,1.1699782125777152,-0.3960293949959426,1.0,0.0,0.0,0.0,0.0,0.0,0.0,0.0,Medium
-0.15074012380686558,0.6189074682686186,-1.3522103501872016,0.556974255035062,0.9057426900565,-0.4030283065422089,1.8852202582760167,-0.3594586235475475,0.7178145967878555,0.0,0.0,0.0,0.0,0.0,1.0,0.0,0.0,Low
-1.4282856449781507,0.9149382533221373,-0.24165414556435988,0.858612993624735,0.0264903320018446,0.2871583711997253,0.003930904596897114,-1.0938310726394391,-0.2530359095642378,0.0,0.0,0.0,0.0,0.0,0.0,1.0,0.0,Medium
-0.5674795718894778,-0.0991246486697022,-0.21280852985987006,1.3613442246075234,0.9114521209529585,-0.2014007377636658,0.12274917956610448,0.8665185228703218,0.8702155483663823,0.0,0.0,0.0,0.0,0.0,0.0,1.0,0.0,Low
2.028602235838267,-0.5022303985298128,0.21987570570747092,1.4887028031231633,1.1626670803971462,-1.2172934881478605,1.1855126390129058,0.3202910813970138,1.7620433390851653,0.0,0.0,0.0,0.0,0.0,0.0,0.0,1.0,Low
-0.47183445265740265,-0.14321434006065195,0.7246739805360354,0.6038958365934558,-0.2818189364069306,1.8458945759876877,0.9544771043505579,0.6540967400751465,1.2690921129916621,0.0,0.0,0.0,0.0,0.0,0.0,1.0,0.0,Low
-1.3941266738238383,-0.7919626562417666,-1.5541296601186272,0.26874168260493025,-1.9375538963799832,-1.8221761944834882,-0.8409990507396897,0.016831391689620428,-2.832563127022999,0.0,1.0,0.0,0.0,0.0,0.0,0.0,0.0,High
-0.20539447765376626,-0.21879666815942278,0.5516002863090986,-0.6763930316427118,-1.4693805628703616,1.776100417564347,1.04029030293943,0.6844427090458858,0.3603308832085977,0.0,1.0,0.0,0.0,0.0,0.0,0.0,0.0,Medium
0.22500855889057114,1.2550587297666056,0.5948687098658333,-0.026193972904972593,-0.5159056031617416,0.8532665450779405,1.0534923334915642,0.5509204455746326,1.3669297609186166,0.0,1.0,0.0,0.0,0.0,0.0,0.0,0.0,Low
0.42313059158558264,-0.817156765608024,-0.3570366083823171,1.7568261263139837,-0.7100262536413408,-1.108724797267107,-0.25350869116971914,-0.46870411184220895,-0.5597193059506557,0.0,1.0,0.0,0.0,0.0,0.0,0.0,0.0,Medium
1.3727499896754687,-0.06763201196188108,1.0419757532854181,0.9390499905819812,0.9856747226069236,-0.814038350590776,-1.0720345854020377,-1.4094291499351284,0.34716043060304463,0.0,0.0,0.0,1.0,0.0,0.0,0.0,0.0,Medium
0.47778494543248234,-1.7808314488673498,0.44342922741726337,-0.7635331116797287,2.0076628530730485,-0.5348617168974095,-0.6759736688380126,-1.099900266433587,-0.6255715689784141,0.0,0.0,0.0,0.0,1.0,0.0,0.0,0.0,Medium
-0.5811431603512025,-0.5022303985298128,0.032379203628289215,0.9390499905819812,-0.053441700548578545,-0.3797635870677608,0.6508304016514713,0.6783735152517383,0.3095305660157536,0.0,0.0,0.0,0.0,0.0,0.0,1.0,0.0,Low
0.22500855889057114,0.8393559252233664,0.15497307037236938,-0.7166115301213349,-0.48735844867944755,2.342208591442562,0.36698674478058685,-0.22593636007629425,0.7422740087695935,0.0,0.0,1.0,0.0,0.0,0.0,0.0,0.0,Medium
-0.6084703372746524,0.9023411986390086,-0.21280852985987006,-0.7367207793606463,0.9114521209529585,-0.821793257082258,0.003930904596897114,-1.1545230105809177,-0.5202079481340005,0.0,0.0,0.0,1.0,0.0,0.0,0.0,0.0,Medium
1.1814597512113192,-0.8360523476327164,0.14776166644624744,0.8988314921033577,0.5403391126831364,1.7450807915984168,-1.9697726629471615,-1.3972907623468325,-0.03290120172858831,1.0,0.0,0.0,0.0,0.0,0.0,0.0,0.0,Medium
0.20451317619798293,0.23469730043320142,-0.883469094989249,1.2607979784109655,0.9685464299175465,0.9695901424501765,0.9346740585223569,0.3991906007209359,1.49298980728604,0.0,0.0,0.0,0.0,0.0,1.0,0.0,0.0,Low
0.2659993242757457,1.4062233859641464,1.092455580768275,-0.0932248037026777,0.7744257794379477,1.1867275242116835,-1.1842518450951784,0.5812664145453719,1.4214930645701862,1.0,0.0,0.0,0.0,0.0,0.0,0.0,0.0,Low
1.9124617339136045,-1.5099947731800885,-0.42915064764354055,0.7848790797472598,-0.5101961722652827,-0.0075280754766057344,-0.2799127522739874,-0.6204339566959056,-0.32265115905072606,0.0,0.0,0.0,0.0,1.0,0.0,0.0,0.0,Medium
-0.06192679880565346,1.5069998234291746,-1.6839349307888298,-1.1322026810671069,0.3176713077212436,0.24838383874231332,-0.6957767146662136,1.8315203361398331,0.26249323528164054,0.0,0.0,0.0,0.0,0.0,1.0,0.0,0.0,Medium
0.68957056658922,-1.4785021364722672,0.8616906551323594,-0.5088159546484491,-2.38288950630377,0.5042957529612324,2.188866960975103,-0.092414096605041,-0.2963102538396226,0.0,1.0,0.0,0.0,0.0,0.0,0.0,0.0,Medium
0.6690751838966328,0.675594214342697,-0.07579185526354604,-0.9780317702323847,-0.5216150340582004,-0.6356755012866805,1.7267958916504071,1.3945383829611864,0.862689575448923,0.0,0.0,1.0,0.0,0.0,0.0,0.0,0.0,Low
-0.41034830457964033,0.959027944713087,-0.5661673222398657,0.10786768869043761,0.5688862671654303,-0.03854770144253578,1.6409826930615343,0.271737531043831,0.9831051421282526,0.0,0.0,0.0,0.0,0.0,1.0,0.0,0.0,Low
-1.9201748296002499,-3.147611881986786,0.12612745466788058,0.8988314921033577,-0.4531018633006947,0.2716485582167603,1.541967463920528,-0.923893646403299,-1.3932208065591394,0.0,0.0,0.0,0.0,1.0,0.0,0.0,0.0,Medium
2.178901708917242,0.3228766832151009,-1.5180726404880156,0.8452068274651937,-0.48735844867944755,0.1708347738274893,0.030334965701165832,0.48415931383900634,0.7215775832465838,0.0,0.0,0.0,0.0,0.0,1.0,0.0,0.0,Low
0.6007572415880079,-0.3825583790400922,-0.6671269772055785,-0.7300176962808762,-1.1781995871509627,0.8687763580609055,-0.20730158423724937,-0.2562823290470336,-0.8043134257680431,0.0,1.0,0.0,0.0,0.0,0.0,0.0,0.0,Medium
-1.1276866988202014,-0.08022906664500971,-0.739241016466802,-1.2193427611041232,0.16351667351685575,0.6593938827908804,1.9446293957606209,-0.019583771075266862,-0.13450183611427374,0.0,0.0,1.0,0.0,0.0,0.0,0.0,0.0,Medium
2.03543403006913,0.4740413394126417,-0.8546234792847597,1.106627067576244,-1.5892786116959963,-2.0780881087024072,0.22176440870711076,0.9757640111649832,0.15901110766659232,0.0,1.0,0.0,0.0,0.0,0.0,0.0,0.0,Medium
-0.07559038726737863,1.5825821515279455,-0.08300325918966797,0.6709266673911609,0.42044106385750185,0.21736421277638326,0.802653753001015,-0.4747733056363569,1.1148096681837698,0.0,0.0,0.0,1.0,0.0,0.0,0.0,0.0,Low
0.13619523388935806,-0.05503495727875291,-0.6022243418704774,-0.3546450438137275,-0.6072564975050825,0.5740899113845744,0.16895628649857428,1.218531762930898,0.1608926008959578,0.0,1.0,0.0,0.0,0.0,0.0,0.0,0.0,Medium
-0.895405694970877,-0.6722906367520466,0.10449324288951271,-1.715370909007141,-0.3845886925431893,0.13981514786155924,-0.26010970644578635,2.0014577623759733,-0.5597193059506557,0.0,0.0,1.0,0.0,0.0,0.0,0.0,0.0,Medium
0.7578885088978449,-2.9082678430073456,0.3280467645993062,-0.2138802991385467,0.0892940718628915,-0.5969009688292685,-0.6693726535619454,-0.3776662049299909,-1.321724063843287,0.0,0.0,0.0,0.0,1.0,0.0,0.0,0.0,Medium
-0.6836200738141398,0.14651791765130195,-0.6094357457965993,-0.4820036223293671,-1.57215031900662,0.03124645698080628,-1.487898547794264,1.5644758091973265,-1.1109968221544608,0.0,1.0,0.0,0.0,0.0,0.0,0.0,0.0,Medium
1.5093858742927184,1.0409088001534217,0.07564762718502392,0.2486324333656189,0.8429389501954535,2.039767238274748,-0.08848330926804153,0.9090028794293571,2.3076763756008782,1.0,0.0,0.0,0.0,0.0,0.0,0.0,0.0,Low
1.3317592242902931,0.20320466372538032,-1.813740201459032,0.9591592398212926,-1.2638410505978446,0.37246234260603134,1.2779268528778445,0.1564228489550212,0.38667178841969846,0.0,0.0,0.0,0.0,0.0,1.0,0.0,0.0,Medium
1.6528535531408302,0.7196839057336467,1.5684082398923507,0.3491786795621766,0.6031428525441836,1.0936686463138956,0.3735877600566545,0.9090028794293571,2.5372185495833497,1.0,0.0,0.0,0.0,0.0,0.0,0.0,0.0,Low
0.5256075050485199,-0.6282009453610973,0.3424695724515511,1.7568261263139837,0.5745956980618897,2.086296677223643,0.9412750737984236,0.6540967400751465,2.1326975052699764,0.0,0.0,0.0,0.0,1.0,0.0,0.0,0.0,Low
1.960284293529642,-1.6170697379866799,-3.0108332531953423,-0.6428776162438593,0.42615049475396033,-1.3879014309604736,-0.728781791046549,-1.5854357699654165,-2.2549447056080907,0.0,0.0,0.0,0.0,0.0,1.0,0.0,0.0,High
-0.08242218149824072,-0.23139372284255097,0.3641037842299179,0.8049883289865711,-1.2923882050801387,-0.41853811952517284,-0.10828635509624354,-0.7782329953437502,-0.7140017507585465,0.0,1.0,0.0,0.0,0.0,0.0,0.0,0.0,Medium
1.2702730762125314,2.2187334130259315,0.7751538080188921,-0.4954097884889083,1.973406267694296,0.8765312645523875,-1.3888833186532576,-0.19559039110555493,1.8523550140946632,1.0,0.0,0.0,0.0,0.0,0.0,0.0,0.0,Low
0.6827387723583569,-1.188769878760313,-1.1430796363296536,-0.8707824409560565,0.9970935843998405,-1.4887152153497447,0.21516339343104407,-1.105969460227735,-1.2803312127972677,0.0,0.0,0.0,1.0,0.0,0.0,0.0,0.0,Medium
1.0243284839014812,0.9338338353468297,-2.1959446095435164,-1.5410907489331076,-0.9612412130855283,1.7140611656324878,0.5650172030625994,-1.8099959403488877,-0.9322549653648307,0.0,0.0,0.0,0.0,0.0,1.0,0.0,0.0,Medium
0.68957056658922,2.0864643388530832,0.47227484312175316,-0.9579225209930734,-0.11053600951316656,-1.5042250283327097,-0.5043472716602683,-0.06813732142844962,0.1270257227673951,0.0,0.0,1.0,0.0,0.0,0.0,0.0,0.0,Medium
-1.2574907892065885,0.9401323626883945,-1.8209516053851544,-2.2315083061494705,1.7107724464571907,2.086296677223643,-1.2304589520276477,-0.5415344373719835,-0.7685650544101176,0.0,0.0,1.0,0.0,0.0,0.0,0.0,0.0,High
-1.5990805007497129,1.066102909519679,0.4362178234911414,1.1803609814537193,-0.48735844867944755,-1.1009698907756247,-2.1083939837445707,-0.8328557394910809,-1.205071483622687,1.0,0.0,0.0,0.0,0.0,0.0,0.0,0.0,Medium
0.10886805696590869,-0.8927390937067944,0.35689238030379494,-1.0517656841098606,0.6887843159910657,-1.3336170855200966,-0.5835594549730735,0.37491382554434494,-0.7309351898228266,0.0,0.0,1.0,0.0,0.0,0.0,0.0,0.0,Medium
1.4137407550606431,1.1605808196431424,-1.2945191187782226,-0.03960013906451333,0.6488182997158539,0.15532496084452427,0.036935980977232545,-0.6689875070490884,0.5522431926037783,0.0,0.0,0.0,0.0,0.0,1.0,0.0,0.0,Medium
-3.088411643077735,-2.492565038464107,0.09007043503726883,0.4698341749980456,-1.600697473488914,-0.5658813428633389,-0.477943210556,0.00469300410132452,-2.798696248894438,0.0,0.0,0.0,0.0,0.0,0.0,1.0,0.0,High
1.1131418089026943,-1.1068890233199777,0.501120458826242,0.0944615225308964,0.19777325889560865,-0.814038350590776,-0.8608020965678908,1.376330801578743,0.22862635715308052,0.0,0.0,0.0,0.0,1.0,0.0,0.0,0.0,Medium
-0.21905806611549045,-0.15581139474378056,-0.595012937944355,0.4832403411575868,-0.9726600748784457,-0.6046558753207509,-0.5769584396970063,0.04717736066035976,-0.9303734721354665,0.0,1.0,0.0,0.0,0.0,0.0,0.0,0.0,Medium
-0.8749103122782896,-1.4029198083734964,-1.2007708677386322,-2.5130377954998315,-0.11053600951316656,-0.914852134980047,1.330734975086382,-0.11062167798748487,-1.9896541602676936,0.0,0.0,1.0,0.0,0.0,0.0,0.0,0.0,High
0.3206536781226454,-0.5778127266285832,-0.4652076672741523,0.6977389997102423,-0.2875283673033895,-0.37200868057627884,-0.029074171783438317,0.6419583524868505,-0.004678803288122069,0.0,0.0,0.0,0.0,1.0,0.0,0.0,0.0,Medium
0.8330382454373318,1.072401436861243,1.5972538555968394,-1.8494325706025512,0.5175013890973016,-0.37200868057627884,1.6079776166811988,-0.7236102511964195,0.9511197572290554,0.0,0.0,1.0,0.0,0.0,0.0,0.0,0.0,Low
1.092646426210106,0.5433251401698487,-0.8762576910631265,-1.1925304287850413,-0.1961774729600486,-1.5740191867560511,-1.6067168227634718,0.7208578718107727,-0.9774108028695796,1.0,0.0,0.0,0.0,0.0,0.0,0.0,0.0,Medium
-0.5059934238117151,0.18430908170068783,0.40016080386052966,-0.16695871758015293,-1.4979277173526557,0.7602076671801514,0.9544771043505579,-0.5354652435778355,-0.2869027876927992,0.0,1.0,0.0,0.0,0.0,0.0,0.0,0.0,Medium
1.5025540800618553,-0.15581139474378056,-1.1286568284774088,-0.7568300285999582,-0.1333737330990021,-0.775263818133364,-0.5901604702491406,-0.20165958489970287,-0.7535131085752017,0.0,0.0,0.0,0.0,0.0,1.0,0.0,0.0,Medium
2.055929412761717,-1.5855771012788589,0.5227546706046098,1.515515135442245,-2.302957473753347,1.0238744878905535,-1.2700650436840504,0.4295365696916752,-0.10627943767380482,0.0,1.0,0.0,0.0,0.0,0.0,0.0,0.0,Medium
-0.7314426334301773,-2.3980871283406433,0.2559327253380827,-0.9244071055942209,0.8829049664706644,-0.02303788845957076,-0.7353828063226162,1.764759204404206,-0.6086381299141329,0.0,0.0,0.0,0.0,1.0,0.0,0.0,0.0,Medium
0.23867214735229533,-1.5477859372294733,-0.05415764348517817,0.22852318412630662,-0.2589812128210955,-1.2638229270967551,-1.47469651724213,-0.11669087178163282,-1.4948214409448235,0.0,0.0,0.0,0.0,1.0,0.0,0.0,0.0,Medium
0.8603654223607822,-2.127250452653382,-0.8762576910631265,-0.18036488373969414,-1.3894485303199384,-0.27894980267848984,-1.857555403254021,0.20497639930820397,-2.085610314965284,0.0,0.0,0.0,0.0,1.0,0.0,0.0,0.0,High
1.0653192492866568,-0.21879666815942278,-1.6839349307888298,1.7166076278353601,-0.9384034894996928,0.8067371061290465,0.9214720279702224,1.7040672664627272,1.184424917670258,0.0,0.0,0.0,0.0,0.0,1.0,0.0,0.0,Low
0.4641213569707582,0.6189074682686186,0.21266430178134796,0.8250975782258825,1.630840413906768,0.45001140752085533,0.4726029891976608,0.6419583524868505,1.9746520740033584,0.0,0.0,0.0,0.0,0.0,1.0,0.0,0.0,Low
1.6460217589099682,1.8975085186061567,0.35689238030379494,-1.071874933349172,0.6088522834406421,-1.031175732352283,-0.5373523480406037,1.1092862746362364,1.1919508905877145,0.0,0.0,1.0,0.0,0.0,0.0,0.0,0.0,Low
2.0081068531456796,-0.02354232057093135,-1.2873077148521006,-1.56790308125219,0.22632041337790265,1.5124335968539446,2.0370436096255595,0.11393849239598638,1.0339054593210968,0.0,0.0,1.0,0.0,0.0,0.0,0.0,0.0,Medium
0.8535336281299191,-0.9242317304146155,1.8352301851588768,-0.5222221208079902,1.0541878933644284,0.30266818418269037,-0.708978745218348,-1.3365988244053537,0.1194997498499385,0.0,0.0,0.0,1.0,0.0,0.0,0.0,0.0,Medium
-0.8749103122782896,0.29768257384884367,-1.9796024917598458,-1.1187965149075656,0.43756935654687806,2.055277051257713,0.017132935149031473,-0.14703684075237217,-0.47505211062925157,0.0,0.0,0.0,0.0,0.0,1.0,0.0,0.0,Medium
-0.9910508142029517,0.8267588705402387,-0.933948922472105,-0.2272864652980879,-0.053441700548578545,0.3336878101486193,0.9280730432462891,0.362775437956049,0.13267020245548888,0.0,0.0,0.0,0.0,0.0,0.0,1.0,0.0,Medium
-0.041431416113066194,-0.3006775235997575,0.7607310001666472,0.20171085180722514,0.5517579744760541,0.5740899113845744,1.264724822325711,1.8800738864930158,1.7733322984613529,0.0,0.0,0.0,0.0,1.0,0.0,0.0,0.0,Low
-0.26004883150066593,0.22210024575007278,0.9626503100980728,0.8988314921033577,0.962836999021088,0.2716485582167603,-0.24690767589365198,0.13821526757257777,1.0677723374496566,1.0,0.0,0.0,0.0,0.0,0.0,0.0,0.0,Low
-0.3556939507327406,0.09612969891878834,-0.9916401538810842,-2.781161118690652,-1.3723202376305619,-0.6899598467270575,-0.8343980354636226,0.362775437956049,-2.3170339821771195,0.0,0.0,1.0,0.0,0.0,0.0,0.0,0.0,High
-0.8885739007400144,0.2661899371410225,-0.8474120753586372,-0.39486354229235066,-0.2190151965458841,1.4271296254476387,-0.17429650785691392,0.089661717219395,-0.3057177199864447,0.0,0.0,0.0,0.0,0.0,0.0,1.0,0.0,Medium
-0.6562928968906899,-0.16210992208534442,-0.3137681848255834,1.1200332337357852,-0.39029812343964815,0.6051095373505034,0.6838354780318068,-0.15310603454651966,0.21169291808879917,0.0,0.0,0.0,0.0,0.0,0.0,1.0,0.0,Medium
-1.216500023821414,0.9527294173715232,0.15497307037236938,0.6910359166304723,0.05503748648413861,1.3495805605328146,0.5782192336147338,-1.3123220492287624,0.3603308832085977,0.0,0.0,0.0,1.0,0.0,0.0,0.0,0.0,Medium
-0.7724333988153524,0.5937133589023623,-0.5084760908308865,1.5088120523624746,0.3290901695141609,0.9618352359586946,1.7862050291350104,0.660165933869294,1.6378647859471074,0.0,0.0,0.0,0.0,0.0,0.0,1.0,0.0,Low
-1.0593687565115766,-0.19360255879316554,0.4073722077866516,-2.037118896836126,0.8029729339202417,-0.05405751442550081,-1.5011005783463984,0.22925317448479576,-1.150508179971116,0.0,0.0,1.0,0.0,0.0,0.0,0.0,0.0,Medium
1.1404689858261436,-0.7163803281429962,1.9506126479768349,0.5636773381148321,0.16351667351685575,-0.9691364804204241,1.0864974098718996,-1.002793165727221,0.7309850493934086,0.0,0.0,0.0,1.0,0.0,0.0,0.0,0.0,Low
-0.31470318534756564,-1.2517551521759551,0.42900641956501845,-0.3010203791755631,-0.23043405833880148,-0.86056778953967,-0.04227620233557268,0.1442844613667257,-0.85699523619025,0.0,0.0,0.0,0.0,1.0,0.0,0.0,0.0,Medium
0.3206536781226454,0.42995164802169195,0.06843622325890096,-0.8573762747965158,-0.7214451154342585,-0.3254792416273849,-0.16109447730478005,0.7390654531932169,-0.17401319393092757,0.0,1.0,0.0,0.0,0.0,0.0,0.0,0.0,Medium
-0.15074012380686558,1.771537971774872,0.5155432666784868,-1.018250268711008,0.7059126086804419,-0.6899598467270575,0.06994105735756798,-0.019583771075266862,0.5202578077045811,0.0,0.0,1.0,0.0,0.0,0.0,0.0,0.0,Medium
0.47778494543248234,-1.3714271716656754,-0.6527041693533335,0.4698341749980456,1.1112822023290165,-0.29445961566145484,0.5254111114061973,-0.1409676469582242,0.10444780401501996,0.0,0.0,0.0,0.0,1.0,0.0,0.0,0.0,Medium
-1.5785851180571255,-0.31327457828288613,-0.5084760908308865,0.15478927024883138,0.003652608416009474,0.6361291633164334,-1.9829746934992953,-0.28662829801777295,-1.3951022997885034,1.0,0.0,0.0,0.0,0.0,0.0,0.0,0.0,Medium
-0.4376754815030902,0.5181310308035915,0.19103009000298113,-1.44054450273655,-0.7899582861917643,-0.24017527022107782,0.4792040044737275,-0.9117552588150031,-0.9811737893283092,0.0,0.0,1.0,0.0,0.0,0.0,0.0,0.0,Medium
-0.9022374892017395,-2.1965342534105887,1.2511064671429668,1.093220901416703,0.19777325889560865,0.21736421277638326,-1.8245503268736856,0.6055431897219637,-0.6067566366847688,0.0,0.0,0.0,0.0,1.0,0.0,0.0,0.0,Medium
-0.4308436872722281,-1.4848006638138311,-0.804143651801903,-0.24069263145762865,-0.18475861116713121,-1.0777051713011776,0.4726029891976608,0.7936881973405472,-0.9755293096402154,0.0,0.0,0.0,0.0,1.0,0.0,0.0,0.0,Medium
0.38213982620040815,0.2661899371410225,0.7607310001666472,-1.2193427611041232,0.8201012266096179,0.8920410775353524,1.5089623875401925,-0.9967239719330735,0.8100077650267161,0.0,0.0,1.0,0.0,0.0,0.0,0.0,0.0,Low
-0.06192679880565346,0.9842220540793443,-0.5589559183137431,1.093220901416703,-2.257282026581676,-0.620165688303716,-0.17429650785691392,0.22925317448479576,-0.5427858668863743,0.0,1.0,0.0,0.0,0.0,0.0,0.0,0.0,Medium
2.178901708917242,-0.2943789962581932,-1.0709655970684302,0.17489851948814272,-0.08198885503087255,-0.3022145221529368,-0.3327208744825239,-1.105969460227735,-0.3207696658213606,0.0,0.0,0.0,1.0,0.0,0.0,0.0,0.0,Medium
0.3479808550460957,-0.19990108613472984,0.6453485373486889,-0.14014638526107098,0.0892940718628915,1.9156887344110298,-1.1512467687148429,-0.2441439414587377,0.3189380321625757,1.0,0.0,0.0,0.0,0.0,0.0,0.0,0.0,Medium
1.1814597512113192,1.1227896555937564,0.44342922741726337,-0.5691437023663836,-0.39029812343964815,-0.0773222338999478,0.1491532406703732,-0.7418178325788629,0.3528049102911384,0.0,0.0,0.0,1.0,0.0,0.0,0.0,0.0,Medium
0.18401779350539565,0.41735459333856423,0.4866976509739981,0.2888509318442416,-0.3389132453715186,-0.11609676635735981,-0.3129178286543228,-0.8449941270793768,-0.13450183611427374,0.0,0.0,0.0,1.0,0.0,0.0,0.0,0.0,Medium
-0.38985292188705306,1.1416852376184499,-0.8402006714325148,-0.9177040225144503,-1.338063652251809,0.15532496084452427,-0.1346904162005113,-0.923893646403299,-1.2144789497695092,0.0,1.0,0.0,0.0,0.0,0.0,0.0,0.0,Medium
-0.7109472507375897,-0.7667685468755099,0.11170464681563567,-1.1053903487480243,-0.6986073918484234,-1.7368722230771818,-1.4416914408617947,-1.737165614819113,-2.883363444215842,0.0,0.0,0.0,1.0,0.0,0.0,0.0,0.0,High
-1.3189769372843514,0.1528164449928667,0.4362178234911414,0.6105989196732259,0.5175013890973016,-0.9226070414715295,-1.4680955019660629,-0.007445383486970956,-0.6330975418958721,1.0,0.0,0.0,0.0,0.0,0.0,0.0,0.0,Medium
2.055929412761717,-0.3762598516985284,0.5876573059397103,0.5167557565564393,-0.24756235102817814,0.8067371061290465,-0.9598173257088971,1.115355468430384,1.1731359582940704,1.0,0.0,0.0,0.0,0.0,0.0,0.0,0.0,Low
-1.373631291131251,0.5874148315607975,-0.9051033067676157,-0.2876142130160224,-2.565591294990451,1.4038649059731918,-0.8013929590832871,0.05931574824865567,-1.5437402649083007,0.0,1.0,0.0,0.0,0.0,0.0,0.0,0.0,High
0.4914485338942075,-0.036139375254059976,0.9987073297286845,-0.5490344531270722,0.015071470208926834,0.5042957529612324,0.0963451184618367,0.40525979451508426,0.6387918811545452,0.0,0.0,1.0,0.0,0.0,0.0,0.0,0.0,Low
-0.30787139111670303,-1.472203609130703,1.0347643493592962,1.4752966369636222,-0.13908316399546056,0.6516389762993985,1.5485684791965957,-2.010279335555767,0.11197377693247923,0.0,0.0,0.0,1.0,0.0,0.0,0.0,0.0,Medium
-0.2805442141932532,0.42995164802169195,0.49390905490012005,0.3961002611205694,1.2026330966723577,-2.4115490878361503,0.4726029891976608,0.1564228489550212,0.3565678967498667,0.0,0.0,0.0,0.0,0.0,0.0,0.0,1.0,Medium
-0.62896571996724,-2.7130134954188545,-0.6454927654272111,1.0328931536987678,0.180644966206232,-0.4340479325081379,0.9676791349026923,0.8118957787229907,-0.47505211062925157,0.0,0.0,0.0,0.0,1.0,0.0,0.0,0.0,Medium
-1.5580897353645382,-0.3636627970153997,-0.515687494757009,1.0798147352571617,-0.9897883675678224,1.5046786903624627,0.7234415696882098,0.26566833724968264,-0.05171613402223515,0.0,0.0,0.0,0.0,0.0,0.0,1.0,0.0,Medium
0.6759069781274949,-0.8486494023158451,0.42900641956501845,0.8116914120663412,0.791554072127324,-0.4340479325081379,1.858816197171749,-0.09848329039918896,1.1580840124591545,0.0,0.0,0.0,0.0,1.0,0.0,0.0,0.0,Low
0.38213982620040815,1.0157146907871655,0.8256336355017477,-1.4874660842949436,0.3690561857893723,0.8532665450779405,-0.3261198592064572,0.028969779277916333,0.5635321519799659,0.0,0.0,1.0,0.0,0.0,0.0,0.0,0.0,Low
1.796321231988943,-0.6344994727026612,1.496294200631127,1.046299319858309,-0.8584714569492696,-1.7291173165856992,-0.8145949896354214,1.29743128225482,0.5710581248974225,0.0,0.0,0.0,0.0,0.0,0.0,0.0,1.0,Medium
-0.10974935842169105,0.7637735971245965,0.40016080386052966,-0.8573762747965158,-1.5835691807995376,-0.5891460623377859,1.667386754165803,-0.21379797248799834,-0.24362844341741577,0.0,1.0,0.0,0.0,0.0,0.0,0.0,0.0,Medium
0.9218515704385439,-1.724144702793272,-2.116619166356171,0.4698341749980456,1.5851649667350978,-1.403411243943438,-1.382282303377191,0.921141267017653,-0.7610390814926596,0.0,0.0,0.0,0.0,0.0,1.0,0.0,0.0,Medium
-0.9705554315103644,-1.843816722282992,-0.9411603263982276,-0.9847348533121554,0.7287503322662775,0.7989821996375635,1.1195024862522351,1.6069601657563617,-0.11004242413253312,0.0,0.0,0.0,0.0,1.0,0.0,0.0,0.0,Medium
-1.8245297103681752,-0.5463200899207621,-1.7848945857545426,-1.0383595179503193,0.26628642965311405,-1.5972839062304982,2.0172405637973583,-0.2198671662821463,-1.5192808529265627,0.0,0.0,0.0,0.0,0.0,0.0,1.0,0.0,High
-0.9773872257412269,0.6818927416842608,-0.34982520445619514,0.556974255035062,0.2891241532389496,0.2328740257593483,-1.1842518450951784,-0.8085789643144896,-0.546548853345104,1.0,0.0,0.0,0.0,0.0,0.0,0.0,0.0,Medium
-0.10974935842169105,-1.2076654607850055,0.9338046943935829,1.723310710915131,0.3576373239964549,-1.0466855453352482,0.617825325271136,0.180699624131613,0.5409542332275907,0.0,0.0,0.0,0.0,1.0,0.0,0.0,0.0,Low
-0.17123550649945382,0.9086397259805734,1.5828310477445944,0.28214784876447146,-0.29323779819984835,2.008747612308819,0.4527999433694588,-1.4883286692590505,0.9680531962933367,0.0,0.0,0.0,1.0,0.0,0.0,0.0,0.0,Low
0.4982803281250706,0.5874148315607975,-0.15511729845089148,-0.0932248037026777,-0.23043405833880148,-1.7989114750090407,-0.6891756993901469,0.04717736066035976,-0.5597193059506557,0.0,0.0,0.0,0.0,0.0,0.0,0.0,1.0,Medium
-0.2395534488080787,-0.3951554337232208,-0.5301103026092538,1.099923984496473,0.08358464096643262,-0.4573126519825854,1.013886241835161,-0.8389249332852289,-0.08558301215079518,0.0,0.0,0.0,1.0,0.0,0.0,0.0,0.0,Medium
0.5187757108176578,0.5874148315607975,-0.22723133771211498,-0.8506731917167452,-0.37316983075027155,-1.7446271295686644,-1.091837631230239,0.29601430622042196,-0.9322549653648307,1.0,0.0,0.0,0.0,0.0,0.0,0.0,0.0,Medium
1.256609487750806,1.5699850968448168,-1.7848945857545426,-1.56790308125219,1.459557487013004,0.36470743611454937,1.6079776166811988,-0.8753400960501162,0.8325856837790913,0.0,0.0,0.0,0.0,0.0,1.0,0.0,0.0,Medium
-2.159287627680437,1.456611604696661,1.35206612210868,1.2272825630121131,-0.3217849526821424,-0.2014007377636658,-1.9565706323950272,1.9043506616696066,0.5202578077045811,0.0,0.0,0.0,0.0,0.0,0.0,1.0,0.0,Medium
1.2292823108273558,2.092762866194647,0.4362178234911414,0.7915821628270299,0.6830748850946063,-0.061812420916982774,-1.652923929695941,-0.820717351902785,0.9812236488988898,1.0,0.0,0.0,0.0,0.0,0.0,0.0,0.0,Low
-0.04826321034392829,-0.7478729648508174,-0.8402006714325148,0.28214784876447146,1.2825651292227807,1.1634628047372366,-0.8409990507396897,0.5509204455746326,0.3245825118506695,1.0,0.0,0.0,0.0,0.0,0.0,0.0,0.0,Medium
0.7510567146669818,-1.1761728240771843,-0.37145941623456197,-0.04630322214428394,1.2825651292227807,-0.19364583127218382,-1.94996961711896,-0.5354652435778355,-0.7516316153458362,1.0,0.0,0.0,0.0,0.0,0.0,0.0,0.0,Medium
1.5093858742927184,0.1024282262603531,0.2631441292642046,0.02072760865342117,-2.95383259594965,-1.1242346102500722,-0.24690767589365198,0.24139156207309168,-0.9002695804656348,0.0,1.0,0.0,0.0,0.0,0.0,0.0,0.0,Medium
0.43679418004730786,-1.3588301169825467,0.08285903111114587,0.8049883289865711,-1.5264748718349497,1.7063062591410048,1.8060080749632115,0.5630588331629285,0.7027626509529397,0.0,1.0,0.0,0.0,0.0,0.0,0.0,0.0,Medium
-0.184899094961178,-0.5904097813117118,0.017956395776045332,0.060946107132043854,0.12355065724164399,-2.4037941813446686,-0.0554782328877061,-0.274489910429477,-1.0601965049616182,0.0,0.0,0.0,0.0,0.0,0.0,0.0,1.0,Medium
-1.3667994969003885,1.6518659522851515,0.6165029216442002,-1.1523119303064182,1.2711462674298637,0.9075508905183175,-0.0554782328877061,-0.4869116932246524,0.5334282603101315,0.0,0.0,0.0,0.0,0.0,0.0,1.0,0.0,Medium
1.2156187223656316,0.3228766832151009,1.2294722553646,-0.26080188069694044,-0.47023015599007134,0.9153057970097995,0.802653753001015,-1.288045274052171,0.719696090017221,0.0,0.0,0.0,1.0,0.0,0.0,0.0,0.0,Low
2.178901708917242,-0.8927390937067944,-0.7176068046884346,-0.1602556345003828,0.5117919582008423,-1.05444045182673,-1.4680955019660629,0.06538494204280319,-0.48069659031734535,1.0,0.0,0.0,0.0,0.0,0.0,0.0,0.0,Medium
0.368476237738683,1.3243425305238117,0.14776166644624744,-0.3412388776541863,-0.1961774729600486,-1.44218577640085,-0.2799127522739874,-0.3594586235475475,-0.20788007205949025,0.0,0.0,0.0,0.0,0.0,0.0,0.0,1.0,Medium
-0.08925397572910379,0.5055339761204628,0.27035553319032757,0.44972492575873424,-0.3788792616467304,2.163845742138467,1.8192101055153458,0.9393488484000964,1.9163257838930576,0.0,1.0,0.0,0.0,0.0,0.0,0.0,0.0,Low
-1.5239307642102258,0.8456544525649312,-0.8474120753586372,0.1816016025679138,-0.8127960097775995,-1.2250483946393431,-0.8277970201875554,-0.2926974918119209,-1.5362142919908428,0.0,0.0,0.0,0.0,0.0,0.0,1.0,0.0,Medium
-0.5128252180425776,0.6566986323180045,0.501120458826242,-1.2528581765029758,-1.3038070668730564,-1.5740191867560511,0.44619892809339207,1.12749385601868,-0.6255715689784141,0.0,1.0,0.0,0.0,0.0,0.0,0.0,0.0,Medium
0.06787729158073319,0.2724884644825864,1.9001328204939782,1.5088120523624746,-0.9041469041209403,-0.30996942864441984,-0.9796203715370986,0.05324655445450772,0.47886495665856177,0.0,1.0,0.0,0.0,0.0,0.0,0.0,0.0,Medium
-0.2805442141932532,2.1494496122687257,-0.4435734554957855,-0.7166115301213349,-1.891878449208313,-0.11609676635735981,1.1327045168043695,-0.9663780029623342,-0.47505211062925157,0.0,1.0,0.0,0.0,0.0,0.0,0.0,0.0,Medium
-0.499161629580853,-0.24399077752567958,-0.3858822240868069,-0.23398954837785804,-1.6064069043853728,0.44225650102937336,-0.5967614855252074,1.024317561518166,-0.8137208919148665,0.0,1.0,0.0,0.0,0.0,0.0,0.0,0.0,Medium
0.38213982620040815,0.4740413394126417,0.34968097637767304,-1.5276845827735668,0.13496951903456175,0.8842861710438705,-0.7881909285311532,0.7208578718107727,0.2098114248594337,0.0,0.0,1.0,0.0,0.0,0.0,0.0,0.0,Medium
-1.291649760360901,-0.7352759101676888,2.1597433618343826,-0.8506731917167452,1.3225311454979924,-0.5115969974229619,2.2614781290118406,0.1928380117199085,0.9567642369171492,0.0,0.0,0.0,0.0,0.0,0.0,1.0,0.0,Medium
0.7920474800521573,0.996819108762472,-1.5541296601186272,0.44302184267896316,-1.0126260911536575,-0.1781360182892188,0.36698674478058685,-1.118107847816031,-0.48069659031734535,0.0,0.0,0.0,0.0,0.0,1.0,0.0,0.0,Medium
-0.6699564853524151,1.4251189679888399,1.2438950632168448,-1.56790308125219,-0.5501621885404945,0.4112368750634433,-0.4581401647277989,-0.20772877869385084,-0.18906513976584477,0.0,0.0,1.0,0.0,0.0,0.0,0.0,0.0,Medium
-1.093527727665889,0.17801055435912305,-0.9844287499549618,-0.8975947732751389,0.9114521209529585,-0.16262620530625377,0.9874821807308933,0.13821526757257777,-0.21540604497694818,0.0,0.0,0.0,0.0,0.0,0.0,1.0,0.0,Medium
0.5597664762028324,0.5811163042192337,1.7559047419715312,-0.6830961147224824,1.1569576495006877,-0.29445961566145484,0.1029461337379034,0.3445678565736056,1.3010774978908592,0.0,0.0,1.0,0.0,0.0,0.0,0.0,0.0,Low
-0.21905806611549045,1.1794764016678347,-0.10463747096803483,-0.9713286871526142,-1.0754298310147044,0.3414427166401024,-0.7155797604944152,1.2124625691367503,-0.13450183611427374,0.0,1.0,0.0,0.0,0.0,0.0,0.0,0.0,Medium
-1.045705168049852,-0.10542317601126651,0.6597713452009338,-0.19377104989923535,1.0370596006750523,0.6361291633164334,-0.708978745218348,0.28994511242627447,0.22674486392371504,0.0,0.0,0.0,0.0,0.0,0.0,1.0,0.0,Medium
-0.7314426334301773,0.6441015776348759,0.3424695724515511,0.5636773381148321,0.07787521006997374,0.5353153789271624,-0.6429685924576771,0.2353223682789433,0.3546864035205039,0.0,0.0,0.0,0.0,0.0,0.0,1.0,0.0,Low
-0.984219019972089,-1.7430402848179645,1.4818713927788822,-1.3534044226995334,-0.8470525951563523,0.7989821996375635,-0.7551858521508178,0.7876190035463997,-1.050789038814796,0.0,0.0,0.0,0.0,1.0,0.0,0.0,0.0,Medium
-1.2438272007448639,-1.2643522068590833,-0.17675151022925834,1.3948596400063757,-0.6072564975050825,1.4969237838709797,1.0930984251479663,0.1442844613667257,0.17970753318960195,0.0,0.0,0.0,0.0,1.0,0.0,0.0,0.0,Medium
0.2659993242757457,0.5811163042192337,-0.45078485942190794,1.1870640645334904,1.3739160235661219,-0.39527340005072586,1.0072852265590944,0.6176815773102596,1.6228128401121915,0.0,0.0,0.0,0.0,0.0,1.0,0.0,0.0,Low
1.70750790698773,0.2598914097994587,-0.42915064764354055,1.5423274677613272,1.6194215521138502,-0.5503715298803739,0.7102395391360755,0.3567062441619006,1.9765335672327211,0.0,0.0,0.0,0.0,0.0,1.0,0.0,0.0,Low
-0.2395534488080787,1.7085526983592298,-1.0493313852900628,-0.3613481268934981,0.28341472234249065,0.2794034647082434,-0.7617868674268845,0.4962977014273023,0.2098114248594337,0.0,0.0,0.0,0.0,0.0,1.0,0.0,0.0,Medium
-0.4854980411191278,1.0472073274949865,0.2559327253380827,-0.10663096986221843,0.16922610441331465,0.6981684152482924,-0.7617868674268845,0.945418042194244,0.6463178540720045,1.0,0.0,0.0,0.0,0.0,0.0,0.0,0.0,Low
-1.2711543776683136,-0.4707377618219917,-0.3354023966039502,1.3278288092086707,0.5631768362689719,-2.357264742395774,1.0534923334915642,-1.646127707906895,-1.0018702148513188,0.0,0.0,0.0,1.0,0.0,0.0,0.0,0.0,Medium
-0.9978826084338143,-0.21249814081785848,0.8616906551323594,-0.6294714500843185,-0.030603976962743418,1.0936686463138956,0.7894517224488807,0.12000768619013434,0.2850711540340157,0.0,0.0,0.0,0.0,0.0,0.0,1.0,0.0,Medium
-0.62896571996724,-1.0439037499043355,-1.3089419266304674,-0.7233146132011056,-1.5778597499030789,-0.9226070414715295,-1.1974538756473123,0.22318398069064826,-2.5559836223064147,0.0,1.0,0.0,0.0,0.0,0.0,0.0,0.0,High
1.8099848204506672,-0.7478729648508174,0.14055026252012445,0.2218201010465365,1.1797953730865223,0.7136782282312575,0.036935980977232545,-0.650779925666645,0.9304233317060457,0.0,0.0,0.0,0.0,1.0,0.0,0.0,0.0,Low
-0.5401523949660275,-1.6170697379866799,0.6597713452009338,-0.294317296095793,-0.24185292013171925,0.20185439979341935,0.6904364933078745,0.8725877166644693,-0.13262034288490826,0.0,0.0,0.0,0.0,1.0,0.0,0.0,0.0,Medium
0.9833377185163067,1.2298646204003485,0.7030397687576686,0.9524561567415225,-0.9840789366713635,-1.5895289997390163,-1.2304589520276477,0.13214607377842982,0.08751436495074127,1.0,0.0,0.0,0.0,0.0,0.0,0.0,0.0,Medium
-0.3556939507327406,-0.6344994727026612,-0.8906804989153714,-0.9110009394346796,-0.5330338958511183,1.1712177112287196,1.0204872571112287,0.830103360105435,-0.1495537819491896,0.0,0.0,0.0,0.0,0.0,1.0,0.0,0.0,Medium
0.7578885088978449,1.1920734563509634,0.40016080386052966,0.014024525573651041,-0.6871885300555056,1.0781588333309307,1.4561542653316562,-1.2759068864638752,0.9097269061830361,0.0,0.0,0.0,1.0,0.0,0.0,0.0,0.0,Low
-0.06875859303651653,-0.8990376210483586,0.025167799702167273,0.0006183594141098294,-0.0991171477202492,-0.953626667437459,0.9808811654548256,0.9272104608118005,0.027306581611075145,0.0,0.0,0.0,0.0,1.0,0.0,0.0,0.0,Medium
1.557208433908756,-0.9053361483899229,0.42900641956501845,1.0798147352571617,-0.5159056031617416,0.6826586022653274,-1.8905604796343563,1.5401990340207348,0.6350288946958169,1.0,0.0,0.0,0.0,0.0,0.0,0.0,0.0,Medium
0.2591675300448836,0.34177226523979337,-0.09021466311578992,-0.7970485270785813,0.38618447847874937,-1.1707640491989662,0.3735877600566545,-0.8389249332852289,-0.48069659031734535,0.0,0.0,0.0,1.0,0.0,0.0,0.0,0.0,Medium
-0.2327216545772156,-1.2832477888837763,-1.5180726404880156,-0.23398954837785804,-1.971810481758736,-1.9074801658897944,0.5122090808540629,-0.49298088701880033,-2.535287196783405,0.0,1.0,0.0,0.0,0.0,0.0,0.0,0.0,High
-1.1823410526671017,-0.05503495727875291,0.2631441292642046,-1.333295173460222,1.2996934219121576,0.8222469191120115,-0.7419838215986835,0.30815269380871785,-0.17025020747219927,0.0,0.0,1.0,0.0,0.0,0.0,0.0,0.0,Medium
-1.4487810276707385,-1.2958448435669045,1.928978436198468,-0.2742080468564812,0.3576373239964549,0.7446978541971875,-0.06207924816377375,1.3581232201962987,0.42806463946572043,0.0,0.0,0.0,0.0,0.0,0.0,1.0,0.0,Medium
0.4572895627398951,0.052040007527838605,1.1645696200294984,-2.110852810713601,0.5232108199937601,-0.20915564425514885,-0.7419838215986835,-0.5293960497836876,-0.501393015840355,0.0,0.0,1.0,0.0,0.0,0.0,0.0,0.0,Medium
0.8876925992842315,0.49923544877889897,0.025167799702167273,1.2004702306930306,1.1284104950183935,0.7524527606886695,-1.3030701200643857,-0.49298088701880033,0.9586457301465147,1.0,0.0,0.0,0.0,0.0,0.0,0.0,0.0,Low
0.12253164542763385,1.2298646204003485,1.0996669846943978,-0.3479419607339569,1.2711462674298637,0.7291880412142225,-0.8409990507396897,0.635889158692703,1.4290190374876455,1.0,0.0,0.0,0.0,0.0,0.0,0.0,0.0,Low
-1.1686774642053763,0.34177226523979337,-0.4796304751263972,-0.7300176962808762,-0.8927280423280226,-1.3568818049945441,-1.883959464358289,0.3384986627794572,-2.0065875993319735,1.0,0.0,0.0,0.0,0.0,0.0,0.0,0.0,High
2.178901708917242,0.8456544525649312,0.4362178234911414,0.8385037443854236,0.6431088688193954,-0.14711639232328877,-1.699131036628411,0.5812664145453719,1.3424703489368786,1.0,0.0,0.0,0.0,0.0,0.0,0.0,0.0,Low
-0.2805442141932532,0.6881912690258256,0.09728183896339078,0.25533551644538904,0.5117919582008423,-0.814038350590776,1.5881745708529977,-0.820717351902785,0.49391690249347764,0.0,0.0,0.0,1.0,0.0,0.0,0.0,0.0,Low
-0.9159010776634642,-0.16210992208534442,0.9410160983197059,0.8988314921033577,1.0256407388821345,0.6749036957738455,1.5749725403008634,0.945418042194244,1.801554696901822,0.0,0.0,0.0,0.0,0.0,0.0,1.0,0.0,Low
-0.73827442766104,1.6896571163345364,0.8977476747629712,1.3948596400063757,1.0827350478467226,0.4655212205038204,0.18215831705070862,0.5084360890155973,2.0085189521319182,0.0,0.0,0.0,0.0,0.0,0.0,1.0,0.0,Low
0.13619523388935806,1.1605808196431424,-0.3858822240868069,-1.8360264044430104,1.5680366740457208,0.45001140752085533,1.8720182277238824,2.0560805065233034,1.9558371417097116,0.0,0.0,1.0,0.0,0.0,0.0,0.0,0.0,Low
0.3616444435078209,0.1528164449928667,-1.3305761384088344,-0.07981863754313649,-0.5787093430227884,0.5042957529612324,0.8158557835531485,-0.7600254139613064,-0.36968848978483915,0.0,0.0,0.0,0.0,0.0,1.0,0.0,0.0,Medium
1.160964368518731,1.0535058548365503,-1.525284044414138,0.8921284090235875,1.3853348853590397,-0.24017527022107782,0.023733950425098186,-1.6643352892893388,0.46945749051173974,0.0,0.0,0.0,1.0,0.0,0.0,0.0,0.0,Medium
0.8125428627447445,0.6315045229517473,-0.789720843949658,0.4028033442003405,0.8201012266096179,-0.28670470916997287,1.1591085779086372,-0.7478870263730109,0.7742593936687907,0.0,0.0,0.0,0.0,0.0,1.0,0.0,0.0,Low
-2.227605569989062,0.08353264423565972,0.5804459020135885,0.8988314921033577,-1.0640109692217867,1.1324431787713076,1.1591085779086372,-1.3244604368170583,-0.4261332866657743,0.0,0.0,0.0,0.0,0.0,0.0,1.0,0.0,Medium
0.27966291273747085,0.14651791765130195,0.3280467645993062,0.496646507317127,1.4938140723917563,1.3650903735157798,-0.06868026343984046,0.22318398069064826,1.5230936989558717,1.0,0.0,0.0,0.0,0.0,0.0,0.0,0.0,Low
-0.6562928968906899,0.5055339761204628,-0.37867082016068443,-1.2729674257422872,-1.994648205344571,-0.9070972284885646,0.3273806531241847,0.19890720551405644,-1.5098733867797394,0.0,1.0,0.0,0.0,0.0,0.0,0.0,0.0,Medium
0.7510567146669818,0.9086397259805734,-2.506034978366778,0.7647698305079474,-2.091708530584371,-0.581391155846304,1.0006842112830276,0.6905119028400333,-0.3659255033261095,0.0,1.0,0.0,0.0,0.0,0.0,0.0,0.0,Medium
-0.2737124199623911,1.1101926009106287,-1.0204857695855736,-1.6349339120498951,0.04932805558767973,0.023491550489323214,-0.10168533982017589,0.4173981821033793,-0.43365925958323226,0.0,0.0,1.0,0.0,0.0,0.0,0.0,0.0,Medium
0.7988792742830194,-2.0768622339208687,-0.1839629141553813,-0.5289252038877609,-0.7785394243988465,-2.341754929412809,0.9016689821420214,-0.01351457728111891,-1.4609545628162621,0.0,0.0,0.0,0.0,1.0,0.0,0.0,0.0,Medium
0.14985882235108322,-0.45184217979729874,0.5660230941613436,0.12797693792974896,1.019931307985676,-1.2638229270967551,-1.0390295090217023,1.3823999953728905,0.3151750457038474,1.0,0.0,0.0,0.0,0.0,0.0,0.0,0.0,Medium
1.7826576435272177,-0.653395054727354,1.6837907027103078,-0.8908916901953684,-1.7891086930720543,0.6206193503334684,0.7564466460685453,-0.4504965304597655,0.15336662797849854,0.0,1.0,0.0,0.0,0.0,0.0,0.0,0.0,Medium
0.9013561877459567,0.16541349967599533,1.1645696200294984,-0.8439701086369746,0.8600672428848297,-0.5969009688292685,-0.2865137675500546,-1.2819760802580231,0.02918807484044063,0.0,0.0,0.0,1.0,0.0,0.0,0.0,0.0,Medium
-0.5606477776586153,-0.5652156719454551,-0.9772173460288393,-2.519740878579602,1.2654368365334043,-1.2870876465712022,-1.1314437228866414,-0.025652964869414815,-1.8899350191113735,0.0,0.0,1.0,0.0,0.0,0.0,0.0,0.0,High
0.7920474800521573,0.14021939030973807,1.1213011964727646,-0.9981410194716966,1.4995235032882157,0.05451117645525327,-1.560509715831002,1.1760474063718627,0.8739785348251106,1.0,0.0,0.0,0.0,0.0,0.0,0.0,0.0,Low
0.7715520973595701,-0.17470697676847305,1.1862038318078651,0.2218201010465365,-1.5321843027314084,0.9230607035012826,-0.9136102187764278,-0.7600254139613064,-0.3057177199864447,0.0,1.0,0.0,0.0,0.0,0.0,0.0,0.0,Medium
-0.31470318534756564,-0.6722906367520466,-0.20559712593374813,-0.8573762747965158,0.5175013890973016,-0.1393614858318068,1.0336892876633632,0.8483109414878783,0.14019617537294815,0.0,0.0,1.0,0.0,0.0,0.0,0.0,0.0,Medium
-1.5649215295954004,-0.7226788554845606,-1.7704717779022978,-0.6897991978022531,0.043618624691220846,-1.4344308699093682,0.9610781196266246,0.20497639930820397,-1.622762980541611,0.0,0.0,0.0,0.0,0.0,1.0,0.0,0.0,Medium
-0.5469841891968901,-0.5967083086532762,0.2631441292642046,-0.8238608593976633,0.35192789309999606,-1.147499329724519,-0.2799127522739874,-0.13489845316407625,-0.9698848299521217,0.0,0.0,1.0,0.0,0.0,0.0,0.0,0.0,Medium
0.06787729158073319,-0.5463200899207621,-0.292133973047216,-0.8640793578762864,-1.1268147090828335,0.05451117645525327,-0.7551858521508178,-0.2562823290470336,-1.3951022997885034,0.0,1.0,0.0,0.0,0.0,0.0,0.0,0.0,Medium
0.0132229377338335,1.2550587297666056,-1.5180726404880156,-1.1925304287850413,0.03790919379476196,0.22511911926786635,2.063447670729828,1.5523374216090307,0.9793421556695243,0.0,0.0,0.0,0.0,0.0,1.0,0.0,0.0,Medium
0.06787729158073319,1.6644630069682802,1.3015862946258234,-0.441785123850744,-0.4816490177829887,0.20185439979341935,0.036935980977232545,-1.1848689795516572,0.33210848476812876,0.0,0.0,0.0,1.0,0.0,0.0,0.0,0.0,Medium
0.764720303128707,1.6203733155773303,-1.0781770009945522,-0.47530053924959653,-1.5093465791455731,0.1940994933019363,-0.2403066606175848,-0.1409676469582242,-0.3527550507205578,0.0,1.0,0.0,0.0,0.0,0.0,0.0,0.0,Medium
-1.5785851180571255,-0.7541714921923817,-1.092599808846797,-0.44848820693051455,-1.1496524326686686,-1.031175732352283,0.7762496918967464,-0.6568491194607929,-2.102543754029564,0.0,0.0,0.0,0.0,0.0,0.0,1.0,0.0,High
0.5802618588954197,-0.31327457828288613,-0.7320296125406794,-0.26080188069694044,-1.3209353595624327,1.938953453885477,0.5650172030625994,0.569128026957076,0.21733739777689295,0.0,1.0,0.0,0.0,0.0,0.0,0.0,0.0,Medium
0.42313059158558264,-0.14951286740221625,-0.003677816002322538,-0.6093622008450067,0.2605769987566556,0.31817799716565537,0.9280730432462891,1.6433753285212487,1.0451944186972817,0.0,0.0,1.0,0.0,0.0,0.0,0.0,0.0,Low
-0.9910508142029517,1.5132983507707385,1.9001328204939782,1.0664085690976204,1.8535082188686607,0.42674668804640836,-1.1776508298191113,-0.6265031504900536,1.4478339697812896,1.0,0.0,0.0,0.0,0.0,0.0,0.0,0.0,Low
-1.3258087315152134,-0.3258716329660143,-0.47241907120027476,-0.8707824409560565,-0.9269846277067755,-0.9070972284885646,0.9148710126941548,0.9272104608118005,-1.0093961877687767,0.0,0.0,0.0,0.0,0.0,0.0,1.0,0.0,Medium
0.9901695127471688,-0.8297538202911521,1.35206612210868,0.5770835042743734,-1.338063652251809,-0.4262930260166559,-0.477943210556,0.17463043033746506,-0.10816093090317032,0.0,1.0,0.0,0.0,0.0,0.0,0.0,0.0,Medium
1.495722285830993,-2.152444562019639,1.5611968359662276,-0.5088159546484491,-0.8527620260528108,-0.9226070414715295,0.5254111114061973,0.8725877166644693,-0.06488658662778553,0.0,0.0,0.0,0.0,1.0,0.0,0.0,0.0,Medium
-1.9748291834471496,-0.4707377618219917,-0.7176068046884346,1.8171538740319177,-1.6349540588676668,0.9773450489416596,-0.9202112340524949,0.7390654531932169,-0.8701656887958017,0.0,1.0,0.0,0.0,0.0,0.0,0.0,0.0,Medium
1.878302762759292,1.8093291358242571,0.5227546706046098,-1.085281099508713,-1.4294145465951498,-0.9924011998948711,-0.15449346202871286,0.4295365696916752,0.33398997799749425,0.0,1.0,0.0,0.0,0.0,0.0,0.0,0.0,Medium
0.04055011465728383,1.210969038375656,0.7318853844621573,0.37599101188125805,0.5574674053725134,1.3030511215839196,-1.1182416923345075,-1.7857191651722961,0.3716198425847826,0.0,0.0,0.0,1.0,0.0,0.0,0.0,0.0,Medium
0.10886805696590869,-1.9760857964558407,0.20545289785522602,-0.3412388776541863,0.6431088688193954,-0.05405751442550081,-0.2403066606175848,-1.4337059251117197,-1.1448637002830222,0.0,0.0,0.0,0.0,1.0,0.0,0.0,0.0,Medium
0.2523357358140205,0.8960426712974447,-0.09742606704191288,2.4003221019719523,-0.2818189364069306,-0.2634399896955248,-0.6033625008012745,-0.7903713829320457,0.5146133280164873,0.0,0.0,0.0,1.0,0.0,0.0,0.0,0.0,Medium
0.5665982704336955,-1.3777256990072397,0.06122481933277902,1.2943133938098181,0.04932805558767973,0.9463254229757295,-0.4647411800038656,1.5887525843739183,0.9116083994124016,0.0,0.0,0.0,0.0,1.0,0.0,0.0,0.0,Low
-1.2096682295905514,2.2187334130259315,-1.3666331580394462,-2.593474792457078,0.08358464096643262,0.7524527606886695,-1.3888833186532576,1.103217080842089,-0.7478686288871079,0.0,0.0,1.0,0.0,0.0,0.0,0.0,0.0,Medium
-0.7314426334301773,0.07093558955253199,-0.436362051569663,-0.964625604072844,-1.7605615385897604,0.48878593997826736,1.581573555576931,0.9575564297825399,-0.3489920642618295,0.0,1.0,0.0,0.0,0.0,0.0,0.0,0.0,Medium
0.293326501199196,1.066102909519679,0.6237143255703221,-0.6160652839247773,1.1398293568113105,0.2794034647082434,0.2283654239831784,0.6783735152517383,1.3838631999828979,0.0,0.0,1.0,0.0,0.0,0.0,0.0,0.0,Low
0.4094670031238575,-0.23769225018411527,0.508331862752365,-0.9042978563549091,1.887764804247414,0.12430533487859532,-0.002670110679169597,-0.3351818483709557,0.5861100707323383,0.0,0.0,1.0,0.0,0.0,0.0,0.0,0.0,Medium
-0.6699564853524151,0.9338338353468297,-1.1286568284774088,-0.5490344531270722,-0.1562114566848372,-0.9846462934033885,0.30757760729598366,-0.31090507319436433,-0.8174838783735948,0.0,0.0,0.0,0.0,0.0,1.0,0.0,0.0,Medium
-0.6904518680450024,-0.20619961347629417,0.21266430178134796,-0.18706796681946475,-0.1676303184777546,0.6206193503334684,0.6640324322036057,0.4234673758975277,0.2098114248594337,0.0,0.0,0.0,0.0,0.0,0.0,1.0,0.0,Medium
0.368476237738683,-1.3462330622994185,0.7679424040927691,-0.30772346225533376,-1.395157961216397,0.07002098943821829,-0.5769584396970063,-0.9542396153740383,-1.3631169148893063,0.0,1.0,0.0,0.0,0.0,0.0,0.0,0.0,Medium
-0.10291756419082895,-0.4707377618219917,2.368874075691931,0.2620385995251592,-0.5787093430227884,0.5120506594527154,-0.9004081882242934,-0.4322889490773216,0.0818698852626475,1.0,0.0,0.0,0.0,0.0,0.0,0.0,0.0,Medium
-0.6699564853524151,-0.17470697676847305,1.085244176842153,-1.0115471856312372,0.9742558608140057,0.6051095373505034,-0.9664183409849643,-0.46870411184220895,-0.23798396372932198,1.0,0.0,0.0,0.0,0.0,0.0,0.0,0.0,Medium
0.07470908581159626,-0.04243790259562474,-0.5373217065353758,1.6026552154792613,1.4938140723917563,0.3491976231315843,0.9280730432462891,0.8665185228703218,1.7846212578375404,0.0,0.0,0.0,0.0,0.0,1.0,0.0,0.0,Low
-1.1481820815127892,-1.2832477888837763,0.7390967883882803,-1.3668105888590747,0.35192789309999606,1.4891688773794978,-0.03567518705950503,0.945418042194244,-0.16272423455474133,0.0,0.0,1.0,0.0,0.0,0.0,0.0,0.0,Medium
-0.5196570122734402,0.4362501753632567,0.14055026252012445,0.4028033442003405,-0.5844187739192473,-0.39527340005072586,2.0766497012819625,-1.366944793376093,0.021662101922981365,0.0,0.0,0.0,1.0,0.0,0.0,0.0,0.0,Medium
-0.04826321034392829,0.7574750697830317,0.6237143255703221,0.7178482489495547,-2.0974179614808297,-0.9846462934033885,-1.1974538756473123,0.5934048021336678,-0.6368605283546004,0.0,1.0,0.0,0.0,0.0,0.0,0.0,0.0,Medium
0.16352241081280838,-1.2643522068590833,1.4674485849266372,-0.622768367004548,-0.30465665999276614,1.1091784592968597,0.11614816429003777,-1.1787997857575097,-0.36028102363801573,0.0,0.0,0.0,1.0,0.0,0.0,0.0,0.0,Medium
0.1908495877362587,-0.9746199491471295,0.8472678472801156,2.0316525325845745,-0.7899582861917643,1.0704039268394476,1.8192101055153458,2.3838169714072888,2.2625205380961306,0.0,1.0,0.0,0.0,0.0,0.0,0.0,0.0,Low
-0.7177790449684522,1.8912099912645919,-0.6238585536488442,2.1254956957013618,0.23202984427436155,1.2875413086009557,-1.0456305242977695,1.5462682278148832,1.7150060083510523,1.0,0.0,0.0,0.0,0.0,0.0,0.0,0.0,Medium
1.2771048704433934,2.2187334130259315,-0.6599155732794559,0.8787222428640463,0.7002031777839834,-0.15487129881477182,-0.3789279814149937,-1.7796499713781484,0.7780223801275217,0.0,0.0,0.0,1.0,0.0,0.0,0.0,0.0,Medium
-1.223331818052276,1.5195968781123033,-1.013274365659451,0.1681954364083726,-0.6814790991590467,0.9385705164842476,0.44619892809339207,1.946835018228642,0.7911928327330721,0.0,0.0,0.0,0.0,0.0,0.0,1.0,0.0,Medium
-0.09608576995996589,1.7904335537995646,-2.953142021786363,0.5837865873541445,-0.5444527576440356,0.5663350048930914,2.129457823490499,1.9164890492579028,1.3255369098725973,0.0,0.0,0.0,0.0,0.0,1.0,0.0,0.0,Medium
1.4342361377532304,1.1227896555937564,-0.13348308667252462,1.4819997200433923,-0.29323779819984835,-0.13160657934032483,0.24156745453531278,-1.2516301112872836,0.8307041905497285,0.0,0.0,0.0,1.0,0.0,0.0,0.0,0.0,Low
-2.022651743063187,-0.5211259805545053,-0.5228988986831314,-0.4551912900102852,-1.5607314572137023,-1.6127937192134632,-0.9268122493285617,0.5145052828097457,-2.484486879590562,0.0,0.0,0.0,0.0,0.0,0.0,1.0,0.0,High
-1.6400712661348877,0.8393559252233664,1.3953345456654138,-0.16695871758015293,-1.7891086930720543,0.31042309067417234,-0.4449381341756646,-0.36552781734169504,-0.7986689460799493,0.0,1.0,0.0,0.0,0.0,0.0,0.0,0.0,Medium
0.7237295377435324,-1.4910991911553955,-0.869046287137004,0.22852318412630662,-1.5264748718349497,-0.14711639232328877,0.9346740585223569,-1.7128888396425217,-1.515517866467833,0.0,0.0,0.0,1.0,0.0,0.0,0.0,0.0,Medium
-1.9679973892162874,0.31657815587353616,-0.6382813615010892,-0.12003713602175964,0.26628642965311405,0.5430702854186444,0.6904364933078745,-0.6629183132549409,-0.546548853345104,0.0,0.0,0.0,0.0,0.0,0.0,1.0,0.0,Medium
1.010664895439757,-1.9760857964558407,0.08285903111114587,0.8183944951461123,0.5688862671654303,-0.9691364804204241,-0.002670110679169597,0.2474607558672392,-0.04042717464604758,0.0,0.0,0.0,0.0,1.0,0.0,0.0,0.0,Medium
-0.05509500457479136,-1.667457956719194,-0.7752980360974137,-0.9512194379133029,-0.4074264161290244,-0.0773222338999478,0.4131938517130566,1.182116600166011,-0.8137208919148665,0.0,0.0,0.0,0.0,1.0,0.0,0.0,0.0,Medium
-0.7109472507375897,-1.0313066952212073,0.29920114889481636,1.0261900706189977,-0.6986073918484234,0.5120506594527154,1.2317197459453757,-1.4215675375234242,-0.41672582051895224,0.0,0.0,0.0,1.0,0.0,0.0,0.0,0.0,Medium
-1.1891728468979637,-1.7682343941842211,-0.9267375185459832,-1.1992335118648119,1.134119925914852,-0.15487129881477182,-0.002670110679169597,0.26566833724968264,-1.2709237466504457,0.0,0.0,0.0,0.0,1.0,0.0,0.0,0.0,Medium
-0.5333206007351654,-1.8753093589908132,0.032379203628289215,0.4095064272801106,0.9571275681246295,-1.1164797037585896,-0.1808975231329811,1.364192413990447,-0.2097615652888544,0.0,0.0,0.0,0.0,1.0,0.0,0.0,0.0,Medium
0.5119439165867948,-1.9382946324064554,-0.3642480123084395,-3.0224721095623903,-0.7728299935023877,0.062266082946735225,2.2614781290118406,0.8847261042527652,-0.8776916617132596,0.0,0.0,1.0,0.0,0.0,0.0,0.0,0.0,Medium
0.7373931262052577,-0.31327457828288613,-0.27771116519497163,0.8854253259438174,0.152097811723938,0.22511911926786635,2.2218720373554386,-0.9481704215798904,0.9116083994124016,0.0,0.0,0.0,1.0,0.0,0.0,0.0,0.0,Low
-0.4035165103487778,-1.0627993319290285,-0.5733787261659876,-0.441785123850744,1.4823952105988387,0.11655042838711226,0.036935980977232545,-0.9785163905506297,-0.5973491705379453,0.0,0.0,0.0,1.0,0.0,0.0,0.0,0.0,Medium
0.8603654223607822,1.4755071867213534,1.4674485849266372,-2.2985391369471757,1.6251309830103087,-0.02303788845957076,0.45940095864552644,-2.022417723144063,0.5616506587506004,0.0,0.0,1.0,0.0,0.0,0.0,0.0,0.0,Medium
1.3795817839063307,0.9905205814209082,-1.2079822716647546,1.4350781384849984,0.38618447847874937,1.1246882722798246,-1.7453381435608808,0.5509204455746326,1.0451944186972817,1.0,0.0,0.0,0.0,0.0,0.0,0.0,0.0,Low
-1.216500023821414,-0.6785891640936108,-0.436362051569663,-0.6696899485629412,-0.7614111317094703,-0.14711639232328877,0.24156745453531278,1.8011743671690936,-0.6236900757490487,0.0,0.0,0.0,0.0,0.0,0.0,1.0,0.0,Medium
-0.7587698103536272,0.4803398667542065,-0.6815497850578228,-0.2004741329790055,0.28341472234249065,-0.5348617168974095,-0.9730193562610314,0.1928380117199085,-0.6914238320061714,1.0,0.0,0.0,0.0,0.0,0.0,0.0,0.0,Medium
0.846701833899057,-0.09282612132813833,1.0563985611376632,-1.453950668896091,-0.2190151965458841,1.7373258851069349,0.6904364933078745,-0.17131361592896355,0.7084071306410334,0.0,0.0,1.0,0.0,0.0,0.0,0.0,0.0,Low
-0.57431136612034,0.12132380828504559,-0.8329892675063922,1.3881565569266057,-0.5044867413688242,-0.1781360182892188,-2.015979769879631,0.6237507711044071,-0.6744903929418914,1.0,0.0,0.0,0.0,0.0,0.0,0.0,0.0,Medium
0.20451317619798293,-2.5114606204888,-0.515687494757009,-1.2126396780243527,-1.2752599123907624,-1.2250483946393431,0.9610781196266246,0.05931574824865567,-1.9915356534970576,0.0,0.0,0.0,0.0,1.0,0.0,0.0,0.0,High
-1.4077902622855634,1.204670511034092,-0.21280852985987006,-0.23398954837785804,0.5403391126831364,0.3336878101486193,1.1789116237368382,0.7329962593990685,0.8419931499259133,0.0,0.0,0.0,0.0,0.0,0.0,1.0,0.0,Low
-1.612744089211438,1.4377160226719676,-0.4579962633480304,2.4003221019719523,-0.8356337333634345,0.5508251919101275,0.4131938517130566,0.44167495727997114,0.8156522447148099,0.0,0.0,0.0,0.0,0.0,0.0,1.0,0.0,Medium
0.5734300646645576,-0.43294659777260625,0.3424695724515511,0.9055345751831287,-0.6986073918484234,0.5508251919101275,1.5947755861290653,2.0439421189350084,1.7037170489748648,0.0,1.0,0.0,0.0,0.0,0.0,0.0,0.0,Low
0.3001582954300581,1.1101926009106287,-0.3642480123084395,0.2620385995251592,0.5175013890973016,-1.403411243943438,0.7036385238600088,-0.9299628401974469,0.16841857381341438,0.0,0.0,0.0,1.0,0.0,0.0,0.0,0.0,Medium
1.154132574287869,0.10872675360191697,1.0275529454331744,0.7915821628270299,-0.4074264161290244,-0.953626667437459,-0.6627716382858783,-0.025652964869414815,0.34716043060304463,1.0,0.0,0.0,0.0,0.0,0.0,0.0,0.0,Low
-0.8065923699696649,-0.7793656015586385,-0.14790589452476954,-0.535628286967531,0.3005430150318669,-0.4805773714570324,-1.091837631230239,2.3838169714072888,-0.292547267380893,1.0,0.0,0.0,0.0,0.0,0.0,0.0,0.0,Medium
0.5051121223559327,-0.4140510157479133,-0.6959725929100677,-0.1602556345003828,0.38047504758229006,0.18634458681045432,-1.9433686018428933,0.9575564297825399,-0.3715699830142033,1.0,0.0,0.0,0.0,0.0,0.0,0.0,0.0,Medium
0.2659993242757457,1.0849984915443716,1.2943748906997006,0.3290694303228643,0.848648381091912,0.6904135087568105,0.036935980977232545,-0.8389249332852289,1.280381072367847,0.0,0.0,0.0,1.0,0.0,0.0,0.0,0.0,Low
0.22500855889057114,-0.4392451251141706,-0.7969322478757805,-0.9847348533121554,-0.1619208875812961,0.6206193503334684,1.9710334568648886,-1.5065362506414943,-0.45247419187687776,0.0,0.0,0.0,1.0,0.0,0.0,0.0,0.0,Medium
0.0132229377338335,-0.8675449843405375,1.1789924278817432,-1.4070290873376974,-0.4416830015077773,-0.5271068104059269,0.4527999433694588,0.04717736066035976,-0.5917046908498529,0.0,0.0,1.0,0.0,0.0,0.0,0.0,0.0,Medium
0.34114906081523266,1.9290011553139776,-1.1070226166990418,-0.05970938830382515,-0.1276643022025432,-0.5038420909314799,-0.39873102724319476,1.9286274368461986,0.8551636025314664,0.0,0.0,0.0,0.0,0.0,1.0,0.0,0.0,Medium
-0.6494611026598274,-0.2628863595503721,-2.5565148058496336,-2.5532562939784547,-0.5044867413688242,-0.15487129881477182,-0.7881909285311532,-0.7721638015496023,-2.8871264306745705,0.0,0.0,1.0,0.0,0.0,0.0,0.0,0.0,High
0.0063911435029714025,-0.36996132435696405,-1.943545472129234,0.2352262672060777,0.09500350275934998,0.9385705164842476,-0.08188229399197482,-0.19559039110555493,-0.46752613771179363,0.0,0.0,0.0,0.0,0.0,1.0,0.0,0.0,Medium
0.3616444435078209,-0.31957310562445,0.28477834104257144,0.9524561567415225,-0.3788792616467304,-0.29445961566145484,-2.6166721600017357,-1.457982700288311,-1.3104351044671008,1.0,0.0,0.0,0.0,0.0,0.0,0.0,0.0,Medium
0.6007572415880079,-1.2580536795175195,0.6814055569793007,1.354641141527753,0.43756935654687806,-0.821793257082258,-0.63636757718161,2.3838169714072888,1.062127857761563,0.0,0.0,0.0,0.0,1.0,0.0,0.0,0.0,Low
-0.15074012380686558,1.3054469484991194,-0.595012937944355,-0.8439701086369746,-0.1961774729600486,-0.12385167284884177,-0.9994234173652997,-0.09848329039918896,-0.5672452788681136,1.0,0.0,0.0,0.0,0.0,0.0,0.0,0.0,Medium
-1.3667994969003885,-0.23769225018411527,-0.1839629141553813,0.06764919021181494,1.448138625220086,-0.18589092478070077,1.0270882723872954,1.036455949106462,0.7121701170997617,0.0,0.0,0.0,0.0,0.0,0.0,1.0,0.0,Low
0.03371832042642076,-1.528890355204781,-0.1623287023770134,1.1468455660548666,-0.2190151965458841,-0.7675089116418815,0.868663905761686,1.0303867553123145,0.17594454673087365,0.0,0.0,0.0,0.0,1.0,0.0,0.0,0.0,Medium
-0.9978826084338143,0.9527294173715232,-0.09021466311578992,2.4003221019719523,0.20348268979206754,0.3569525296230674,-0.029074171783438317,0.44774415107411863,1.1806619312115296,0.0,0.0,0.0,0.0,0.0,0.0,1.0,0.0,Low
-0.7246108391993148,0.7700721244661604,-0.12627168274640166,-1.2126396780243527,-0.01918511516982606,-0.10058695337439479,-0.11488737037231025,-0.553672824960279,-0.7234092169053686,0.0,0.0,1.0,0.0,0.0,0.0,0.0,0.0,Medium
0.8945243935150946,0.058338534869403366,-0.19117431808150323,-1.2394520103434346,1.5623272431492623,0.10104061540414724,1.1723106084607715,0.29601430622042196,1.0395499390091905,0.0,0.0,1.0,0.0,0.0,0.0,0.0,0.0,Low
0.846701833899057,-0.3258716329660143,-1.1791366559602654,0.1614923533286015,0.7630069176450299,0.8377567320949755,-1.2634640284079832,0.04717736066035976,-0.021612242352400748,1.0,0.0,0.0,0.0,0.0,0.0,0.0,0.0,Medium
0.42313059158558264,-0.47703628916355556,-1.157502444181898,-0.6830961147224824,-0.013475684273367174,-0.15487129881477182,0.4197948669891233,-0.5293960497836876,-0.75727609503393,0.0,0.0,0.0,0.0,0.0,1.0,0.0,0.0,Medium
0.0132229377338335,0.014248843478453628,-1.878642836794133,-2.3253514692662574,0.9228709827458762,-1.5507544672816043,-0.20070056896118219,-2.125594017644577,-2.403582670727888,0.0,0.0,0.0,1.0,0.0,0.0,0.0,0.0,High
0.21134497042884598,0.5748177768776698,1.07803277291603,0.10116460561066748,-0.23043405833880148,-0.04630260793401775,-0.4449381341756646,-2.362292575616343,-0.5089189887578129,0.0,0.0,0.0,1.0,0.0,0.0,0.0,0.0,Medium
-1.4351174392090134,0.22210024575007278,-1.0060629617333285,-1.3735136719388448,0.04932805558767973,0.4810310334867854,0.4990070503019286,-0.6265031504900536,-1.120404288301283,0.0,0.0,0.0,0.0,0.0,0.0,1.0,0.0,Medium
